a1,a2,a3,a4,a13,a14,a23,a24,a41,a42,a31,a32,b1,b2,b3,b4,b13,b14,b23,b24,b31,b32,b41,b42,c1,c2,c3,c4,c13,c14,c23,c24,c31,c32,c41,c42,d1,d2,d3,d4,d13,d14,d23,d24,d31,d32,d41,d42,e1,e2,e3,e4,e13,e14,e23,e24,e31,e32,e41,e42,f1,f2,f3,f4,f31,f41,f42,f32,f13,f23,f24,f14
-1.321617073129017,-2.0352772934091172,2.6256158406155885,-0.48544665429526446,2.61013051287801,-0.3456981094207241,2.549131615435627,-0.5030443556279387,-1.0490395322250656,-2.0703773305006337,-1.063011653435005,-2.125237996038633,-3.6614187843458854,-2.0731104464631454,-0.5254738126599068,-0.8449528180998898,-1.1967995672647203,1.452771036548002,-0.6559254117012736,-0.2632094481851308,-2.593365533249561,-1.17495274334273,-3.002060386026616,-1.7884461358385788,0.11210339845223705,-0.4226186509697065,1.705359752808458,3.6062451358173924,2.5987216821093746,4.137801398601164,2.1657315209419865,3.853301017759831,1.5025166739651417,0.057290924519240116,0.578555711674164,0.32442357187555193,-1.3633963985745738,-0.2465424744488358,3.695901154268074,5.1115263186796485,3.7083340302331065,4.8276298305005145,3.968227919634135,5.159051038455733,-1.8569137097059885,0.27099356643039774,-1.057081691092163,-0.00526998496651454,2.164077727172116,-2.080146125335757,1.5981117338808615,-0.16627125932726283,2.0296086236659905,3.4726781237495796,2.29235214610444,4.5698304243302275,3.010530226960782,1.7688838751726357,2.488974362022234,1.2057225833751677,-2.027594271078396,1.2247972489417378,0.7431871119466893,-0.6876271793204283,-0.7924357102382646,-1.425900924833458,1.2479799938165412,1.694214911667088,0.49779786149244765,0.31961265015169205,2.3115500630546366,-0.27146691676246903
-1.4337678033437151,-2.0070974990776467,2.5311319075580334,-0.5375417826029478,2.521469230223005,-0.3764394413374319,2.465578488737366,-0.5492562345012626,-1.1368081380653283,-2.053247754831345,-1.1728589103175384,-2.0901906427319332,-3.3961645123572204,-2.0884822955525486,-0.23012860996327156,-0.8142095607028237,-1.3877206718006003,1.5860654609729057,-0.4849795243799857,-0.2747835385828674,-2.3964099224099575,-1.1003425935852569,-2.877256277609635,-1.6378343641125421,0.3454215813820527,-0.29290891494934534,1.6742666961446453,3.843206873356536,2.6435803611489437,4.344771665573223,2.1928066359169263,4.049406491720829,1.6336961586470355,0.3280158549025023,0.759967342657637,0.6549453438487021,-1.2430561418672328,0.03202844835543761,3.777890888621908,4.926319273772073,3.807224101911814,4.653207657075484,4.060296249383658,4.989427864135115,-1.656032463334951,0.567275685917453,-0.9219355921342363,0.24816427033983857,2.0997883931668095,-1.8422592839820107,1.5789723833253753,-0.1817097543032924,2.2417095698356926,3.588396215417763,2.408560859833398,4.42430061900723,3.1258709417759327,2.12165589437869,2.5441728919253723,1.2970773581329276,-2.041137352677261,1.2923302984595395,0.8476155554087512,-0.695772089020414,-0.7654402964687597,-1.366115606541626,1.1617778687421385,1.7985986110507763,0.6031220398134938,0.43251209914405564,2.1918014309103615,-0.29252695892424185
-1.18159992413534,-1.5639068851016282,2.5053543175891795,-0.47279750369343354,2.5080758460525585,-0.32957727614623256,2.4647354387219327,-0.47626763096968316,-0.9232677684034414,-1.524026019561758,-0.944980896699481,-1.5841030617430767,-3.2630590877894754,-1.864377521519812,-0.3170395655709157,-0.6544133648081454,-1.3349082527085425,2.1266396122555884,-0.471027522243483,-0.21753433133666,-2.059227644931885,-1.0261494879127322,-2.64029235918622,-1.471466463674365,0.23876103101024526,-0.3659514769812766,2.0607075947553417,3.7057091064039875,3.032407423920743,4.263782545315887,2.6080355288237573,3.9752883513531225,1.5693689203247887,0.3495795530433883,0.5265068669048079,0.5452199919514049,-1.0527907599953101,0.22377481960647128,3.3896476009231966,5.0245618671638335,3.304474370699264,4.730289550514057,3.6243102929995947,5.115043731696221,-1.5508350384147058,0.7459769045377618,-0.749050116448954,0.460719077598422,2.3425005117534825,-1.9151345752207316,1.5321446506769538,-0.21081944275784803,2.1490979737635074,3.193698647902612,2.077018112079993,4.286604426108551,3.309623995586348,1.594739183644288,2.555408763768064,1.2377459767341534,-2.111467810305874,1.150693899812846,0.39581746953597996,-0.676926793764403,-0.8756215269507357,-1.6368546513165132,1.1301829659064158,1.7435286413241213,0.27194855442448596,0.2064693451042272,2.178380704872329,-0.2472432420656112
-1.493803160377313,-1.9212822459108798,2.4561877920895414,-0.4115115612654554,2.433733136709911,-0.24555101222334574,2.3870384666288107,-0.4131515082047166,-1.216630994620858,-1.9614577440386949,-1.2498413806786823,-2.0006021525437,-2.8753767070152527,-1.9791447691182866,-0.3090823329832091,-0.8577007986941965,-1.0738210974733047,1.254033338406944,-0.4843517035603089,-0.3532666947817935,-1.819673559993305,-1.0031345494322181,-2.3892270126218333,-1.5809116379180015,0.519150463914813,-0.10598784856549681,1.8802433981235716,3.7211878761436123,2.8452270507425217,4.293372785017865,2.414272092376617,3.9723121197463067,1.381841603260768,0.4387878938117167,0.7562585523591379,0.7971741404551684,-1.2895748254509325,0.1198527316354836,3.7159889213363053,4.768336664894895,3.693271486536827,4.4692378035235505,3.9804478215692845,4.818539735550668,-1.6572917704522494,0.6090920515849225,-0.9689448627913482,0.35299256148232505,2.1016057406386626,-1.6296784561769746,1.6198240765229839,-0.0009088020743446279,2.257633515723298,3.452564181559823,2.4256920571616343,4.285292981560114,3.006063688276785,1.8997450467060455,2.466341858166788,1.156677017589578,-2.049455056909036,1.621484422851534,0.7051113144117895,-0.5532167203396261,-0.7586454549554622,-1.364207426018381,1.4832123324291988,2.226003299855864,0.5343174610281727,0.35440063793549026,2.18027301240347,-0.19087688938545444
-1.668488709826505,-1.5342286741924793,2.3539544071741174,-0.2916163177068949,2.313496611759443,-0.12026533126746575,2.2607492247453154,-0.3080899879602583,-1.3878659726992302,-1.6493360054789448,-1.460774626035489,-1.6735891571027564,-3.0700025182814685,-2.010948986152773,-0.19910880819647314,-0.8233852964416108,-1.109974540266836,1.750995674951315,-0.35485442074825624,-0.3286954507714457,-2.0386614010224204,-1.201722165900819,-2.6909653246860854,-1.6564560424702193,0.49241724698446543,0.06294154496646787,1.8596666122322523,3.670020319934875,2.905609432656414,4.139295703372382,2.446929478370947,3.8373468105528312,1.7185075098333202,0.4302127417908421,0.9651876695727362,0.9402614350053708,-1.2769485056301528,-0.06714402069279402,3.5222953858605672,5.260155104990244,3.5452926298867515,4.953141731902627,3.756762985014496,5.260512719734284,-1.68499708877036,0.3785838560213515,-0.9892542852956625,0.05706584163560002,2.3884122588574295,-1.771106033341205,1.74143914099096,-0.05362335543536911,2.2057028246292214,3.669926557965863,2.510162814845417,4.5502291907210415,3.226787264439708,2.104497263089148,2.7782915240030883,1.4491600482380695,-1.8331096802345797,1.6441037109571122,0.7458884015839624,-0.32976144152869846,-0.8231554133019365,-1.1163430059671082,1.6692670488761152,2.2059159996796636,0.547670384448872,0.42506802172916114,2.276148600693528,-0.1180043529215764
-1.3018590186179821,-2.0620364036961925,2.484564654196955,-0.4523152682864735,2.467294699564701,-0.305537030040111,2.4151651954282576,-0.4740235882582686,-1.0158341309779795,-2.1159122215188724,-1.0557012242177466,-2.1498839416234503,-3.1914949738380987,-1.9591272424170878,-0.20220106428040285,-0.8132844944036224,-1.450300415457194,1.4811975459849718,-0.43793731314469664,-0.30577916693703955,-2.225022631286622,-1.0296598655718396,-2.7159813662199257,-1.5722716484091293,0.34073600156083117,-0.10639573899319021,1.8200608157155838,3.851407185059469,2.765314741432401,4.369933496955295,2.3328763026822763,4.077250894085572,1.5218629268695958,0.5463003445632264,0.7212124867547685,0.8712379732231987,-1.2801950344912267,0.08234336339877846,3.8320171068191486,4.962498155611169,3.84461689291516,4.650835495095529,4.107119881846818,4.980790396289687,-1.7288307952527697,0.5930894527976536,-0.9874664554864712,0.2629037442502078,2.148835209897883,-1.8781301859975699,1.6532234877557919,-0.1256467812230646,2.2017159919488813,3.5696130757731064,2.441321588243235,4.450955480802681,3.026982873084507,1.9837510148604487,2.5264481081182018,1.2654247220680777,-1.8490124938776002,1.3847970701512464,0.7133438066793589,-0.5992806642580044,-0.6579869255965303,-1.220120164387576,1.3085597032661793,1.922596583009569,0.5488958998499482,0.38856076806743634,2.214904540859605,-0.2525588106977512
-0.8073426063172335,-2.8027693494967347,2.7361089170602257,-0.5284519472182705,2.7687175110238016,-0.36011263912342795,2.705968058397694,-0.5118069466251844,-0.504499634407475,-2.8362054233153424,-0.5841440785028995,-2.8134468874832463,-4.180040380535711,-1.3481054589032158,-1.0823397802777834,-0.6895956330201916,-1.3350883176298596,2.395019620121105,-1.1229107116542498,-0.1547923622470071,-3.1361882075665184,-0.43454818784631444,-3.5933778909384477,-1.0062742720986129,0.30521086502648753,-0.4156035542869949,1.637080264981301,4.347445971210078,2.64307890460711,4.981411038640772,2.1345438508613217,4.63031593962554,1.3187764628424734,0.09706112042474668,0.5054080266680057,0.717536457366613,-0.9975515875773189,0.15177422713259858,3.6769493515399034,4.750818901838244,3.6700186036395985,4.606630211432876,3.9251514657934,4.88254513036288,-1.197990375742882,0.5794166653939303,-0.6590337979027119,0.23937100519236942,2.9078741039991796,-1.728279914654598,2.4852581236923905,0.03071841696233868,2.8994511743389664,3.5538471971280536,3.124700188713435,4.265085154008524,3.519044455887504,1.9106289533368388,3.37075072439141,1.026278118668004,-1.5677766975636214,1.5384790626631117,1.2930677669892816,-1.3552221421355615,-0.18358242128204783,-0.9616440059657836,1.1957932040537944,1.5187642287396725,1.2876568531208106,1.1967001737469136,1.3568884437253779,-0.8955997873005441
-2.0318475758552457,-1.0851032050795544,2.067431523965551,-0.13374716406119225,2.1224184361863117,-0.0071426887606822476,2.080116692534954,-0.14842996048182,-1.7930824301959398,-1.1428962021129347,-1.7854745827464806,-1.1494406847352043,-2.4463472931105463,-3.3357241427715527,-0.2378353668756743,-1.2649958665575782,-1.1386233561750605,2.767443002489074,-0.5268211574483379,-0.8487893829784339,-1.6051377725835667,-2.5413519760264687,-2.010317144319791,-2.9263825595594133,0.4113694270238386,-0.7237645840017519,2.508588988067702,3.0762656310854464,3.6175027317708857,3.60079693960399,3.24831937393159,3.2296750015339404,1.781202055489386,-0.17541914530976976,0.9810778939213809,0.0053796364782616735,-1.2924852307299677,0.5304334053494251,3.946306823178536,4.216635156830408,3.916061116423654,4.1116673969005815,4.173541163309412,4.378823152328042,-1.6999542197344717,0.9393607070712608,-0.9312033863178755,0.5412378699292275,2.5119294532409766,-1.7051185694745463,2.4658151642271378,-0.48303643499701954,2.8785681169567185,3.250899669746678,3.060806685709805,3.916953187707268,3.250797326018815,2.3969290646424977,3.0049333463589925,1.4262873296847989,-1.9940397737371476,1.3221481743169425,0.8831182796650374,-0.6247971569724733,-1.2638159634065063,-1.7048177998727896,1.6142473652181657,2.3134938728047594,0.7405695195000526,0.6040207447668013,1.9121042516622424,-0.4950739343853998
-1.3451997901330608,-2.0391937768460533,2.5266431426992266,-0.5259735291598719,2.5072943650284873,-0.37581243914437046,2.460998544913611,-0.5408250847508551,-1.081298836889991,-2.120348756031891,-1.107416269567059,-2.140036962682867,-3.242251591446538,-1.924999284563183,-0.1941654464254663,-0.7660529897102268,-1.4198034353635332,1.9006987813907337,-0.4714272881498953,-0.3283572413816618,-2.296967408803501,-1.0214502463349762,-2.766412303604117,-1.4596388422343942,0.4131563667544995,-0.14789004852381726,1.9022986543583933,3.9920995918199242,2.848949607821943,4.459415558232315,2.43804303889676,4.1692269850966,1.5457900455801408,0.4437713953178486,0.7649331239601054,0.757634056245923,-1.0861742344322174,0.19497341963901071,3.7991452640511447,5.10771586537261,3.788333966597527,4.816173394232727,4.0292306719222815,5.121896040381262,-1.5490204262714444,0.7049689642763752,-0.7861619385054701,0.39400339738903156,2.115941598292199,-1.7804176243568355,1.6852444817544026,-0.018013832950819264,2.279862896353884,3.708859335435335,2.501907207720442,4.550583328299485,3.045356533218963,2.094091989042129,2.547795148252975,1.360109395886564,-1.8307672269333648,1.297943376058381,0.7773836482304608,-0.5819053326374828,-0.7374104762615135,-1.1949141782594905,1.2205342420504994,1.8400057142379245,0.5010148732515933,0.3647442900751843,2.174236789613178,-0.3208083471457863
-1.550013560483626,-1.898769485976818,2.409437966612405,-0.3580384902822251,2.3969526205927085,-0.20174078702801612,2.3425079994351226,-0.37535548570818467,-1.2599649498587895,-1.931934067167866,-1.309750284050093,-1.9742792544116474,-3.1350765592172842,-2.1461350439627123,-0.3269151710371059,-0.8764284605872197,-1.2195736079646204,1.6538282215427937,-0.5069497504348668,-0.3834656049750702,-2.1185436182796265,-1.2064243974027402,-2.6243859275550916,-1.699254795426198,0.4449527638738697,-0.2998665392410853,1.773261811341552,3.7909247144261027,2.7949060515946904,4.333742507653335,2.357029790732115,4.026300991368656,1.5950211480646175,0.38283324388379025,0.8093773116073484,0.6668847771366408,-1.2127758164562583,0.05393828561899028,3.7139263941116614,4.928752220979684,3.733005825111233,4.636040709401625,3.98569683827424,4.961141634546882,-1.6484039390390404,0.5384088904837503,-0.9034188883352465,0.22209455060573724,2.239222465456482,-1.6969084128235696,1.7644884074096163,-0.11036115497539001,2.2834356113838084,3.475301112226118,2.5298084831008545,4.38839004152438,3.112070116373703,2.053761609034404,2.6763068250031328,1.3403374746663435,-1.9544250745343676,1.4540724364794215,0.6598254283320824,-0.5660986218608617,-0.8315475910092398,-1.345845026683255,1.3069737553337966,2.0244369591693534,0.4834422752232763,0.35018386037681637,2.1865985096345124,-0.24576365429216818
-1.3841455441598205,-1.9927344954308301,2.676863371044252,-0.5912025937433718,2.661200689392725,-0.4463485850518749,2.6034893866059683,-0.6113581337589689,-1.1138989477361978,-2.0497358828318957,-1.1340281164032278,-2.0869618834539736,-3.277199941374959,-2.1051606260497273,-0.2727543728989339,-0.6726216525714985,-1.1421158259415547,1.681637711811252,-0.5838529133098369,-0.16832036957374097,-2.3243738102807083,-1.2510076727992767,-2.7803150269283328,-1.7743853988946237,0.3445676037525285,-0.4426972159106688,1.5825591632031095,3.810994593855468,2.4773516035918384,4.362655143563307,2.0465339647810623,4.070183087045235,1.5782367894201688,0.23249982531893565,0.6991839373994377,0.49715871496813513,-1.0243403678076755,0.2705082318725225,3.5137559643884817,4.5404634140432485,3.521704660764817,4.312258530716868,3.7658000836250967,4.636505378305369,-1.6000480218581528,0.7920322176291741,-0.7606226132057623,0.4608691899506461,2.3499873881371958,-2.055719285521283,2.0758311180741034,-0.3868479666809468,2.522951410300431,3.429288424631933,2.799235195308345,4.2396391790917445,3.179989558456958,1.9248409725740094,2.80003059544776,0.9006610640440122,-2.099190404732567,1.3511414249011455,0.9015104770215308,-0.6969759854212936,-0.9853586850608242,-1.5399391102014803,1.3254239089180686,2.0304517531882684,0.6172245459830572,0.44733427609324394,2.0955810074208117,-0.4684640061942478
-1.4720110787417031,-1.9483941090282002,2.5928851176896943,-0.49625359221693,2.5938872518863008,-0.298719642598853,2.5098398026088757,-0.4911703512572574,-1.1847148492059847,-1.943792209333115,-1.2845768105171982,-2.0071845254041927,-3.507290038420599,-2.2332217125185134,-0.46363944518195055,-1.132853711091503,-1.2820141638168614,2.957746875291277,-0.5943292680227659,-0.6678429687481735,-2.3382981987344555,-1.3508874754825015,-2.7929047852992674,-1.5914781498327568,0.022206700125070533,-0.1028171534518556,2.276997655467828,3.9330196173172274,3.1087815797312066,4.478193019710683,2.677821097014987,4.165952097088566,1.5584599399655001,0.6352800567231114,0.6068440762254661,1.1240465152976338,-1.5146540924621408,0.2878829348196188,4.003025545079302,4.872715536353078,4.012656828024628,4.914985500441241,4.114851063957646,5.126937097850939,-1.777717587913238,0.7539852086423022,-1.203423125971777,0.46263184053568107,2.304917193640666,-2.266182799010537,2.4777632799450755,-0.4510409018842694,2.890462298231915,3.559033463714375,3.1956799884966776,4.485396301679329,3.071194846452597,1.9101212476575258,2.896445423941172,1.2799605597239463,-1.6419045670795223,1.2911659527419106,0.7739277142918786,-1.1975689909978673,-0.8470212855988937,-1.3519518534812147,1.2192795778554553,1.8034055641912605,0.5917743532777555,0.5343106549405925,1.4380692433760531,-1.0942941205342773
-1.2550384933325605,-2.1955141246346863,2.6182177138554126,-0.6365962673476409,2.6116453564560533,-0.48168405330753394,2.563163018816251,-0.6475262509370632,-1.0076443022363497,-2.2895290268723247,-1.0095419684268383,-2.304372172588296,-3.3067533287635102,-1.7739146316646779,-0.2181801670666328,-0.7229715952485494,-1.542654860729563,1.8566141082452043,-0.5314077291839432,-0.27058125303920555,-2.335568232352619,-0.8723208513755347,-2.868708274390224,-1.3304850878901648,0.3866625186790298,0.010270684528124185,1.7810712589187965,4.016931080059012,2.7838728130997525,4.478705681723928,2.3345324382822517,4.173134460063491,1.459930043507213,0.5315682006398763,0.6996847504425245,0.943682640216803,-1.1667651231139313,0.13273499835053482,3.6455639685867025,4.8581514236183585,3.696458813821363,4.595261728963314,3.9358257065353266,4.923077108111271,-1.6351144538514397,0.7380484300692345,-0.8722745097659468,0.39167408342811516,2.1090103905035456,-1.9158208124786125,1.7193827783518936,-0.0818858923428607,2.3572441449155663,3.688853770867934,2.5736863130385403,4.576152757656957,3.1416105435020105,2.0365085303487485,2.620342233398235,1.2852697144444978,-1.835195365795494,1.1693157732623796,0.8694326538056272,-0.708831001377523,-0.6477635543082663,-1.1723310339275188,1.1485608734127712,1.7840227573131688,0.6251960034962751,0.45510412875307704,2.146330781849594,-0.36321916043933733
-1.478152558773091,-1.942516407966702,2.4498812244741686,-0.450824869871016,2.433223795612043,-0.2907280346602983,2.3802067855883102,-0.46373109853669714,-1.1932721383798128,-1.987414745040276,-1.2338401948340043,-2.0289200484138252,-3.23353577832223,-2.1410172835630243,-0.28071979088708154,-0.8419256235530028,-1.3287264960266763,1.7174276688100392,-0.5031803781649202,-0.35681478507668096,-2.2588843208365033,-1.206378820386218,-2.698453050241136,-1.6824386177138195,0.4230800737007385,-0.3245768015246009,1.8618490621475505,3.820782297637251,2.8684006939089652,4.335571252712128,2.4407394439526726,4.029870592347617,1.6073540560503528,0.3810474886161277,0.7853029518928576,0.628207826414835,-1.1858649271926192,0.0706722619465463,3.7859356436341223,4.94414286565501,3.8130982724553064,4.642168191633052,4.063047236244451,4.963448225482281,-1.6455757103321984,0.5652950078170189,-0.878441680938491,0.2589698360229029,2.103358908185095,-1.7587724749782128,1.6188258646822433,-0.052269445673141846,2.1974476816290434,3.582679739271372,2.4343569098569517,4.500439081775525,3.035517815945739,2.0493795297091832,2.5555359184051776,1.3791838339514868,-1.9652986616910773,1.3721077992675692,0.7099920413119207,-0.6492492565289698,-0.810917610207619,-1.3124958237864055,1.2522005161601735,1.902202687830595,0.5007190561632342,0.37767098268306043,2.1597199448132516,-0.32406015558671886
-1.3967832439057175,-2.031333970439078,2.4817904157990434,-0.4595312310542621,2.4656965046117456,-0.29355318016226484,2.4099615179456855,-0.47064442842920595,-1.1166429645382046,-2.0786374843311606,-1.1660644841606849,-2.1247220120584522,-3.4100902998511544,-2.0311090012933652,-0.37147043697779925,-0.8236440448484577,-1.336557632121687,1.9165138349217203,-0.5402961971841265,-0.35490226417792936,-2.3879217049106902,-1.1009410958974715,-2.8357292963276883,-1.5623689978305402,0.43785273171450534,-0.26402978939661725,1.9235821243836728,3.8825589093509407,2.950048040131641,4.399552145202701,2.5219203166901805,4.088250859227495,1.4915779878471582,0.3246157316903435,0.7352081063750155,0.6441442895921519,-1.179382696953022,0.015657171486399335,3.703239835375218,4.994493371631689,3.725216798539927,4.696112186707294,3.9752144160531557,5.015630795284615,-1.649794563529364,0.5032924870965649,-0.8706329044232781,0.22593823122913825,2.096373825680777,-1.7030699795919162,1.596608335173908,0.004044749375660572,2.1639619798705487,3.5274646964535483,2.415430392681115,4.5621186051864555,3.0219966048135447,1.980159580841347,2.5597159345356895,1.4757984839881173,-1.9472316149792275,1.3444800201679046,0.6748767693407078,-0.7185886354129885,-0.813938138248349,-1.2688521684214766,1.2297731490241528,1.7920027842170017,0.48380270022846794,0.39672221062581947,2.105524757893672,-0.40685515416278495
-1.6144278510682697,-1.61921249240562,2.543580282431617,-0.4598585526877752,2.5339903450573527,-0.3127393623494066,2.4826165372023716,-0.47553787851475127,-1.362532257922744,-1.6620424994828698,-1.3610054398251417,-1.7048210415086684,-2.891957761268375,-2.770746112066171,-0.04430282430001675,-0.8353901707754394,-1.1662241506964115,1.375181980244232,-0.3383058871614413,-0.3920400665624406,-1.980655675834849,-1.9010232724819316,-2.36824337603007,-2.4618192895433824,0.3903190327975832,-0.5375430323279171,1.915658586680557,3.6799314049031793,2.8175101194171708,4.117724908023682,2.435299963135596,3.8188612043284413,1.6883062066081802,0.12380993805786478,0.7955351963813024,0.37470922729267464,-1.0670154027551981,0.10645181158173855,3.6685165346162574,4.645718199773228,3.707233706649026,4.381860795648009,3.9751772597685857,4.709079432590769,-1.6171665821761518,0.6473980152832297,-0.7427729753370991,0.3107228066868757,1.9603863046205596,-1.854640815343234,1.8305114041863675,-0.31690007659985486,2.3696397607212614,3.4500373681065515,2.8083207757975925,4.167317000644978,2.8555360702762087,2.096462316092845,2.5850172229164157,1.1298378987858193,-2.145297150700631,1.4657699033267537,0.5501317291219934,-0.5323238492414522,-1.1942121626321662,-1.5226824411776962,1.4331240888947487,2.1859319334660956,0.34318450230649233,0.2817570757998231,2.4193827777497035,-0.1232049331933931
-1.4621760523265026,-1.9863435149698772,2.4602987253049466,-0.42056121497352095,2.442627179592841,-0.2658160980707249,2.3853913721978683,-0.440559788987549,-1.1681531861143748,-2.0316758795876773,-1.225044095768089,-2.0852764755006143,-3.287961569876249,-2.137155255829982,-0.330335108072199,-0.8664653626630128,-1.2896151326998142,1.7915286977979665,-0.5638025877519932,-0.35408504677352415,-2.333305791807842,-1.2144943899334146,-2.7313187785305972,-1.688316557790698,0.3981453844490854,-0.46754400495135506,1.7730096086512708,3.736239282404761,2.74454593701902,4.254332415297081,2.3140908064182772,3.950721949894974,1.657653620899203,0.27793963650110154,0.8219236250776882,0.48840535180489386,-1.157084949008718,0.00045470578294803943,3.6913960146680873,4.853908698373531,3.728852303369073,4.569334893048942,3.9738791057855165,4.885301537865458,-1.6438101238943084,0.47575653682530916,-0.8574406327230042,0.13474286702078775,2.097582976628938,-1.7843350753350813,1.630841971474049,-0.08626631119667216,2.192650077179078,3.5843521820918145,2.433386947886972,4.461658588841492,3.016603072722015,2.091575112582249,2.539313001352097,1.3466598805155607,-1.9834854057689744,1.3455373854578268,0.7454826530235623,-0.7174291130249086,-0.8128795919802725,-1.3625463506496565,1.1882885850351377,1.8824339945525752,0.5029114698205293,0.36820578575640983,2.125275736629229,-0.3688948806880963
-1.4557340347774566,-1.9505686947851864,2.444852540622744,-0.4650520618077536,2.4282759006733743,-0.3041774891437994,2.3734957022772907,-0.4757463701142388,-1.1805202829099004,-1.992083132478542,-1.21185110509745,-2.0362153286260236,-3.288365793788643,-2.1195130387048566,-0.315659757964025,-0.8343582219731465,-1.3100539451027973,1.6773866405007345,-0.525870195243133,-0.3623457703628068,-2.2894954233433773,-1.2148946662217268,-2.7197165697333423,-1.698290120864303,0.39939249554994216,-0.2594307378221625,1.8925912570265968,3.794095401457513,2.89037986871529,4.314137087535691,2.4643642989719314,4.016453479001928,1.5856245148340147,0.39435825561939897,0.7591127494528838,0.6865031618272628,-1.2412028659666041,0.05085753943186866,3.811807935173288,5.014531812776697,3.824215752889943,4.712215317078268,4.0733423801443625,5.034748047172732,-1.7033512596920506,0.5432155676176027,-0.9393625708335667,0.2383578814121634,2.081162753431279,-1.8001458983606664,1.6369297240277119,-0.08335191538828468,2.204810018256813,3.5418736244642997,2.428357334219953,4.4783477672780965,3.024072205584604,1.9996180633922158,2.5294285020034835,1.369300932948109,-1.9187616730644104,1.3485411485163628,0.7199522258601574,-0.6021561874439039,-0.7706297947106022,-1.2786685687990844,1.263224875096209,1.9039430437054392,0.5274577596864152,0.38966499326768833,2.1713434130946556,-0.3060708009201072
-1.5113911571906269,-1.9547395216022538,2.4270181108170465,-0.3910231394348811,2.4087804191524267,-0.23078065805494052,2.3547031896698636,-0.4068667897606346,-1.2228957902358282,-2.0058054591334247,-1.2627914928848503,-2.045043944748628,-3.163183196401248,-2.1205387965666644,-0.2829285600750504,-0.9035913836660816,-1.3628786522307719,1.6274788744516977,-0.5091367664089761,-0.41415633011350916,-2.183418587799048,-1.1789678089830522,-2.6459271563478994,-1.6539843345244494,0.38578981742601837,-0.29950016665366164,1.8633426308122738,3.8118206347729506,2.8633641706342106,4.315935880792742,2.426658493500459,4.019079591437378,1.614372280803365,0.44251244645433285,0.7730434056043132,0.6920818773207067,-1.2159150932258869,0.09786515780824434,3.852272950925065,5.030460393404552,3.886640961596549,4.720852531616042,4.123187989231655,5.035936479604618,-1.669974175403842,0.6035400208814723,-0.9121428818557478,0.2571470538715106,2.123233784959849,-1.7974581508558591,1.6412990623383115,-0.07246994604154278,2.1955328649402936,3.6439457455231965,2.4609076233727523,4.553958261720147,3.05286665176211,2.123229695639565,2.605603400091444,1.439524719452475,-1.9298632664592636,1.361666839010943,0.7136586365782884,-0.6354487860938729,-0.8106446555302544,-1.2942209624596623,1.252877183576718,1.9131282649233183,0.49547545302603435,0.34191823500994456,2.1594293013267665,-0.3264445887804852
-1.3770123964780536,-2.039982372213763,2.4698819762078,-0.4971451296969125,2.448962537409278,-0.350269580271255,2.4106713509641544,-0.5082469686586872,-1.1158651530928614,-2.133919409933419,-1.1251560047936122,-2.128184528986866,-3.1282226962343604,-1.8761718893035173,-0.1769426572561148,-0.7188062063780638,-1.4247319006897303,1.616529955758483,-0.469677590005781,-0.2685208996559165,-2.211652433704917,-0.9523082343638913,-2.726331934326279,-1.4526473629997234,0.46132771411507,-0.12032354313980509,1.8638337107429894,3.9968573166806056,2.8053208929431364,4.484039457929455,2.387579504276772,4.200107969963639,1.574342324341365,0.503049709317061,0.8077066464035942,0.8002281399286062,-1.0934930648681043,0.251754382112062,3.8972809413742944,5.22028164991994,3.8664425527272464,4.893369909599034,4.114032269606199,5.199519981083974,-1.4935495945218813,0.736066039425495,-0.7909436073487264,0.42471721041514154,2.1706064605119133,-1.7627534007101513,1.670674771762405,0.00996356774713103,2.273019572883161,3.7810089900352573,2.4482737731706,4.4977817961701625,3.0842011571005656,2.1352856469161328,2.514807054225775,1.2333333234361437,-1.817552007687968,1.3654087690632801,0.7495381097754255,-0.4163030808076318,-0.687871845330692,-1.184526976243247,1.257912150605815,1.9254405456480086,0.4803192379218828,0.29651769393281846,2.2825953792756586,-0.14573284380914142
-1.46823631653023,-1.8607668866870422,2.3898884246674,-0.5783953815634026,2.453570538293741,-0.34226516433854837,2.3698971529217268,-0.5369764611225958,-1.1663683902069657,-1.8591625602135424,-1.240441927206117,-1.9109415104185095,-3.121319456647866,-2.4644585815586915,0.007036811093290574,-0.9115591295128862,-1.0477103189175683,2.203089528446994,-0.1159518552886114,-0.3913299777125987,-2.1509274556956326,-1.4051549824100187,-2.454633473396666,-1.6945775792254536,0.5348431335691188,-0.1846001127752972,1.4433143381255436,4.0982024221712985,2.46870374852751,4.598178241866264,2.0267460551298386,4.25103595582979,1.703437827769684,0.5034457018952514,0.7412156484214183,0.9105594176384022,-0.6104020920419799,0.3336496219719538,3.2138241637358256,4.117566000321532,3.444799502589823,3.9377043351431995,3.5540637390041514,4.242689385230959,-0.9390349188649658,0.821943464999622,-0.32378601102557836,0.5651835215696845,1.8185472173645296,-1.4722956429791898,1.6221154681719474,0.006192048608357759,2.3969151740760593,3.3007138979791923,2.934219189971281,4.327507074959679,2.9777090872395453,1.8930913413257686,2.8899109633957325,1.3316629127052382,-1.6164786840945937,1.5884003050059068,0.6714612477184003,-0.7590229800474861,-0.6743051096104034,-0.9285847574303263,1.4718177130736851,2.2744030760502882,0.5960162174089323,0.6515623944933697,1.9056897178835284,-0.4555664470225964
-1.5570130515129632,-1.908887086140281,2.361724976830233,-0.07577609380405104,2.357787006174218,0.1013098149369065,2.2919412910692745,-0.08958391439037561,-1.2257885921787954,-1.9324559941062764,-1.3407447222166677,-2.002133736645641,-3.270067397417345,-2.1525814191001937,-0.508367565554019,-1.1123789651309097,-1.1625474578201562,2.241333846687755,-0.5946725682010641,-0.5853089081712888,-2.154085519413349,-1.1918982205565372,-2.674427419807741,-1.6196248029342302,0.45508387739978584,-0.4953440193354903,2.0324918644314125,3.732354175144781,3.035409878815121,4.281840831485786,2.5561585095130064,3.959092821928363,1.72921055905559,-0.060756774676541614,0.9283270648335269,0.40614438118980667,-1.0915074640464018,-0.04287522918420583,3.5678501734844263,4.8797579870398256,3.602848708523108,4.698406901423258,3.8339729620226115,4.993792531577897,-1.4874812256267778,0.41560506045049994,-0.7382025439247859,-0.012020421217138644,2.2163402862820587,-1.5507975738154096,1.711971623341006,0.03616105146561566,2.3202848285570563,3.8298294828056423,2.5643807447113516,4.729392759435033,3.1363558578123967,2.4078706903422797,2.735267361235033,1.7608302704957413,-2.1492810617168536,1.352661958520161,0.6980590512233893,-0.985107974579658,-0.9768271111769886,-1.5218765791713413,1.178831961160856,1.8167858209877212,0.4959527032640052,0.3746574157680329,1.8967581747708073,-0.6077139383717056
-1.3476811452998239,-1.9761136319409722,2.4272725709928045,-0.594913422101472,2.413722200538057,-0.4118491372323163,2.3655909379008104,-0.5831877918169517,-1.1009108498126778,-2.0339986393787988,-1.1140147658370583,-2.0741575230965843,-3.2719790929796995,-2.1205508019148045,-0.17126451684579447,-0.677619435278852,-1.2519648268076655,2.197518136481208,-0.5254846353379321,-0.21351995886143538,-2.382957217113909,-1.2627694817667323,-2.745438129894575,-1.6794650434738325,0.4874977334885795,-0.2824741778605855,1.5521557830340464,3.8183698001926354,2.5654904581607694,4.311334210558113,2.119334822525082,3.995901092244506,1.6222415518418316,0.5079799123898692,0.7511865664443151,0.6884084274073388,-1.072739949194787,0.16063287789617053,3.4761479370080144,4.460130941909299,3.6262948082113136,4.225924203269339,3.7880650371804974,4.530483474707707,-1.4185657633460331,0.6869635656172788,-0.7777123889163904,0.359468523956326,2.09039312504264,-1.846792846536741,1.6830300185461047,-0.11951414380365488,2.344444891139811,3.585502513258871,2.5261381417686772,4.371835270467785,3.1187623540414657,1.9887695901589284,2.5880877764144046,1.2272648257283354,-1.809060638997435,1.3857164740813595,0.8879138706062895,-0.822214264509801,-0.6570220876519479,-1.130958015566883,1.2436296988057967,1.920783298843249,0.6555834238193032,0.5609277504661074,1.9219517006825342,-0.5162279719246778
-1.3319026254922508,-2.0645356262197287,2.566412052030591,-0.3884962874336413,2.5454285145380933,-0.19770218392983274,2.49603501196457,-0.3755756583085068,-1.0717623541883112,-2.094740085108911,-1.1098397593245224,-2.148199401402356,-3.356540269437884,-2.00826696584057,-0.28652626349794375,-0.7396525550759732,-1.274074031218813,1.932671768111656,-0.507577311782986,-0.26959500656233093,-2.3890512643159285,-1.1256932834927538,-2.813748186955713,-1.5389634616046064,0.37721806937627633,-0.4210172950598503,1.7099355433246677,3.7827022163734423,2.778627955423687,4.320035725032916,2.314246137457145,3.9684425472748988,1.4923422064932836,0.27685828269398005,0.6291574688778754,0.6298230283319404,-1.0497089530335884,0.1895508785018123,3.57317324785188,4.6691080889353636,3.6789225721978145,4.469359385289083,3.8439601236980376,4.750772128459873,-1.3348084042502477,0.6719402323016599,-0.73462993608294,0.3481747668796835,2.1057966789128013,-1.5646581339360859,1.6288357746971087,0.021814385160126015,2.3408084750699274,3.8467161833810675,2.539925975744235,4.456212137011878,3.1525710825261832,2.3494969195017195,2.6593392318581834,1.4108471123484119,-1.9645007560179408,1.314891139015935,0.8943931882695768,-0.9580455397809979,-0.7829973405974728,-1.2696529495731923,1.1021240874824088,1.8156098960041493,0.6380552182898764,0.5661616778079539,1.7324583050046032,-0.727586705519907
-1.5592101065793305,-1.857962004751733,2.361272301930823,-0.3621499468281293,2.347190571818224,-0.20594236382679476,2.292847217257682,-0.37954415366240557,-1.2631534834033933,-1.8843775899654265,-1.3137590103006165,-1.9339668221015112,-3.190750074835815,-2.2507096222702137,-0.31907378219605764,-0.9024956033225937,-1.3402790334845882,1.529980398370455,-0.4893824500774997,-0.3986338594159431,-2.1801384668064596,-1.294544600364587,-2.611226933510085,-1.8068928269300044,0.4180065958170198,-0.3568562514104645,1.9365643214853652,3.698073238229979,2.9507455115580363,4.249410351966755,2.5141064681857452,3.9425902155831345,1.622242512695241,0.3552305472714279,0.7880204409148588,0.578624213801028,-1.2737927633921666,-0.010287341415194717,3.802342612573643,5.029961830317545,3.8172923186011882,4.70810086092207,4.0796606081459625,5.0403080344712325,-1.7107118306939637,0.4571652848685046,-0.9521613050086106,0.16610131382917803,2.12993122169226,-1.822306766233015,1.5792387234657408,-0.10748632517883117,2.1170472838914076,3.4621452558797383,2.335155647019951,4.429298941622749,3.0139538754760995,1.9389262967195187,2.508154790799912,1.3320313204033054,-1.9983409279409243,1.41846894099349,0.5621447565298521,-0.5747114852814725,-0.8489688603885677,-1.3870788282891002,1.311303190606484,1.9596658035069234,0.40524668545066067,0.28113139087842054,2.249758519934499,-0.22306845910077566
-1.4091359974264428,-1.973960011128856,2.6981129932299988,-0.5182376052331223,2.6706159182813147,-0.39525872329856515,2.618177122492363,-0.5524868227379054,-1.1389171625154368,-1.989593222993474,-1.150766846828378,-2.0459535431214295,-3.363098001569358,-2.023528700065606,-0.2683543465360039,-0.7535104799459855,-1.44041023316883,1.0381721207965695,-0.5039896114159506,-0.21320831387996897,-2.336236691150018,-1.129858328273726,-2.8560323154330582,-1.7773354991416142,0.1429462891105917,-0.25679563029880725,1.7313504225041987,3.7521006524573304,2.6724232092825195,4.312784227438224,2.218952180651545,4.02815219431328,1.528020201208781,0.38243964194511904,0.49551832512019356,0.7195577070502743,-1.257990956245556,0.12111895748430523,3.817618571643167,4.957869218851955,3.775370276547945,4.659448546044048,4.0612883543993155,5.021765904263938,-1.7452694859264026,0.6673627084090992,-0.9834710901139587,0.3239347414700813,2.321860133402291,-1.9626332965532223,1.7962807248639345,-0.3387605614249658,2.316708505952657,3.492643711064452,2.4027925814229407,4.268547976821879,3.198735803131865,2.009393487151077,2.500610253856631,1.0769622279944793,-1.9094404299764935,1.1994566914652003,0.7397324899733873,-0.5251476728712463,-0.7325486042757321,-1.3998147480876826,1.1711970242409118,1.834030110922285,0.5056106373217233,0.30105654784321434,2.345278687174786,-0.13907352324222533
-1.4530237423353105,-1.9669338052222152,2.340757435827423,-0.37304579139454663,2.327273459659126,-0.217439579560474,2.2737992032066554,-0.3918772566820756,-1.1707598816206692,-2.0018715984047466,-1.213670028479438,-2.052753969140209,-3.2269183136328383,-2.1026063849166903,-0.3014709483647584,-0.7157702679271845,-1.228510291491796,1.6214513513077566,-0.4848247475470102,-0.25410096069426036,-2.241397690964617,-1.1614124425652137,-2.668792578610904,-1.6322311204752484,0.5025211333264616,-0.3685928176014448,1.7966772242369489,3.8158975807754727,2.8359568357060043,4.346309999237962,2.4108747960191863,4.036365593916032,1.6192808486499972,0.3374292881650378,0.8301874434557197,0.559254073396036,-1.178573394959733,0.06012879668248505,3.6725765148634038,4.962862342083148,3.7232666212893877,4.635962525226559,3.965563448981306,4.961897746288382,-1.5928756114269746,0.5224206933733493,-0.8518048141649515,0.2226716954601109,2.0656242701209457,-1.6771050777600154,1.5475993765220872,-0.00034271208031899647,2.164151998395922,3.526533190314515,2.4070379384343648,4.4943876163176535,3.023886438225804,2.009214520217581,2.516401339639086,1.4294046457342828,-2.007080722417846,1.4124066291352664,0.6070349430494906,-0.5616802669957632,-0.875044143311821,-1.3310406847315526,1.2798222194316429,1.9444185121384807,0.38602441835080636,0.2778466023521853,2.233551449001104,-0.21949718406480567
-1.6417381404006908,-1.7412362995157102,2.5601277498902677,-0.5773338908058383,2.5381113239881685,-0.379160893286723,2.48514365447818,-0.5559813405978695,-1.348596693073802,-1.7665699011396048,-1.3724058628798033,-1.8216135684047727,-3.0368918174806594,-2.2949495879956627,0.12612004759461115,-0.8694702304378916,-1.1923228017507324,1.2185843230605,-0.11057940072545946,-0.2959476614843428,-2.0278209314900235,-1.301277784142444,-2.4747965858549517,-1.909764100872997,0.3912692965147535,-0.32761726313324324,1.6229561780730979,3.851367672833364,2.6440680572750823,4.405773779151026,2.198894398938445,4.112634189041865,1.4698310672994204,0.4660827406879253,0.6218344846704671,0.6332202487476639,-1.2167630554203273,0.1178002905129567,3.7832349000219265,4.585819037715234,3.8056665298908383,4.22833477640288,4.072699513150486,4.592274922928793,-1.7849470994095569,0.6515816012787861,-0.987358897591645,0.4579971136688119,2.2430713253659285,-1.8080129467987396,1.6132276368241758,-0.14921061025767646,2.1415909915524587,3.3533905184668154,2.3548015334481507,4.391848949337318,3.101892052744451,1.76837797329424,2.568412270290824,1.1183015602689537,-2.2758176937587105,1.4487088300686501,0.739504720745181,-0.6642997815702074,-1.0167869466764365,-1.592157055690138,1.3570006704647612,2.025241890007104,0.5882211459493787,0.44313472258387154,2.171624753063635,-0.3884531283919692
-1.4684363823900943,-1.8578483603584175,1.8836881795417248,-0.13195321736047472,1.9252986458527435,0.07187098983436613,1.8636408843538108,-0.10768985594864233,-1.1736126455510139,-1.9362569109023484,-1.2412124490613134,-1.9534607604707421,-2.7782438569519403,-2.622841743757192,0.06696287293036374,-0.918676366212221,-1.3812144086677867,2.638630911566386,-0.22312643754999506,-0.4572640119753908,-1.9769132552186113,-1.6844238382050802,-2.1306542469236502,-1.9257048575227103,0.7423968835233605,-0.24651830090428017,1.988337776878062,3.355959263136654,2.958510179665236,4.1056422387011295,2.5090928738234,3.7250835420316726,1.3823648799855572,0.38607361315522226,1.159468347220466,0.41273583142485215,-0.6203721907392126,0.39377285436773946,3.6495794582898,4.846101442406182,3.657661107938015,4.661664399948021,3.8142138787595776,4.914325125271848,-0.908351481481807,0.6968309119337475,-0.2863182525544712,0.4280551710347602,2.2106136597974615,-1.6199537160240203,1.695871911271464,0.17055243292394096,2.2657332358213615,3.952093634677489,2.522701604259524,4.408717471537006,3.041007314368853,2.348767520786314,2.6527393536385766,1.3894851550694955,-1.5155382447893997,1.447086201992306,0.6301076586783321,-0.31468975430481994,-0.6383911444531138,-1.1005892497429537,1.4046426895734685,2.178459395845721,0.42555544515979093,0.33347349567872975,2.094878620581195,-0.31684622194725165
-1.4551608705776635,-1.9989389942955271,2.5027544571384945,-0.5584409093417264,2.485208161092035,-0.38801515664749076,2.4318595975818287,-0.5600720071359548,-1.1822534879814137,-2.049835876932585,-1.2064064736528337,-2.0840042902458458,-3.2489050418425474,-2.0494594348928556,-0.26222877669867195,-0.8236494825401248,-1.2924620117940098,1.612803018448897,-0.5041143728365718,-0.33061097689370733,-2.267271490095555,-1.1255502336153307,-2.720177166971087,-1.5915247711674612,0.3669364605689456,-0.17264990501941302,1.8112781959117719,3.9100652388831723,2.794128867877225,4.424132101506258,2.372121820192625,4.135588928260049,1.5596951211037702,0.5333975813745813,0.7444706955346501,0.8072839133481882,-1.2779802182591329,0.10564387122759022,3.8645028013475944,4.975642755069812,3.891100654456766,4.676990612223133,4.119539029812438,4.990087143005516,-1.744165548028696,0.6095016859054905,-1.0111407536404258,0.32816215385130665,2.1224188130077017,-1.8202763500732364,1.6892359217109583,-0.04950408490882019,2.2584946648451147,3.583837747567065,2.487240889122087,4.528589996066364,3.064875947696006,1.982505022419689,2.5612895542759135,1.3299109525800255,-1.8938337009294441,1.3615128457648211,0.7731075843528545,-0.5633912844336848,-0.7601763293946462,-1.2608937215952452,1.2749451677917527,1.927266449659916,0.5647725478373911,0.42229191568624724,2.198576094682399,-0.2768372153144245
-1.364019244465391,-2.063713604743975,2.6848179756734805,-0.6591470831572499,2.6610408816508873,-0.4792885831948577,2.6180166298966476,-0.6473696340106456,-1.1081534284944574,-2.1440647815902443,-1.1186347821320903,-2.1679836913120094,-3.4827887857771156,-2.195915349615115,-0.35696887144313205,-0.9483279594198573,-1.4380881827392322,1.7502010882916093,-0.5998845523792751,-0.4537169594007402,-2.5191997040148295,-1.3387675447007772,-2.939278194024286,-1.7889820904706237,0.20388920708765568,-0.15278191172112043,1.9086051864978684,4.011946513197436,2.854148316145519,4.3966688437037025,2.449661339144125,4.112853285837252,1.3874513547661005,0.4353572526233629,0.6364105575846644,0.8621265883935321,-1.488920837610607,-0.08148191917823366,3.780859696797563,5.026924898889227,3.80831775859214,4.766371514654546,4.039477081460241,5.089746632500075,-1.957456761775335,0.48772093226694757,-1.1841719179036492,0.15915958608161063,1.9903704142734409,-1.9220080421840118,1.7494207078085138,-0.09472467140058605,2.400143112923174,3.5921858218534872,2.677289572842347,4.4491330559498135,2.981138966423356,1.980063266775443,2.542451017769813,1.276367653832108,-2.178427917867867,1.3012978381502425,0.9300194507643065,-0.8401005375225359,-0.9487280762026882,-1.403780502771221,1.2175424403801696,1.8814475853396626,0.6927304876295803,0.5345023384103795,2.0487013356062054,-0.4965892569114545
-1.6034072818968994,-2.0466797791632345,2.255267448642896,-0.669366653695441,2.295926504211571,-0.540472366045134,2.235810890808991,-0.6769892335702083,-1.321165107199434,-2.058076436111077,-1.29809807110491,-2.0633337827680807,-3.07164110353406,-2.41975904946462,-0.02347613625623879,-0.5956743803564013,-1.0529165190658327,1.1537646089986184,-0.2768966273829312,-0.10911633162563383,-2.2091441772711264,-1.4469466728944953,-2.6603895808743268,-1.9915945537398647,0.003970755829531214,0.34514080299461103,1.3949113609988961,4.086667261498987,2.3784375301273775,4.60106764376756,1.962136951383874,4.332478092131939,1.8149941803591743,0.9363715476590828,0.5503517808645961,1.3747423952476128,-0.58369559848148,0.2801959345085363,3.836569000471541,5.291965320964475,3.8370513130680015,4.940267958562461,4.141770574347176,5.333099581999179,-1.0158997320139962,0.9490603799041386,-0.2362313117440351,0.6303585341802362,2.527375243681438,-1.615807765268137,1.7878600474581292,0.15824458007628284,2.438961209495564,3.5050957617761034,2.7250360104861953,4.567881684447319,3.332040601346349,1.7096613016233269,3.008849487266356,1.0372931415545876,-1.8060479744547244,1.407436643763159,0.9495064278785454,0.025539029745403674,-0.4702775597552771,-1.23411520949466,1.3932644020653546,2.038936213725079,0.6746486814481489,0.2836374628903213,2.880373813101733,0.3769922092036673
-1.426192260814667,-1.9770190041372189,2.5078453538472933,-0.4933600222782806,2.49563507153486,-0.33270210508503606,2.4416041193587494,-0.5026351386233348,-1.1479393033000314,-2.0185330270286306,-1.181673232117327,-2.06132836999218,-3.343132864615554,-2.0608017288196057,-0.28523366194055555,-0.8274088020219565,-1.332122691144718,1.7400864593749645,-0.5116695840152885,-0.3421959854556249,-2.336871273019754,-1.1676025703142248,-2.7837763257120933,-1.6278915015905957,0.3401868419599854,-0.25127040648208787,1.843179078838694,3.836150026667984,2.8202913158314207,4.362189226423189,2.3868229586312584,4.063673564804106,1.5918100096992145,0.3765337537283626,0.7217432571953148,0.6853683428588004,-1.1720913108357491,0.08022213357291275,3.7564314292060486,5.028320312955336,3.7582025469840703,4.736918805966201,4.008115877310277,5.064470533246655,-1.654788855933603,0.5857156259868974,-0.880226698047931,0.27816208004665377,2.1795311974999922,-1.8336935597121125,1.6797136593173274,-0.11246593951592576,2.2395823053185255,3.5642325899341243,2.4324840989792653,4.509155245850912,3.1100365770172322,2.000417220745848,2.560177567283308,1.3649286275174992,-1.928623900107198,1.2926544153691033,0.7169156826246557,-0.6394662199515233,-0.7816641202262895,-1.318019236123256,1.2289237712218393,1.8331871532993587,0.49773327709217696,0.3683806991991432,2.1751953591313447,-0.3296065252193525
-1.218417511053958,-2.0068342416003375,2.0956838927035104,-0.28709544306875934,2.1161370642982256,-0.17892850898789714,2.0476806341337728,-0.33441765497184317,-1.000107816203883,-2.027255037329187,-1.0195710816013195,-2.1183279736696736,-3.3126052373245325,-2.0822645024078454,-0.2020022888528663,-0.6379330127705156,-1.6401652349126312,2.4635884563543478,-0.48721539826603344,-0.17611562351104038,-2.2088719729470334,-1.3758600879163527,-2.5501965732858647,-1.770027252323045,0.6176094365466316,-0.3632092235027198,2.3143308201442263,3.102173382444171,3.229596006950821,3.7481029729453113,2.8086754086243086,3.443962701727278,1.955486135155187,-0.017260140547207925,1.0268744455586978,0.15950077566001752,-0.8569866161731774,0.4151153995323371,3.0173344172308614,5.05735522882733,2.904125756417967,4.914892641576092,3.111990520181811,5.220170309314332,-1.133885063764735,0.7969156419699184,-0.4242432591436174,0.4954062575897469,2.223767650263863,-1.9186300531988554,1.7921353723639957,-0.3295690073337827,2.2810783951035187,3.1578779936859007,2.1991967965814467,4.141689278989292,3.175131048091279,1.622571194072771,2.4323942274537185,1.1516566615004056,-1.5959459472805477,1.343522295270744,0.40370723569121836,-0.06018713094454675,-0.7344651239154736,-1.3828642525307098,1.7102949621161736,2.0149020922419645,0.15383927528505126,-0.001499169168578618,2.556399757361886,0.03872231059619846
-1.5506745975539333,-2.0301355282413738,2.1675499687669504,-0.2292173449194479,2.1881529001948508,-0.024248287047395678,2.12567650643624,-0.19241117951642517,-1.2629303258470923,-2.0724672696357236,-1.3260203799289028,-2.1200172944128663,-3.046585543458862,-2.1061755501103088,-0.08235685370891588,-1.0263629571347037,-1.0506976903738048,1.4723593608341297,-0.2922104788645239,-0.5107126484214866,-1.9813013940898374,-1.1997460231435433,-2.4205247247599178,-1.7278617995967176,0.5582934702077482,-0.3299395844279487,1.3471087045320935,3.553691701221023,2.3319849569774123,4.20912401513263,1.8936632722104187,3.896666885849452,1.4347851309336637,0.1673894406032872,0.754502531338539,0.37613923419455375,-0.9889705706822922,0.07488559320418542,3.1346717110817757,4.275803619711137,3.171331159572391,4.01413765822438,3.413432836482027,4.344788556651736,-1.3538101233466606,0.5472672632093367,-0.7468677904245906,0.13202495942253112,2.069081352884517,-1.56908193623424,1.5734847367130502,-0.18882516899866664,2.117657917313517,3.3457014395798756,2.412249880992025,3.8800085751982625,2.866583998117905,1.9787417549848518,2.447427820579226,1.0382032903656278,-1.9880780578909225,1.5377722634741477,0.7194470988405763,-0.20267462609478715,-0.7810647796221399,-1.3541918665174357,1.461663561546695,2.3842376842713637,0.4146462750494271,0.27167205221036816,2.4359762361463195,0.0689322468069733
-1.5241009674026325,-1.8228711663422486,2.43150021214431,-0.3859102582935421,2.427096461204524,-0.1865656622153784,2.364178992792291,-0.3731463072830712,-1.2321272935995715,-1.870322097000594,-1.3072923623532304,-1.9268536138941101,-3.2056597976542274,-2.1996114237409152,-0.3234238017445259,-0.9280982913945084,-1.1636314359453843,3.128636857017767,-0.5600711051550444,-0.48830069390865916,-2.253521314336927,-1.3447360348176707,-2.624376086735563,-1.6925887335924603,0.2859370049998846,-0.30238389999546467,1.510341550625279,3.7541353412966396,2.451364778815555,4.24557133506048,1.9995168570899517,3.934434015360744,1.6826485934887598,0.26984222516178935,0.7735404433608783,0.5686411750053786,-0.9746642763522568,0.10105718104592665,3.2493448625935217,4.665807439405083,3.374771735157112,4.473686427386952,3.5438727744808647,4.750662608469704,-1.4452759685317282,0.5846592179890449,-0.6863506524462748,0.1677788073783768,2.158308885475745,-1.6894291462396787,1.6654473345627592,-0.15896885337199862,2.2975724083043483,3.802807460490354,2.4895106091572217,4.420982380857752,3.178976362001799,2.4245192224030037,2.6792840772229267,1.544837083471557,-2.0081201154124777,1.312988846838338,0.8537909220967324,-0.7744374108858763,-0.888614552354503,-1.3436132055028707,1.2126675276695602,1.8129536174006367,0.5369782778192365,0.412474579335397,2.037042859888305,-0.419812830160871
-1.4871338023253298,-1.883710917001542,2.4385221929400718,-0.42265822294021405,2.4278071267414054,-0.25485434735072676,2.3729710244111137,-0.4318054528085944,-1.1985601476769756,-1.922946887510201,-1.2486646628958424,-1.970847286135195,-3.2723727781218725,-2.284484257840934,-0.2846735917983212,-0.8636641328726693,-1.3063910476179195,1.8915267734641237,-0.4954700134484762,-0.39235224427306603,-2.303503071082007,-1.3564823512072604,-2.6974109721574706,-1.8019652238484856,0.41486540457221643,-0.3929610800018364,1.8611947530614108,3.78754549772943,2.8803833093807603,4.286203001850793,2.450897714477457,3.9691272477789363,1.615207822074093,0.28703215515989644,0.7827507054138927,0.5451038591841701,-1.1329817207845019,0.025370719821483867,3.692487644816933,4.886929583014843,3.7378344231280582,4.599971271353652,3.982473949745425,4.920044489046549,-1.6025282211400644,0.525850722528654,-0.8090568706909664,0.20494782533727562,2.062732725028982,-1.7336005138357495,1.6109233026285592,-0.06453846514954531,2.2117088175061896,3.576585275217936,2.4797146492393827,4.485719656927743,3.0132913437458066,2.0936506997427884,2.57682667819655,1.4359165342865063,-2.0231123581175523,1.3655396129915465,0.6961680999087951,-0.7467439865145091,-0.8816350560165929,-1.3391818533341322,1.2402181916957682,1.8710105613405394,0.48074074753156015,0.390041245094781,2.11322956081169,-0.39930683923178956
-1.142501891413981,-1.8724582904899254,1.5247006150732618,0.0034979415958646953,1.582113560757434,0.17007473098524617,1.5017082341116623,0.01758135895942914,-0.840901989184041,-1.9661759695298224,-0.9229692863185459,-1.9665151362018993,-3.5048863908401895,-2.7809794212081567,-0.2403148654795313,-0.5743880018944623,-1.3821273049130829,2.5214040869912253,-0.49137293349459377,-0.14132747826577585,-2.6590109973752303,-1.84188608383417,-2.7679233694252345,-2.0497093700926086,0.0372935163012631,0.023528505357116813,2.2167883333504728,2.9821221058207756,3.1266314144275276,3.7275688353437397,2.5859442278916775,3.4162283016447406,1.599315591126138,0.010612570087640272,0.44047002982437267,0.3860117582149645,-0.6799011313918779,-0.12500606353430666,3.7295720142826037,4.743888873188726,3.603988367712309,4.542519505359373,3.862105000053689,4.8694900947863795,-1.0903699050928894,0.35815894331583653,-0.411734080451267,0.00908923423231034,2.6443880387995913,-2.772265791455357,1.5193214910349626,-0.8654401870751043,1.9797918207909566,3.2822073338443047,1.9720256702253378,3.43517239198413,3.409518916271854,1.8208069421341362,2.8555324666675785,0.664841691664269,-0.9310799900302897,0.4887394059028276,0.9955050920164625,-0.39252043319122265,-0.14291641038873504,-0.5559999833134053,0.9886408116329148,1.0049214779834559,1.011415986772799,0.8326089004130202,1.8476391906830099,-0.7148299818988049
-1.258820234801894,-1.9689244785774958,2.2016359573867494,-0.34616163279143297,2.260951135992198,-0.21372170590924666,2.2037223848501646,-0.326256631305085,-0.9980444833078406,-2.0809333828968177,-1.0309041389660218,-2.048498625047886,-3.448527122107839,-2.4193313510251038,-0.24322327137946553,-0.7515258863748024,-1.153791984786952,2.642675329300403,-0.47551067373923495,-0.36917633862656407,-2.7301338187381,-1.5770291527558298,-2.8447186393135073,-1.9931375205232902,-0.02278898233699378,-0.02342277006110427,1.587137070790074,4.253906658469088,2.6601501730689265,4.942975735344509,2.221383939388812,4.652264451224427,1.5209276901211912,0.1045208176543655,0.751669403887322,0.4965702711970441,-1.007656311421853,0.18655166045293026,3.572044768873368,5.238177871276168,3.5939336483719138,5.104795073593808,3.7674653991470985,5.3763455102596165,-1.2540131370203365,0.5096995474678132,-0.6817830787997909,0.3971312412481258,2.754045074691929,-2.0935087113273116,2.3693191256317054,-0.3574617521759089,2.7500378294065144,3.0282591657503235,2.774956085670303,4.072761939506401,3.3704655007414535,1.5665007206766766,2.78731408521845,1.0915704243829008,-1.2253211231195378,1.2608354429920596,0.5341032941152535,-0.07747239077039181,-0.5105569532017409,-0.7768401695588985,1.4170141501794649,1.835962743675783,0.35737915965580314,0.22078592352080229,2.505265692392195,0.010225537521267203
-1.2590984494729707,-2.130768629745412,2.5813192333969868,-0.5479836636530369,2.586190873117471,-0.41602298886614264,2.523429447146518,-0.5785273600661371,-0.9786564761040966,-2.1854625925132662,-1.0101226003418238,-2.2284904413572812,-3.4766246277136696,-1.8393450009831547,-0.22155795118905086,-0.7990848627843947,-1.5833545779325622,1.821458729479681,-0.4603992619176429,-0.3479746279433735,-2.4293778836780597,-0.9680113917102711,-2.864962156188339,-1.398139447530364,0.18837058014998576,0.09477036903738334,1.8416222326143687,4.066104386376703,2.701255595160112,4.583358282446439,2.2472149046155296,4.310913021915513,1.4545034721204209,0.4728041568149193,0.5997771840783823,0.8888807914353078,-1.103223865140103,0.2252134162728865,3.607629934672558,5.368444222984906,3.5254280556328785,5.104195915229854,3.7929667400409857,5.461046323671103,-1.6081159533248872,0.7816231903069992,-0.7988669759583624,0.4563330356405695,2.3147626786757574,-2.1818809507707577,1.8762887710811045,-0.24844076343600552,2.399008446518491,3.5906606616691503,2.5212276157243947,4.586841547181183,3.197038023068802,1.8009558029885877,2.549445243853582,1.279304386033929,-1.6991373882510294,1.0001492352787569,0.5453456165702475,-0.5350719773975259,-0.6778099530819954,-1.2361932412939711,1.1091897070461885,1.6568534585817725,0.3186513900761119,0.1264762944360447,2.373627772538006,-0.20987454482601198
-1.3307118993955558,-1.9864702025923826,2.3875811406974243,-0.4789848853082743,2.405458512260929,-0.29129736556432206,2.345228382822656,-0.46928576789351695,-1.0487431409701777,-2.028466153784088,-1.101289283215583,-2.0666373767078596,-3.3140449651654293,-2.1347911759255287,-0.29130356351754116,-0.8371331462051348,-1.2838820918946707,2.4102201665486156,-0.562849758751395,-0.40557265846375934,-2.3886321030209996,-1.2409061493263973,-2.7116498920680545,-1.5885800402922832,0.42386608512670776,-0.2241243313389507,1.4504423988547561,3.886402816369449,2.501108883309035,4.423335766898811,2.06461576470892,4.101631603385611,1.455273392166788,0.41896908836378444,0.777988491801823,0.6491336505962026,-0.9736388920837324,0.10276687236537363,3.5625315843991707,4.711939094794552,3.609635197551281,4.495964531642681,3.80478238416077,4.785702535469415,-1.3723403645762047,0.5754307109549446,-0.6838649885427461,0.17271199876727916,2.1759454720201585,-1.5911217134915212,1.868896282062714,-0.15892640111180345,2.533922554174853,3.682020157487969,2.7305349836277637,4.22858812743182,3.164364320318934,2.415314001797263,2.7353962591721848,1.4175012808152,-1.720779353770514,1.3218502105672485,0.9167224797914173,-0.6808925369767889,-0.6050241758825132,-1.0533074846913486,1.1358287772757283,1.9118456778220008,0.6572245402440187,0.5680242123722934,1.9199546655508755,-0.45054242798383726
-1.4761141808405762,-1.9437972896698952,2.4528115249118168,-0.45264580544979527,2.436238124673843,-0.2926455248767832,2.383224905412864,-0.46553239118572254,-1.1914640808433794,-1.9887739737109342,-1.2318117405940847,-2.0302976944693327,-3.23637493511129,-2.1381421181927096,-0.27960517702988064,-0.8416300160493009,-1.3307187204591573,1.719976738015908,-0.5025273043333511,-0.35731503922913976,-2.261308734521961,-1.2044467820237328,-2.7008906467902545,-1.6795360052423094,0.421285556993368,-0.32217846436204667,1.8639562077957263,3.822857639843634,2.869725551842441,4.336896589311391,2.4422531750854297,4.03154974062129,1.6058581965432914,0.38200755945356324,0.7841768775423681,0.6303853506127552,-1.1858899029088366,0.07117553990501424,3.786891244988513,4.947730667716033,3.8133711780987545,4.646174137538604,4.063454047933511,4.967458069817062,-1.6470747933208818,0.5669901814174567,-0.8786649151652108,0.2610484869731948,2.103857402413438,-1.7610954342831135,1.6210618419499196,-0.05236597817599531,2.1991599584756676,3.582772341567545,2.435432161308354,4.502615509948694,3.0364642918306837,2.048315394619517,2.555555311588086,1.380289868044195,-1.9639110689416337,1.3694256780968823,0.710738564821253,-0.6491886314561679,-0.810723153045084,-1.3119113750454834,1.2508047160583562,1.8989575992160033,0.5012538085488707,0.3782855481539267,2.16108120102657,-0.3238668144916561
-1.4954603921747505,-1.9226956846133985,2.444503456284096,-0.43047801222650994,2.426284092095872,-0.2720521021403606,2.369557125154701,-0.44623427365455104,-1.2050913075598797,-1.960703163535257,-1.2534365443058175,-2.0113974502933627,-3.233798918354717,-2.16550756158208,-0.28335951597805575,-0.8769532542612053,-1.2934344527873898,1.7004838128442596,-0.48893744123259975,-0.37472095718720233,-2.2436368871088472,-1.2222228623822318,-2.6786546584833966,-1.713456353372682,0.4140506143073246,-0.35421166910305013,1.8678387248321222,3.778738709156496,2.8642331914913584,4.30980763989065,2.4412732343145294,4.008023437327175,1.6075589190276443,0.36195495264672317,0.7840760784638814,0.5925799778501819,-1.2247290470471994,0.036213381205670636,3.805123600562382,4.899175723725893,3.826849663432405,4.601921191280043,4.079455890108779,4.9217055780495755,-1.6958895444633937,0.5217517506679084,-0.9261150267353675,0.21845465841460765,2.1199685330287306,-1.757195359022031,1.6351153525844957,-0.08150686178754274,2.1777573487517774,3.5212482408049013,2.430379739538073,4.479055514283557,3.0135779279119035,2.0205139797722538,2.5608585207003483,1.3968888185586978,-1.9364517792151923,1.379770814728781,0.7066717529426167,-0.6369976442729195,-0.8043691992532911,-1.30879695504004,1.268079851554389,1.9114626826129584,0.5126122372811484,0.3977213642860189,2.1623488200702337,-0.32201504253565805
-1.3747765947169004,-2.0962413611546364,2.426428229547067,-0.4575694966951245,2.406939618079358,-0.3237652334875456,2.3466911224600935,-0.49129869490032885,-1.0573688567045654,-2.1448393862050095,-1.12459967542185,-2.1867865796710637,-3.3297630527728983,-2.026233645082506,-0.19988716397745554,-0.8167324552427919,-1.402968860446232,1.8201705514859867,-0.3866893012601835,-0.20930588146432783,-2.2830558955746976,-0.8618109628323145,-2.84282909165827,-1.4982961309198806,0.4373942622341751,-0.3652460597001239,1.7060321705304666,3.899512262911652,2.6754453921479833,4.4666294542162746,2.260597624586879,4.166945755208287,1.5986979696167012,0.3310758492689496,0.8425527797391794,0.5952602852585684,-1.1690530709271307,-0.03397594106062929,3.775768507887239,4.638106934982352,3.7957636867936984,4.3299664404483895,4.073119982067364,4.630989324856669,-1.6043146102260049,0.4595265998887328,-0.8559203193295892,0.08914966894453569,2.1617838834404104,-1.7468544900950955,1.3586738181653129,-0.0845239441374872,1.9682434334272454,3.667612792947903,2.2481549951665762,4.540900262596345,2.963895717282928,2.024057328123611,2.627400024613583,1.250200389315843,-1.8772987991340506,1.3141590870097204,0.6155453130913653,-0.8420017184829565,-0.5769893053214634,-1.2726774183747342,1.1714727917621186,1.8477079661434335,0.3977217299317859,0.2687395134584296,2.0126871863225784,-0.4561684720088799
-1.4305496310915844,-1.9765791527637262,2.5051664499681348,-0.49830186285016254,2.4895684262668984,-0.33695389759184025,2.434924222856603,-0.5100354511547907,-1.1501476042386325,-2.0241956542535005,-1.1927205169620878,-2.0695269415309543,-3.272371845456065,-2.0859850688216772,-0.26203987931919626,-0.8362502444902633,-1.3259489175700425,1.8840722155629788,-0.49920740900926397,-0.3645725285593495,-2.3011045125227088,-1.1689504734686773,-2.729560596533526,-1.6072660309060849,0.39144813349380314,-0.29747987954307753,1.847552411247551,3.868110536325359,2.8403332778143113,4.367451816774867,2.4210892616867463,4.063644710755609,1.5852679942812493,0.3845944174552951,0.7620254149461463,0.6496418733342431,-1.1481942335516298,0.08393710051907988,3.7502435342344986,4.90687594923962,3.781263737504025,4.627742242985915,4.022107686688631,4.940594347703163,-1.6344278775671524,0.5926596057034086,-0.8528464492796299,0.2857784811682258,2.1007936677417742,-1.754967654508457,1.6554628830589495,-0.04567413207961657,2.241420022434899,3.6044788029891084,2.485113403528988,4.525084497564224,3.0444394479094967,2.0703724660591627,2.5837991695285423,1.4140076840993512,-1.9336316632697903,1.3265172429541625,0.7741137558064661,-0.7014345413332843,-0.7972587720437163,-1.2877551919240773,1.2171543971951806,1.8546021187417328,0.5397326582686368,0.42989579455501925,2.1031392526722232,-0.3985395615622349
-1.3329880705427266,-2.0110734348784143,2.5359684351142757,-0.5681587612924464,2.5306885426680203,-0.4141736008725916,2.4886721050418137,-0.5729832155510381,-1.0825143862830071,-2.075790553622685,-1.0976598776682387,-2.094325189604254,-3.259683880732194,-1.9889026341402634,-0.1720483503910426,-0.710111298549279,-1.4486045097951088,2.086477153203888,-0.4560330265778205,-0.3329195552908786,-2.3389532835745364,-1.1425527618250175,-2.7755716339273278,-1.4991255681305855,0.28023461028051067,-0.10281690770465701,1.9621948093701578,4.0043328043551885,2.970562393554932,4.434907322626664,2.5547629949208144,4.12610931887024,1.5252435157697164,0.4699984551255483,0.645456774666548,0.8610276728577766,-1.0082621915591075,0.18126422218260352,3.7425824279555417,5.102160520011232,3.769394223945456,4.843774916414864,4.003946294503287,5.154855823854367,-1.4585901037947164,0.7338649317165533,-0.6873545209759166,0.42993060904122693,2.127419060205108,-1.7766179526751795,1.7046069632662046,-0.013133544262065477,2.3701627738779774,3.706580177647661,2.5466881869356177,4.538987786334143,3.1463547376087977,2.1132578896601864,2.6267095695349267,1.4002989048631855,-1.895171691244546,1.1955370265470266,0.8297056511800802,-0.7483323379475246,-0.7503781894453443,-1.2379409799552423,1.1250327084894174,1.7032509259294226,0.5740949623673144,0.46281801942086886,2.031271512076893,-0.47335786529755364
-1.4071715053129967,-1.9883267689708681,2.479803627675122,-0.4830937100893484,2.467104497155373,-0.3190984457673931,2.415796481833067,-0.4912067970755052,-1.1370906852143743,-2.0420763286820662,-1.170875654581816,-2.0827900352610884,-3.294772826288023,-2.099784122918436,-0.2784124144999831,-0.8131227623598738,-1.3351412856770013,1.9549554249566503,-0.5173085539079785,-0.3734159148068059,-2.3276013656729893,-1.197552531296473,-2.746782503464905,-1.620564129350639,0.38972553321929837,-0.27122444438130966,1.8594529492010414,3.864040141038134,2.8732007904277284,4.344193103215281,2.448903111567584,4.033001045708995,1.5774909855938644,0.35567069360870907,0.7578061021738405,0.6716298672010543,-1.1111168195060808,0.04307019477030227,3.6896337934528924,4.961913593888503,3.735924649090321,4.681829004248505,3.971603472385044,4.9950489096989115,-1.5770551418570165,0.5594343068507301,-0.796123995371063,0.24240731677422822,2.0388617364219783,-1.758201270638014,1.6143629938523256,-0.012890971578984889,2.237039767819284,3.6716510240487876,2.4878216870421133,4.565902897431678,3.0237792608706684,2.1000080132993197,2.569296170613309,1.430723638053796,-1.9644731025724353,1.321581131121297,0.7750279853864717,-0.7487661588082322,-0.8027151676770257,-1.2829721555156617,1.2083007548366345,1.8473577964890877,0.525541729211068,0.4159718824256897,2.0742570135082277,-0.440301392087334
-1.381634132820857,-2.094073468486492,2.576493262744954,-0.521485738496609,2.5523887715128515,-0.41334393809242354,2.4956264593631587,-0.5695476146309639,-1.1040125593808563,-2.1393945564851014,-1.113392580214903,-2.194764717658525,-3.4638499424305182,-1.8192782982523648,-0.23880580520299066,-0.8716401805172636,-1.662530172651544,1.1724269286176883,-0.4851138657516856,-0.33903857574108454,-2.3516852381866244,-0.9581844300045388,-2.8769575669290512,-1.5399078987416468,0.06991763511743265,0.052186216892042836,1.8734571731917216,3.9122877160436635,2.733580145468278,4.426195110069298,2.290088780626239,4.18276106740007,1.4859275302775545,0.5885236461139582,0.5020002175985665,0.9684034734864406,-1.4022970670497008,0.07493579767834824,3.897237701355073,5.373907945536,3.8175842171482506,5.053666345815874,4.116406824741131,5.419815759109798,-1.934797515812987,0.6488840702086769,-1.1400281802695957,0.2209841635848795,2.336693349100072,-2.3313489499188513,1.7679818165399874,-0.42086983962702273,2.2003716425034208,3.495171805969515,2.3547235391810935,4.442180689522011,3.1260928112282285,1.6955936227296968,2.417210659327221,1.0487327664864035,-1.845991829426393,1.131290816541032,0.5676340543755627,-0.5099786909410211,-0.6867108992648685,-1.3992244294457792,1.2179481680291717,1.8229942950944649,0.3559571386923226,0.12416906306986508,2.409921865368289,-0.14256341883207746
-1.483961497110494,-1.9253383917697686,2.4321273982064735,-0.43599127485275835,2.429679839211307,-0.28226514769198774,2.3742126427506474,-0.45116799614809056,-1.1909170663484865,-1.9699149294192644,-1.2422121305309437,-2.013622847856643,-3.2334506620068635,-2.1252852332465695,-0.20053975816267888,-0.9251346273791126,-1.4510396467898294,1.8151706131945566,-0.41764958669476426,-0.43846344808152304,-2.2299014125362664,-1.1978612880761395,-2.6685314257351047,-1.6376850208780507,0.359603643875932,-0.22692402097383235,1.9354900748897688,3.7875661297659224,2.9060821476617154,4.299571223891379,2.4836177925048304,4.008944505103617,1.6100693750532997,0.38948629506504595,0.7918556121614593,0.66936554284481,-1.2378090345028427,0.038444283851684524,3.7689588134082985,5.026781216015603,3.763229568243042,4.732499112600474,4.0237508112818645,5.053667130835548,-1.7503569724088086,0.5561066795178355,-0.9380072351348696,0.27047091620991726,2.218256522182152,-1.8376597681911404,1.657145208825014,-0.16225887980077314,2.1809368160669242,3.419812093268856,2.3924161198625242,4.450164833613231,3.107149246980139,1.9789896178786437,2.595288547399436,1.4533017659513314,-1.8248138163514107,1.280676219534456,0.6446200784249214,-0.5741456897642214,-0.7552357980040489,-1.270842995013163,1.2598513149057462,1.834969964788364,0.4632571880664518,0.330874146732798,2.2490097820148787,-0.26115783215790955
-1.4463775459239612,-1.8792129154270585,2.410239387154614,-0.35149858059711736,2.430331166670828,-0.22796787753745118,2.373987535978352,-0.37323767303696265,-1.1294798421450105,-1.9505437030956907,-1.2105390727524865,-1.9509759832838265,-2.824736384640876,-2.311628542076755,-0.03300869281384067,-1.29817585654828,-1.5557399898586484,1.7553656155704056,-0.24939451358237452,-0.7899872081168402,-2.0210684819177125,-1.2822594674231018,-2.432457321421669,-1.776702319336203,0.15507392649581142,0.46235291599331063,1.691713740417783,4.020752112766194,2.6521857004844316,4.564814275386735,2.228083470284086,4.267723584091606,1.2659895647548547,0.6490115350582704,0.4421172409911538,1.1832410089113257,-0.8131806610191088,-0.08582567559710608,3.8669038249673973,4.957713696984233,3.8263111935804135,4.647294458117966,4.101835626194156,4.994049174525887,-1.204165047768833,0.4388127711089096,-0.5318724879748649,0.011911999527980832,2.452903838232978,-1.8089825124013883,2.0168142895046524,-0.21055619512789026,2.72783082191948,3.3267867503957325,2.751536506632058,4.022218651298442,3.383852384192523,1.9662870442304046,2.861957256567739,0.9262608456240757,-1.721527759030276,1.2281977841738412,0.6755600676494256,-0.7164035690608737,-0.4987524155467167,-1.1786426717946537,1.1998115142776333,1.7374565256246912,0.5298333174693726,0.28814171941026334,2.005067233134022,-0.3484487925088402
-1.4844877390742646,-1.9207027497597666,2.413825898664359,-0.3944218817009517,2.3971380363319073,-0.23831054530589846,2.345197160537685,-0.4094512084198927,-1.1938512203446376,-1.9623611011025748,-1.238809989662399,-2.003012490064462,-3.20911881122203,-2.171706461174883,-0.2854988448639517,-0.8292000453135944,-1.307742419791023,1.6745569919089682,-0.502884454726682,-0.337339776597978,-2.245003092279916,-1.224772626080092,-2.6935021984906933,-1.7179750812354082,0.4142058869126988,-0.3813762107441363,1.8326343187269583,3.824201033586709,2.8493228753162967,4.349292008779612,2.4199710551323683,4.040226542811654,1.6326342069523365,0.33442063011213286,0.781923379373973,0.5776582551821381,-1.1332380652423093,0.058279756432754404,3.757413471306176,4.896294418179513,3.7916240805986483,4.590227364900565,4.045210340842811,4.912217663156886,-1.5690895739316701,0.5423103186986022,-0.8132323480598882,0.2048161167884519,2.1359353606737947,-1.7161200454689052,1.5839587203344525,-0.037187927769521956,2.181458200576099,3.641632989167878,2.4057718364090324,4.499583426385987,3.0529981384343756,2.105836443718852,2.567434988087471,1.3751937246728536,-2.007228423926613,1.3729748512071431,0.6789647854790211,-0.7017657760686604,-0.8133628090350027,-1.3431062043824196,1.2296568321638066,1.8874473998536203,0.4671309524537284,0.34469597124113527,2.122062054190666,-0.34738021494447224
-1.4050726233986697,-2.0337010341755906,2.664016974899762,-0.7231488717117451,2.6496550635200533,-0.5394924802760603,2.586635692408203,-0.7236709835191015,-1.133320359365234,-2.0773407395924606,-1.1673838600466486,-2.127535873565931,-3.2627719393215053,-2.1005477523306544,-0.3009857151179016,-0.825807382970388,-1.2895794595356183,2.0299224334670223,-0.5622884237381047,-0.3550420449092524,-2.3013217103399253,-1.161525788301169,-2.7232024898675338,-1.5507011748270392,0.4540437254722498,-0.15535987393576978,1.7511160611311496,4.075104719368015,2.7578096086422956,4.547727520721887,2.35378570172589,4.245341661465341,1.529388798728844,0.6400914118699568,0.7897694420965164,0.8270529754558265,-1.3752563202333432,0.2194307663088706,3.7525107728081952,4.58604159198592,3.8423863043724786,4.3781050917280115,4.054634057415345,4.680779769239672,-1.8800261340695834,0.7910764339575822,-1.1120357100712228,0.5404251717617541,2.06735183360688,-1.7673031383146691,1.9080493410669446,-0.027742261472898377,2.535068850131741,3.5180307068064067,2.833995824772444,4.452821417175754,3.0944372789710464,2.0168398362661515,2.7286892961289224,1.3691600646333235,-1.896430498077069,1.4547718678492085,1.0229069085555658,-0.7126415406540763,-0.784222521410801,-1.2053685747498148,1.3300392976781552,2.024271168961782,0.8242215618965343,0.7202611808784463,2.0745241512928043,-0.3902580761377008
-1.4294642360365089,-1.9587178385330541,2.550901094242093,-0.583531255819147,2.5352516814913546,-0.39795678472179485,2.4777450035408863,-0.5794213600380393,-1.1507575458736552,-1.9796000777217788,-1.1941421634647353,-2.0402507848242,-3.342747768649624,-2.189438670423489,-0.32088403287692113,-0.7959892451009725,-1.286479770378918,2.000811808244255,-0.5612123288414352,-0.321328786628996,-2.3904863247714445,-1.2821310867993283,-2.7670465044408212,-1.661183532048705,0.3451958889315474,-0.30259126507771317,1.7299158022698844,3.8776466361813915,2.7873942736307447,4.378130304347903,2.359540717347776,4.0537673010585875,1.5670547146956642,0.4841438462673695,0.6706405531201618,0.691484170301738,-1.204653830593426,0.09614117811989065,3.6737257912529584,4.728999506023306,3.767171466455431,4.470459977310649,3.9808789003477214,4.784293410527549,-1.663080705965116,0.6319315600333164,-0.916730637766336,0.32815046712975704,2.12164475865342,-1.681546507351018,1.6398078074428826,0.02427299416232831,2.321440330548172,3.6567116383366676,2.5253214079712807,4.470638449612623,3.1626536910709264,2.131894917339358,2.658612026501877,1.4158793562583991,-1.9874890861955374,1.356628698657068,0.9086358336326326,-0.8390232357409793,-0.7778545497350553,-1.2806336432993408,1.1964181960029965,1.830384187292056,0.6904650961726073,0.6045206695941765,1.9823058782194565,-0.4866781854722779
-1.5346556137100187,-1.8862307404161154,2.3573302102954976,-0.32262613520363237,2.3495575242882465,-0.1703795470054601,2.2943047423379745,-0.3409372997690072,-1.247672845407739,-1.938372511040365,-1.286359964064414,-1.97637832827008,-3.1299976469769097,-2.260191147934104,-0.30221443377151935,-0.8980547816560422,-1.2839923346451982,1.781960416673769,-0.49891289591856935,-0.4136721645831902,-2.1339161824194885,-1.309467739622971,-2.570982156788986,-1.8550396479218438,0.5414061779014663,-0.4202345115682924,1.8597394527562638,3.645311075751012,2.856526771280695,4.190829188954028,2.4254779937209836,3.8795646931726164,1.6482263052031971,0.29462309810243337,0.9417063196467055,0.5175512090822867,-1.2039336267535647,-0.024454052737479692,3.8103819535482906,4.931388020402515,3.8259430322088583,4.6438861500837945,4.094086898474604,4.956939534293948,-1.6540574306450173,0.4577261506745369,-0.870959007321602,0.13087310891004833,2.110775788675501,-1.7626460678984337,1.7162478913633148,-0.1582070957938777,2.19626445904243,3.5346755004321135,2.5268327117835963,4.384259721530176,2.9489483978424005,2.136736423961761,2.614032539558644,1.36720892437521,-1.8561121326811616,1.4844158763090913,0.729847177719086,-0.5553277981475793,-0.7589273494226485,-1.258025955738352,1.3563644121697696,2.0817215748277427,0.5474999724380423,0.4069991658080765,2.2127736255590653,-0.2540519906227492
-1.4745622737067015,-1.941297771349848,2.4526410971663966,-0.45248892362747917,2.436336139359632,-0.291843886519791,2.383280986524799,-0.46508227411122327,-1.189292151489831,-1.9863901728345956,-1.2308926925161066,-2.0280603217929993,-3.234435046346953,-2.1412692731659755,-0.2795407305679536,-0.8412975580002469,-1.328083735314109,1.740325493501798,-0.5020711401252829,-0.3575617312805681,-2.2608465038720733,-1.2064869741596183,-2.6979886632897014,-1.679043801930837,0.4263723708086129,-0.331687746034822,1.8617387112549126,3.823364287187829,2.8684201000218676,4.33664506307589,2.441864565228154,4.030015977441991,1.6059406945056196,0.3762730362452862,0.786873631263374,0.6210208493398603,-1.178206435346369,0.07008387832278551,3.7793224367035876,4.940084483366604,3.807505876405923,4.6396900634747045,4.057201583561135,4.959802801234559,-1.6393290013750295,0.5648984646770518,-0.8697535906125271,0.2587918692890252,2.0999562415450708,-1.7531000284735727,1.6196545770225397,-0.049515456130708735,2.199931386759542,3.584545672370698,2.439757290801814,4.499684550881689,3.032841721361951,2.054223504562807,2.5583437751845777,1.38312608684822,-1.971720474986634,1.370662656948399,0.7108179591766204,-0.6593501945374731,-0.8167787915913562,-1.3154019395227348,1.2482109686265481,1.897346647626117,0.4993384890645176,0.38034262461953894,2.1496565532408844,-0.33553893792177814
-1.4760817201199834,-1.8634402229357554,2.485884591776022,-0.44274448841753866,2.4662296049544836,-0.2846577851780392,2.403167331963697,-0.4622257069564806,-1.1871613938738448,-1.9042207057849505,-1.2575677210242087,-1.9691216891418346,-3.2164946690161407,-2.27409767529655,-0.23288417891956792,-0.8931232042597927,-1.1928621280095384,2.06004163775471,-0.4473082260804411,-0.4231317156442218,-2.2823549581369185,-1.352955209573284,-2.63944571856619,-1.7801462245060673,0.37386905180865826,-0.43965303759771546,1.8494001767310206,3.7993247947218287,2.8462086615261044,4.2870579384523335,2.453025149571723,3.984777946003254,1.5803492844929887,0.27250715146581905,0.7547914404135985,0.4952171420863456,-1.0862160140119004,0.016975500802119736,3.724994106124098,4.69267166040715,3.7820212049465174,4.44354086894584,4.0064725910658865,4.735876186323715,-1.6055400362353833,0.5003353055289006,-0.795222015911508,0.20089080151663463,2.06426556116465,-1.6405249332135405,1.7239919047200574,-0.07796026540664558,2.2539651851426883,3.4507293423827954,2.5901652495262,4.433766996893231,2.943599933469623,2.096072138440596,2.664019768844206,1.5070629057122154,-1.8733573096785632,1.3992447784372932,0.8412750958765272,-0.7186971714151777,-0.8402806600406909,-1.2296121398336335,1.2658660847958045,1.884122088259224,0.6059982134855795,0.5491361174654394,2.0478608007611894,-0.46704752880881406
-1.3357846800720075,-2.0345402556436114,2.5926635079949003,-0.655093743143798,2.5834216772581193,-0.4951928886097541,2.5308524605039757,-0.6612529117151933,-1.0671020166894332,-2.082688950441128,-1.0918136552905717,-2.119971350972773,-3.4236839269200927,-1.9867728490298022,-0.2306601175909364,-0.7738447505766217,-1.4772424064132759,1.9574879781891763,-0.5100313134524663,-0.29588188031110096,-2.4339675451216145,-1.1157328768721753,-2.870968197184058,-1.5481614304701692,0.24758163572074476,-0.11454800719520719,1.723037140884121,3.8940064058633492,2.6786850084373164,4.40789213806665,2.250377383613608,4.110330978916187,1.5346543189628123,0.5099054094390567,0.6436394184769636,0.8131647190819491,-1.1826246977461485,0.11544672484314766,3.7293859929383437,5.000258631865998,3.7301105358061584,4.696179938868669,3.9777086326535294,5.027979876610232,-1.7173061140642707,0.6591328625195221,-0.921977642799094,0.34116149725846956,2.245102421241503,-1.9316532349428073,1.6290790509344735,-0.19022352318151903,2.2134474743348678,3.5898664178024706,2.3614365285379924,4.44983202812992,3.1962979104439455,2.0141175045773387,2.570634616824897,1.2928887117805221,-1.8293018057946773,1.2103639442086935,0.7894499625192886,-0.6850765534428751,-0.6701731036113738,-1.2457932763457018,1.1885701310154442,1.7718464947493109,0.5276403793977806,0.3858413682438968,2.159760349977894,-0.3515311205436378
-1.534268808375236,-1.790110107300193,1.9068188685503946,-0.14326563784940394,1.9439974694605882,0.06095735799637758,1.8610544432851581,-0.11790603281886813,-1.1307427132511574,-1.8481461037385687,-1.2794026943549799,-1.8613745624155609,-3.4389176074236643,-2.6763630582528304,-0.24003337075896436,-1.4866199359405448,-1.347963467667908,2.759348355369105,-0.5938148126429725,-0.9222298992900946,-2.5481236743967948,-1.6851549016415124,-2.6785820870396915,-1.9206229661786614,0.4892847427796303,-0.5100762095019258,1.6210130224576025,3.214571320623878,2.496998705158373,3.7485258916075628,2.0198235612916973,3.4660029466745064,1.658435701438182,0.2692805260343798,0.9972137712317366,0.3476318038076256,-0.6445449967937584,-0.4441298820145887,3.8939435504727262,4.765160706826552,3.8441194003422003,4.640158948123399,4.061482970925513,4.905675406149448,-1.0409250489066482,0.04639652973489827,-0.2647323107634634,-0.6200571643570347,2.3164008485514556,-2.3735744250962307,2.0227238747267426,-0.5939192876574895,2.4747899607533617,3.5380798857130342,2.7879201709414128,3.980227262380171,3.0254369599572195,2.1107041394153603,3.0941008227161175,0.8472951175493,-1.6275972330343302,1.2696576060471996,0.8783458547307612,-1.06703709474277,-0.4455327830576019,-1.1252463210888832,1.0796897493594688,1.7625239060547662,0.8038037143318055,0.7365645429772654,1.6323689638764263,-0.7845222488734747
-0.49201425604972115,-2.7604315320708803,2.487711907279646,-1.0070209066000242,2.657968163154864,-0.9325081942660169,2.573613205281756,-1.0960623804417304,-0.249794043884763,-2.6915094682000102,-0.32296632951959214,-2.776425509328165,-4.502041833331161,-1.6636807602146115,-1.3724787220486991,-0.26120281008993906,-1.6847734749097247,3.234579932880779,-1.3795610008213455,0.05635777024606092,-3.273658165474661,-0.8762886530414553,-3.7142603299275256,-1.0347539978261526,0.3105465435521335,0.2660014100684016,0.7829342746657488,3.9279691191253736,1.9498088244931022,4.5778451940140155,1.602703104089196,4.101199993142281,1.1109152788330103,0.8416679881958036,0.3423412860806163,1.078541902604238,-2.011797058179366,0.40091208199190653,2.5803566163547984,4.577713500249953,2.495980054055172,4.529624494152214,2.845696427577506,4.867865558713996,-2.0154602175094816,0.7478081983629732,-1.517045626258506,0.3814298290642517,2.0993125936146804,-2.07162814047705,2.096470139576194,-0.9431341403455384,2.8083826844526616,2.7008322263203706,2.798870365082477,3.3093502123714362,3.288033193078098,1.6760955332306375,2.448371187747659,1.0453026176181712,-1.746685841605398,0.7756319904560538,0.7686110669471269,-1.1980516802123073,-0.4155439322977639,-1.2231871817229827,0.928486992282747,1.5762032232612668,0.6319223575714643,0.7013935716892608,1.5086428455218037,-0.5550028183859101
-1.2553406227373882,-1.8648010649914042,2.225747744739877,-0.501566686374117,2.2409879091320812,-0.37815049583422944,2.20100136102129,-0.5238046082020427,-0.9815851666850639,-1.8814657633814846,-1.0421263683818998,-1.9012041865994975,-4.275111670916575,-2.3258195239059565,-0.6043206580280804,-0.7184733333900075,-1.5702118418572457,1.958770060874886,-0.8711899904794906,-0.09653910091707818,-3.0272691690442035,-1.5680973644096134,-3.4407756114423265,-1.9789089347084685,0.1254401091236268,-0.3669762347354846,2.110896052298598,3.14043927360773,3.181806762079531,3.682008160854429,2.6393837833329377,3.3866037126853543,1.6101801652860654,-0.13500522474991516,0.5210573859378389,0.27316499804691663,-1.4328990796179806,-0.36227469338510776,3.852805612608292,5.599306398343759,3.676841128950442,5.285308107100559,4.033346755330739,5.670446354777691,-1.9228149396408272,0.042622867988339586,-1.1006347155700436,-0.3298708266486985,2.4981962755943448,-2.4777605641745257,1.678158485275449,-0.6194885333680489,2.1182451660760657,2.986048697473291,1.9160328554073978,3.8923238487667993,3.4054788725183096,1.505892834276609,2.4286370885276236,0.8226685640769142,-1.8148032195761066,0.7965387292044568,0.6191453637949751,-0.49450038763550364,-0.4960046925892003,-1.3205049428732774,1.0077762606251124,1.3758409309981703,0.47123023342216275,0.418169898936001,2.410353131974232,-0.019424197813282973
-1.4881023825672788,-1.8960861132971347,2.428909246045558,-0.40397372017027067,2.4184320056542576,-0.24649424438091883,2.3687422787795267,-0.4145243930401419,-1.1959597740612304,-1.9405069711357585,-1.2422786550991374,-1.9787239201151339,-3.1221420218341702,-2.126546100290549,-0.20306706710809186,-0.9267888507967568,-1.2740792525503766,1.7514197300224348,-0.4301649217109409,-0.455763189270443,-2.155231373756126,-1.1891625065363796,-2.6011896711852645,-1.660601180738512,0.4542556773404032,-0.3530523712278191,1.8447033749456683,3.8326272356701594,2.7621708263173232,4.330503585893287,2.3481745241543512,4.031481584048589,1.6446572115996405,0.4021202467224052,0.829613139867968,0.6277674668363575,-1.164119826818053,0.07063207538207461,3.7381715555080266,4.943748662177685,3.7449019162011146,4.648036267391711,4.005586087349347,4.969936470774532,-1.6565725752615403,0.5554401888852718,-0.8611913437687266,0.2423811045324884,2.1351016600380923,-1.7410482395783036,1.7292415353557562,-0.07035955739729793,2.2740986662045595,3.5316713000312197,2.547503637581273,4.478120325705427,3.001937100011145,2.018056363772426,2.565101430802418,1.3469268141216189,-2.0843580764829346,1.3933396534976046,0.6263220259787987,-0.7371025052970435,-0.9573005473596341,-1.4540944458530856,1.243017842779941,1.9136136953227156,0.41020287351534535,0.29812842070788736,2.1121786427794698,-0.3828142171164468
-1.1089201120943573,-2.2489052558541394,2.5061184571220343,-0.5756495859188022,2.488347312795093,-0.3949167435615166,2.4191879376048435,-0.5795508098806907,-0.8654798693422858,-2.2750924349874797,-0.8504946451706674,-2.329996594679373,-3.507689417200944,-1.957173205643941,-0.5577019552846418,-0.5685008844351929,-1.3547516149453207,2.641237430204373,-0.8314840151401195,-0.14675615324984648,-2.4086657528848128,-1.023519323099345,-2.989913048996705,-1.353039172136031,-0.09586714505137506,0.2514570125546145,1.7087893788676043,3.748446178207442,2.682231482464328,4.357915921254981,2.2416488405339647,4.086086519774256,0.9660060171193416,0.8608503563835397,0.2233938799630053,1.043017292439969,-1.3131555762168228,0.48652782008296125,3.6227462018442873,5.2866779476832155,3.6215649035805297,4.9687719759930085,3.8516085677551635,5.299907287103491,-1.860774695496092,1.0468085867804975,-1.098585540582786,0.6098579105306134,3.0105437722331265,-2.5537378940927775,1.928833743413918,-0.1085640808335091,2.1885148681005795,3.9133079564568716,2.657331455934064,4.711185545170081,3.5661689531684884,1.6895912191847522,3.427362790339326,0.945366208477183,-1.5212987267930793,1.3897414856345067,1.0018744114891636,-0.4828000448521186,-0.43854069817870167,-1.1309505406781155,1.5791823165304208,1.9097868120871526,0.8626463232441077,0.6866846712497194,2.116894282605215,-0.41087218454835206
-1.4453067891106843,-1.902676251536903,2.2994191160420883,-0.36696107989786064,2.3103478531434734,-0.16839160454228086,2.237780452263034,-0.3353652749998268,-1.1190564563797434,-1.994269294476481,-1.1708178085422842,-2.0059177751507073,-3.1182437080633467,-2.338729590003428,-0.10164147071639906,-0.9953220389985828,-1.3296828173780657,2.5053295135599036,-0.43817713304163997,-0.5247323791601266,-2.198656436253887,-1.342155601281533,-2.4932198656112963,-1.7119262603667482,0.47611672420656603,-0.24293909919217604,1.8919759315381324,3.872615664758169,2.7669071109773578,4.453494439529499,2.3472545562165044,4.17742319046901,1.6176461318161506,0.37649482107961507,0.9867285813286086,0.5806858887110069,-1.4694837476974545,0.3374743550012296,4.233503601749496,4.708257016183707,4.185807334329669,4.580564169078111,4.422611482831132,4.8455194402509525,-1.7694327849246196,0.8432976547165678,-1.137443338414514,0.40363577404337736,2.2675805922850634,-1.9178369284752739,2.299058257871379,-0.37322932845238466,2.7793005715664885,3.680655334386312,3.082392285966921,4.37813446093704,2.9963469690908617,2.2824536483872278,2.7578140475551676,1.5204550088202389,-1.5097131112658464,1.1675360390044567,1.2168560959492902,-1.01681963012176,-0.352380084290568,-0.9310548682332414,1.0648605779470701,1.7626987572039718,1.0297477108647204,0.8850126934744109,1.719872186308824,-0.7669028223118906
-1.4707463235845881,-1.8617189552653133,2.480575834308415,-0.3883587536677875,2.47347699999873,-0.21791127288120915,2.4200844848779743,-0.3878110163631039,-1.1815909941483076,-1.9232586304205008,-1.231504883698764,-1.9561206131486508,-3.2053416383362503,-2.253516022255109,-0.1946809333938746,-0.8829482448767894,-1.1993462145354092,1.7965436398679566,-0.43733417116209417,-0.4126629925096714,-2.2596139443515386,-1.3261047039450835,-2.638983484989957,-1.7921171713261588,0.4128933259236627,-0.41707088810667825,1.977576796244306,3.7606580488378,2.9088339349169106,4.301417451426562,2.4870340228149077,3.994732730792923,1.6030227829225536,0.2440370447877358,0.8410920215373725,0.4808313731984084,-1.0247002842995983,0.00031910768528131683,3.828975694279584,4.968657793882447,3.8195582606226646,4.722130998275023,4.076645493565043,5.0349093104077065,-1.4718117270575544,0.4798794394409649,-0.7080222480235507,0.17228810264580208,2.0060413705751357,-1.8297352527580255,1.764448625005266,-0.10082358843909489,2.329111389510895,3.6305683357941794,2.5667147284447838,4.494885407617631,2.9086524732466366,2.088104623278828,2.45397395617377,1.3286275826593803,-2.0364903743591,1.2819964885524984,0.7458668566752387,-0.606474887174306,-0.89813685214527,-1.4045877581710737,1.195065285114647,1.8426527722747847,0.49338184352433956,0.3976308622315665,2.2096681550666872,-0.31774809904713397
-1.24427679302969,-2.006655751341116,2.520072651702537,-0.44514004801858764,2.5002084152403823,-0.31650520175858876,2.441272678776037,-0.4719829175463772,-0.9706948436798948,-2.0593549122755137,-1.0305414153211396,-2.111236084691277,-3.5776793778332463,-1.8509031877031692,-0.25995025350656586,-0.8923390388701913,-1.483088021128781,1.8185877246567435,-0.561010623348106,-0.4159486224720297,-2.6854778667988555,-1.1551068786964303,-3.0105431815110437,-1.513108137354819,-0.1269863294311575,0.005836043131282054,1.5899404930429233,3.8344101566416144,2.4721295524506948,4.319906836058784,2.0448773575568984,4.089726642097623,1.4550115387882991,0.4872639437555639,0.31231681295751823,0.7890251723994082,-1.0038811583309686,0.18257260552841892,3.7367488559527287,5.259994308183367,3.7126099133307475,5.055282872635829,3.8885172905554866,5.340247524545162,-1.427371331401539,0.6488234223357559,-0.7822075677676574,0.19094200845514298,2.6421732462892313,-2.0585644416987963,2.092751894665539,-0.4516832743800636,2.514933030313766,3.4726225618573023,2.5202438284703517,4.121002899704137,3.3904684802771508,2.0588776571168497,2.697777674725166,1.2649275124630757,-1.4231291800765575,1.1939403783698586,0.980639824999094,-0.30192778703928,-0.4661333534986465,-0.9927256002510649,1.2236699827303719,1.6393665268299236,0.685569650753103,0.5416969146079555,2.2598600339581862,-0.1630927170717671
-1.4570345652021892,-1.9620852591029618,2.362939594605499,-0.38055537701030584,2.354670720246429,-0.21633240747843008,2.304330570366951,-0.38848376974383303,-1.1645164334658604,-2.039237481707908,-1.2147254103519698,-2.056503820865833,-3.1642244289050563,-2.0544303345984094,-0.2077381726858052,-0.8664270064580979,-1.3104210561996723,1.8510613729762815,-0.44905435522262627,-0.38455642059232087,-2.2157525395287747,-1.105037054914142,-2.6624984790085926,-1.5640908559589954,0.5092857163123279,-0.32906295446350864,1.794262906511376,3.8393551651555837,2.7491103954167206,4.35844057591664,2.32316676990685,4.058125930117298,1.6402907134287679,0.3237429855740048,0.916292717013989,0.5822511972350535,-1.062501190029959,0.09838856929220174,3.7355420830777133,5.030097442592846,3.7437862748870527,4.711733211090233,3.983154274028519,5.015021994834355,-1.5081629103441494,0.5499909359686965,-0.7553530143112654,0.25100248451955753,2.0938298516855607,-1.7385860228257641,1.583025651076527,-0.03135272946237677,2.138705301917361,3.6318533049763717,2.407684530522891,4.555156744166783,2.9901662051354423,2.0991982254313717,2.5332781456825497,1.416787875510475,-1.9005444993213692,1.3909633090888995,0.6204993478824132,-0.5496696332678068,-0.8094678473805246,-1.2626056074547503,1.271522539741457,1.9284447748850573,0.3733239168663802,0.2404159617918351,2.219290472337298,-0.2692782842898307
-1.2875142342355317,-2.0876337445206086,2.34605561635359,-0.546044225033028,2.3449601695300757,-0.4086623383574324,2.281805035321849,-0.5791307819234288,-0.9669462499309498,-2.137500970049529,-1.0499740017455155,-2.194403754253408,-3.2766937783907206,-2.0119792246798354,-0.2523186769711767,-0.8988399014779898,-1.5393580446649384,2.430713334676282,-0.43151641624890846,-0.27944007811172034,-2.1555077405870247,-0.8271760967296506,-2.7159599503746303,-1.4431257517944012,0.41722323415023643,-0.15953454498063335,2.0992951874120322,3.7065036907451407,3.0367439558676974,4.292031421752923,2.5930216873455887,3.971794163496585,1.4376914772197065,0.28438096406292157,0.7648919104742715,0.6554845656857289,-1.5673459835727215,-0.043768897206748925,3.8206681535779374,4.547769681458905,3.7370292053687892,4.342927379963509,4.041825404818023,4.66655748856871,-1.9133173596771897,0.4302083999234676,-1.2358790065650238,0.01769904716334869,2.211085623738711,-1.7585508431657402,1.602184854006687,-0.26910470714118695,2.225696393835257,3.4742781747751676,2.435799991987343,4.363589102982928,2.9877135434097726,2.059176862619542,2.593146582797302,1.343743515921389,-2.0492805962987584,1.0077933709462288,0.6789587480241064,-0.9148324375409831,-0.7356552095279527,-1.472506092653058,0.9943106483117736,1.6168991440558793,0.533299439636977,0.4190749923391399,1.8740315872555113,-0.6775163371084783
-2.1468891243394985,-1.5406593191596674,1.992188958511444,-0.5202024575030917,2.0768079279321077,-0.3972588154800718,2.0214910084259303,-0.5320572472587521,-1.8214365525359542,-1.5550387224205409,-1.8367331852555653,-1.4920757180322015,-2.233130957592123,-3.421063832438248,-0.05761509491353589,-1.0423998129489522,-1.1474939103292359,1.61244197651434,-0.04943659018105517,-0.6194650202421474,-1.172481788589037,-2.1914026917892713,-1.6918595436494241,-2.8389714741700134,0.39766060912503587,0.3049128504505605,2.3017620754166748,3.4522552511565907,3.1544346950255386,3.882264911583033,2.7927309482235083,3.583392183152898,1.3416449754817918,0.6919239661975443,0.9357311335941327,1.50107392445915,-1.6832140183258533,-0.288854153530095,4.225845610586059,5.308603196597576,4.087162384029749,5.05519969343733,4.52267511424158,5.414067963977344,-2.1147395556116497,0.2638614695349579,-1.2461381893039096,0.04233368913338165,2.2721265462283897,-2.3122909948784733,2.236313499054565,-0.8150708007057466,2.7684275051482734,2.1858344222448975,3.3097495637416516,3.313406094961638,2.98618387719388,1.0536242583610713,3.2781287142268924,0.36019152089447104,-2.437252337321518,1.536925301698136,0.48712026249340745,-0.7706109450356768,-0.9508709513259808,-1.9470304363312154,1.3752516878107164,2.5669596495858213,0.63387143567049,0.322304730998094,1.9164046556516174,-0.32582216271041187
-1.4366483523578428,-1.9104943435329074,2.4863426303787204,-0.3852778606529199,2.4635335972356858,-0.26313511426385716,2.4136645777531527,-0.4228623530695348,-1.1529634846909023,-1.9299669460701026,-1.1952581927309955,-1.9849234012429702,-3.3191257298800756,-2.111022087133888,-0.29287808271613347,-0.793297784365091,-1.4174387131709292,1.3448168787959505,-0.4495346979212327,-0.28990877472401344,-2.2877322630043038,-1.1971609659474156,-2.7800783674733167,-1.792110720638489,0.21028169786502637,-0.3458679621130871,1.8357666616240058,3.6136047545577314,2.7998730029373293,4.156750992434664,2.361700768937326,3.8620427022799477,1.5416487734817377,0.2523076994710909,0.5939652729989948,0.5882396429810255,-1.2282461460641487,0.01637430706972154,3.6602508748461693,5.122938383411232,3.6167925208093132,4.782693086022918,3.9039980552680342,5.125096303211701,-1.7077882874714252,0.5000573583074024,-0.9097365900868795,0.18218889617560752,2.26661229923715,-1.8743734770149265,1.603023739848445,-0.2584965213187136,2.07590064193075,3.4245393316135955,2.221089747732509,4.328029190076113,3.0983320626028226,1.979293197321911,2.497414555407633,1.2595799520072513,-1.9791397077743826,1.2390376600113449,0.5056701534172703,-0.5331833555747805,-0.8495284358393134,-1.4417879835064555,1.2046402354492587,1.8040474759438503,0.286643507268181,0.13358341936688678,2.325475601974369,-0.18725763894520764
-1.6442550740643385,-1.8742396967297799,2.2830466287285924,-0.27421021576296223,2.275712028166427,-0.12198102652164788,2.21872656708405,-0.2940788370226448,-1.3234566649447284,-1.8929449930287294,-1.3933719439596142,-1.9345648274008451,-3.1510010337926646,-2.3793312595393674,-0.37324761241574933,-1.0263574310362396,-1.238413961652297,1.6877313162124574,-0.5249555764907843,-0.48029384007190234,-2.1611377085421286,-1.3472319802131225,-2.655098284489031,-1.8372289061510179,0.3663309316717731,-0.4271065851022371,1.8054469757325657,3.7223704907501913,2.8403202966630827,4.284830462621106,2.402615555510665,3.974673360488304,1.5952605849052004,0.36617902667985813,0.7011752771167172,0.5502182491734819,-1.2150758960949783,0.03847136906948112,3.811241178093476,4.880778645824184,3.841292278952417,4.558452428077826,4.106481220047276,4.886678537060871,-1.6058920509833952,0.5105862222331714,-0.8882728088478249,0.1778281040603069,2.296718027405082,-1.6355647655167411,1.6942738351939912,-0.001832266837606511,2.198157347215332,3.3784571424792,2.4564844452143904,4.420602503687314,3.1187936121445246,1.9108500240103607,2.708923216574493,1.3541647265104624,-1.9345047187088493,1.4632558577412178,0.5197067060616867,-0.5942022994697256,-0.8022390880028718,-1.3311988603865426,1.2978207629914484,1.899230144670609,0.4314633211702814,0.33293086967967245,2.1884224776391132,-0.2164667500552806
-1.287036547407411,-2.0896760728233286,2.604870857739363,-0.663988632883111,2.6072407672022333,-0.5039390558249748,2.552481914440251,-0.6743224900056513,-1.0201381861002368,-2.1348823114707196,-1.0452025723872413,-2.1707013363987637,-3.3585176377689523,-2.1520091553543925,-0.18060051258600573,-0.7755821445171382,-1.4371784858639698,2.1433874977672556,-0.42680909325721705,-0.30026505125287883,-2.410196770445568,-1.1714132572855154,-2.8257335267308905,-1.590852592363432,0.38635315871054043,-0.30469397350716054,1.6379600089763393,4.062237807667734,2.6598089421518534,4.544192960940047,2.255337286767525,4.222602490559942,1.3602092063677462,0.4418518470403745,0.665894941772974,0.5914602049405557,-1.0687079137248934,0.16416350773772548,3.5744481744473555,4.749549323001122,3.6121547325969052,4.452669902412912,3.8693059347054746,4.7944781129633425,-1.6186141400748482,0.6971237287179042,-0.7939631461162495,0.4299232921586702,1.995297145782577,-1.782815924012921,1.5850152837658724,-0.030463982959722635,2.1720956461782803,3.3808632084365424,2.4052280756174635,4.404520143047608,2.9528220881962275,1.8152028311501152,2.4933992460811147,1.2309446858077955,-2.029227056059846,1.2492437386448065,0.843826378598231,-0.7109798691896487,-0.8964296464352706,-1.3522586193647124,1.166960565982925,1.7096908759551885,0.5869794430007449,0.515957767755121,2.0872998803930782,-0.4073063160126651
-1.6569173895016283,-1.6199421226296282,2.2683322125810372,-0.37431611061482073,2.3029158405205488,-0.23650615212366244,2.2376730973200134,-0.3778243206448728,-1.4125289484509844,-1.6413690074052019,-1.4136554771916066,-1.6842350655345273,-2.5886608644508797,-2.230139226430506,-0.1829612061849799,-0.5656339386343587,-1.1862096800070079,1.8622007646222256,-0.3793263582365549,-0.2304327954425931,-1.568460942574185,-1.322849168413776,-2.012312455133416,-2.0325305030621292,0.7575939215035232,-0.35915202104625443,2.1817229430422183,3.3648476821664497,2.9656604615598487,4.016498636388634,2.5644187434623307,3.708006337632697,1.3520748177480284,0.2575406012784862,0.9965697801951316,0.5528740540120003,-1.037291155056045,0.22237095509277083,3.576507344141244,4.37882020428989,3.492574959120062,4.240419861485148,3.8381512572111776,4.570487636958444,-1.4663188924641224,0.6996749677714389,-0.6307270748799736,0.4797119364921896,2.0247668641934036,-1.7941411680653196,2.0391144954636564,-0.3468657890454452,2.578466945550759,3.1393874834135973,2.8938181944617662,3.6779151906760683,2.793466348624258,1.7814101313703645,2.578097482977584,0.6196158872019879,-2.384040020650301,1.6598738309260872,0.528474969630711,-0.29442415389332677,-1.404344931328672,-1.78258539314767,1.4213732185013601,2.4248157447535155,0.3893883330095864,0.1772509493597898,2.261097308108817,-0.016005932564527647
-1.3448285238302429,-1.9823379478491097,2.111452030602667,-0.10778490188075107,2.1578345505354193,-0.0069581577228952085,2.0891469051827922,-0.15313004619526005,-1.0588869453955567,-2.0092415585772674,-1.121327723137565,-2.0548768007198124,-3.0225493615449643,-1.9374719368612023,-0.3825540619480474,-0.7604946582740961,-1.1958742900424832,1.3388136677793128,-0.5615870188437952,-0.23711575583846578,-1.9025057051510723,-0.9737867881333324,-2.3950948676633557,-1.506881422335466,0.7658466660119352,-0.0725886999548262,2.6871412878053924,3.349557971634699,3.310993043604876,4.14245370638141,2.91637443894847,3.8268646807247535,1.8820796430092503,0.46332353607595245,1.0652529180301364,0.7903003809279081,-1.4215297825480384,0.41445601518242015,4.207316156691313,5.40995366027558,3.951897759527707,5.257176126062333,4.254363075374098,5.577880211113417,-1.6102452940431178,0.6787338150402906,-0.9533808233614689,0.2901671602457707,2.310101951274799,-1.3705057438686215,2.0022261316757657,-0.1498101156573366,2.346969376343072,3.599954903198224,2.6031792732945433,4.302398814023084,2.9543674090151555,2.266222981752211,2.5490044086370283,1.4448304068803903,-1.5152132673824887,1.4520530685909776,0.5423508957940353,0.014297386914401855,-0.5519958456864815,-1.2243240834085203,1.5360504286274903,2.140417045247302,0.5053992428694372,0.4005698711170833,2.41307511224686,0.07841009218684825
-1.5068467787151958,-1.7252991091727434,1.8661718352228274,-0.0428783404529991,1.9170488454771988,0.10196277784058516,1.856515842763189,-0.055089021428548435,-1.2309930827008349,-1.791026126215511,-1.2998743513542577,-1.8116889017778224,-3.2075969171025314,-2.5104239795119776,-0.3676394395431988,-0.770576391918361,-1.2095128403445043,1.595430479048253,-0.5230401189022977,-0.4055705304852193,-2.299853303565439,-1.7933365936311416,-2.4846173449099993,-2.1356631553043277,0.42353800863846036,-0.29868549020628965,2.5405238692550265,2.9025707109124017,3.44944268527661,3.5800613433123214,3.039471068890741,3.268953073373714,1.711366911464662,-0.06459432290578437,0.8627363860888977,0.3726304971511558,-0.9429798583692124,-0.0595067785234944,3.5052470296057265,5.239761341287322,3.3701564050998494,5.040906837202838,3.6012358055736424,5.3178742587695655,-1.232698268814591,0.2612581334906814,-0.4937204379726161,0.057495078202781436,1.7922819674483828,-1.8209032774045477,1.7581764045722696,-0.4015707074331436,2.165662114705727,3.423837839719912,2.3721269468927986,4.028031578496256,2.7040665848504926,2.2192623992496676,2.2708866543473176,1.3575855211236245,-1.3303369584079752,0.9520971297746037,0.21811743811240536,-0.05931024082301395,-0.6513710876518575,-0.9413490402111879,1.2192017281017495,1.7392139403629416,0.22431015701693457,0.12388317250924974,2.398032593815432,-0.06863296647713124
-1.3105351574404427,-1.4121080907106318,2.0808492612835536,-0.23432827848821347,2.1465014095168584,-0.024476364765645187,2.0556719508480104,-0.20771489720160652,-1.0155412077346035,-1.4593954426708313,-1.1643624411985343,-1.530646846151619,-3.3991895615928565,-1.9718584881073618,-0.24474801356804932,-1.0511167830618326,-1.4225549362786492,-0.01321674076700674,-0.6325779641649634,-0.29304158397544455,-1.9650607990054372,-1.1615957437239386,-2.645737362801837,-1.4048262336868902,0.44600596366044165,0.46828746388770526,1.198032993900636,3.1374409754166876,1.6667839328878848,3.4884519936942553,1.0999633163012472,3.3633299210789858,2.146134202500523,0.1267035705912054,1.3241802564817604,0.7328145767784413,-0.9224175227323519,-0.5115161028249062,2.8211904910822234,4.435150471256945,2.9222356715521656,4.484221105953772,2.9940872302587813,4.70865854461745,-1.277402703158879,0.1626896132306186,-0.62855818513746,-0.6038752301623163,2.6298706409006556,-2.134901147541985,1.6349501218330325,-0.8215944055400222,2.248031567534902,4.488153836443157,1.9879334577299232,3.9088617813481914,3.5618806611386056,3.1711796542396318,2.8310697253246815,1.3611008558977353,-1.5642329220812865,0.8607539863721279,1.160793123324492,-1.0104377186849414,-0.1006681558639837,-1.3561507106782509,1.2497089972435305,1.671964868682478,0.7467284151618365,0.36837072714934394,1.8335246396189522,-0.22299668329889855
-1.57443219300561,-1.8365850074156889,2.382004985234315,-0.29456907069154425,2.361063853698565,-0.16211734924741972,2.303422406477474,-0.33335114164535806,-1.3088036022190517,-1.8558207725851563,-1.3761982575057976,-1.94340912229828,-3.194175455003622,-2.280733577130798,-0.3458365137537216,-0.981326811930674,-1.4887169694510254,1.773317971946061,-0.621096521248826,-0.5933151420845837,-2.266424411884399,-1.609018179783468,-2.5477099122775857,-1.8845816309495098,0.16456255369902006,-0.25112951308718934,2.0229807657533483,3.4933489914266866,3.0306994485714354,4.03905699471087,2.556153666397763,3.7084703248491477,1.4577125692308082,0.5028192610227693,0.538785269485186,0.6918258664595909,-1.1749967478549452,-0.07832102774005723,3.6730375958259414,5.008476228848781,3.7053369909959413,4.724179592821829,3.9423635111898276,5.083926974470702,-1.796756734355243,0.44246081443631713,-0.9171991668985537,0.02792634822137341,2.3970072493148065,-2.10418037824532,1.8755767774400178,-0.40402887245847374,2.2146176260441885,3.2226932838508686,2.393814033462875,4.243959144504813,3.188475068101316,1.8286744955529324,2.644827976797675,1.2628705411337728,-1.9341692217480482,1.1153259449668056,0.5700437743512001,-0.8710505612572375,-0.9143048273125611,-1.53026684992974,1.0693539285216227,1.7276279287305814,0.3848734729086418,0.2874022323482395,2.012587727982443,-0.5641945107788242
-1.0569675183548766,-2.165723058324413,2.659985945548848,-0.770241692982566,2.639344579582745,-0.606204591090858,2.5850227990368326,-0.7788043665357627,-0.8149673887310902,-2.1917635652314624,-0.8472871385671068,-2.2669641936186795,-3.7794590460650905,-1.6579113391664575,-0.36620769198077063,-0.5587112140820887,-1.7112615914848899,2.1190474673622015,-0.593921420103741,-0.1679632973672378,-2.732297868699339,-0.9361325124705351,-3.072052128264379,-1.3144141956258872,0.3512643363677004,-0.058700695509767975,1.8159557652023803,3.883821620942716,2.867226634288195,4.31351374627883,2.394934024175786,4.04402121138875,1.4665275181000021,0.2458714760744236,0.6175846817987072,0.6628684046055744,-0.9705837303794658,0.31506118791714943,3.3878885335106235,5.091504679873931,3.3814617947765546,4.8420011733849195,3.6042649931267645,5.168877468706618,-1.5515430989758112,0.8651821340212269,-0.6982094878698062,0.6227930403849706,2.1089773548026676,-2.0196207964668487,1.6582441931941334,-0.34060238955559274,2.239938890228414,3.167034102758147,2.2825413975731657,4.173841051663483,3.121902613681674,1.730019634090847,2.401897842156237,1.2738896677805478,-1.7165436467121906,1.1387713838375664,0.8182240391085953,-0.48031721438037067,-0.5884869603973213,-1.0708785933065936,1.2049762493273954,1.683251260787019,0.5396099979060747,0.4378209301900613,2.172358726370258,-0.37842191461251407
-1.5024176090629835,-1.9215657633402197,2.3104575144844883,-0.3282332421983387,2.3034480379707043,-0.2080491798370021,2.249084644733765,-0.37211986342420555,-1.193776336343951,-1.9883954924002047,-1.2671529316300494,-2.0193263027286474,-2.94387366780756,-2.3036632203098217,-0.07675185021830888,-0.9348861184271064,-1.4169218292937105,1.69987599183347,-0.3401363615421751,-0.4061626610706597,-2.0953290735761216,-1.2485144863555977,-2.50593138169081,-1.7267275754504698,0.4767060226043309,-0.27985923058318285,1.9619396690924553,3.7906141881883606,2.94411364291863,4.3146645020224845,2.536334304370455,3.9942415435552547,1.6157627376479677,0.5044834737431243,0.8291124431075163,0.6616874393725691,-1.197584995954636,0.08867037509519271,3.985496313721443,4.758103884996286,4.011741502037001,4.49390595595068,4.256882262513521,4.7922851535276525,-1.5517342666774905,0.5673686008900116,-0.8466451020189751,0.214888276438014,2.1133517854926316,-1.7237046321901008,1.6521943301213824,-0.07840775287148993,2.2744175515555725,3.482455659542934,2.5292068366394878,4.3382175763411475,3.007624352477581,2.032341625942257,2.652608275928335,1.2526917860669018,-1.8072471214050356,1.3830132414332947,0.6935541426693703,-0.5693365537217527,-0.7105701449600295,-1.2132173237449444,1.2762604911065552,1.9319630170057795,0.5221242765543295,0.40499431687293264,2.1786700261594563,-0.24547712344154782
-1.6562925946940759,-2.0538747231912815,2.753790599424044,-0.7442502130835145,2.7360191572501487,-0.5598656588422921,2.6791508598449445,-0.7211069217993114,-1.4060320210699135,-1.9922617781864105,-1.3779987797744093,-2.073909694663782,-3.3547562330504572,-1.8965700476943104,-0.5140874698802813,-0.9014945999634305,-1.7270926895565593,1.2705902246665337,-0.5159246992334374,-0.18612873955026732,-2.1498409409760546,-1.0662090947620202,-2.7414188931748935,-1.5925816370911186,-0.006290380542547602,0.14038829024532795,2.3419874406789534,4.284763277816299,3.4252099536840026,4.914969156175132,2.9753544686977955,4.670574612855716,1.7342563268448918,1.0089187105299393,0.29897186503971795,1.1513952708190827,-1.0512131021898918,0.9157179308746111,4.047030265577306,5.180321104775481,3.9662902552228383,4.989910042264227,4.25873803518727,5.353823846236074,-1.654771484447533,1.4097708147871293,-0.8684897412583803,1.2660261538784772,3.1966846820796464,-1.7364200096082918,2.2312682697464004,0.07700244691629354,2.6125629580414573,3.3432433524743095,2.631426753831774,4.573457166686343,3.7017247725766724,1.4814938830955162,2.9765759592714955,1.3403889423768147,-1.5885852370936933,1.556306767063968,0.7145546215777623,-0.5606190699727067,-0.6242574732798651,-1.3260198060697217,1.5851847440466011,1.9062802164938395,0.8230422050349366,0.6409333163208446,2.3533024402108085,-0.11107487582233588
-1.4683874507503618,-1.9540421635041363,2.4645310845152677,-0.46545417816285006,2.447148384181303,-0.3039256696617496,2.394185342611854,-0.47645148272453763,-1.1856874899801344,-1.99753189366192,-1.2233826041395837,-2.039331668688032,-3.2492576681889758,-2.116553538937113,-0.2836842910657804,-0.8351697947035497,-1.3280686759043632,1.7058071950663543,-0.5103648330860215,-0.34844638574401543,-2.270313040631552,-1.1892273682641141,-2.713072304592291,-1.66362566308339,0.40728013255186113,-0.30454354227676195,1.85914596465176,3.8275131377766876,2.8609329864580744,4.345467047153127,2.4315596229414647,4.04160221823223,1.6027038342817548,0.4025558298934371,0.7682674553244393,0.6544118197212665,-1.1963405689521824,0.08200996908465008,3.799648217924343,4.953863190977414,3.8245392570805645,4.654523332341524,4.07228401271575,4.976442648278001,-1.6539080566815731,0.5800707967106487,-0.8944197648076826,0.27365554423476013,2.121985597621265,-1.7727011568011513,1.634653864593349,-0.052731771982973186,2.2117559329632117,3.5942742151231464,2.43683905315239,4.5060149051626315,3.05502246518871,2.0430165297323724,2.5578732344074986,1.368187812325762,-1.9521771728310129,1.3641617321140433,0.7283231945016375,-0.648971420192793,-0.7941538786924984,-1.3068748203674638,1.248818799226906,1.8935485597215695,0.5197812929500891,0.3928496033738451,2.1560947496507694,-0.3249412550446591
-1.3516053825624197,-2.1700615370993495,2.760125516456876,-0.6650512631801755,2.736894678880459,-0.5029697967411098,2.68940992804926,-0.6692953871032277,-1.0645335427563136,-2.189866914579446,-1.1020514120757312,-2.237658636936401,-3.4915452682441037,-1.8739367136352416,-0.2909434494451757,-0.7507549451838518,-1.3804760503283058,1.7058982844239212,-0.5397152381304462,-0.2698117999388412,-2.4903709535180454,-0.9771323072402893,-2.97810902222221,-1.4526564628426235,0.32487659986243056,-0.30737919753189136,1.7763303786685123,4.0069336279825825,2.7483144630513916,4.5020987308701885,2.3112360356112545,4.190668081357361,1.567683562420017,0.4134704545409207,0.7079288082986777,0.7625663452292963,-1.1593002665678123,0.20139751587509025,3.7464154091936672,4.877780529960391,3.7577482426106874,4.643029652132626,4.02081466513295,4.975619102994323,-1.6296835837034487,0.750600752067391,-0.8570276596130162,0.5158502672479264,2.085351233210834,-1.8216072322458379,1.7007605387907505,-0.05234366941065094,2.386187370437578,3.739556186512904,2.5131803493540543,4.524116047306372,3.1437542580761475,2.118138609714598,2.5494052926972115,1.241301837230198,-2.1253203597835806,1.3154746235856498,0.9239170278390381,-0.8882306693256936,-0.8329885051935682,-1.4273114253972925,1.1130704959359852,1.8286169518577768,0.6800653649647668,0.5496727289010526,1.9368418541376071,-0.5575853681078469
-1.355769232287571,-2.0753681627549057,2.498253588353178,-0.41871848624011676,2.470528977231468,-0.3176468079176491,2.423659018181948,-0.4701847311438767,-1.0791190590560467,-2.1162223202749653,-1.1095253882638287,-2.1565186032028674,-3.4158177127767937,-1.8706569249028622,-0.3274737659278486,-0.8284940638655893,-1.5558820312258823,1.6057085769312298,-0.5363643703696059,-0.2906131531412077,-2.3654287761489576,-1.0057493341601171,-2.864682399001745,-1.5194967468526617,0.2612149689124008,-0.12453510781214572,2.016231771840027,3.7761600519109555,2.9273826212058944,4.263470957223414,2.4976550458915057,4.016388552879717,1.5480473657056146,0.41120927756388337,0.6890128606815402,0.753513016672815,-1.2972190201895897,0.1394157947622423,3.8747877175583474,5.544489722068248,3.765558227819546,5.2050392534354435,4.063618860593755,5.561724940636178,-1.8148021317220469,0.6196301553402348,-0.991160878680458,0.24497372897926706,2.370930570232228,-2.059384349638493,1.7236934895534208,-0.2499540422419413,2.155463976446505,3.4406909804658907,2.2862641392718883,4.4346812400392706,3.153382142311899,1.8081768408689767,2.517357477799332,1.2345354038542231,-1.8278579767796446,1.2004104654536558,0.4956372924270802,-0.47114705183050454,-0.6992824166194707,-1.3623668451455382,1.2102296691178926,1.7870420050340394,0.27462910353914527,0.0957413530559279,2.374310692107673,-0.14043102758642245
-1.2755994244217845,-2.0274376319423384,2.801885424653179,-0.7378922660125724,2.7830994112680774,-0.5773944374331661,2.7426063701577243,-0.7438766290514272,-1.031870889570257,-2.107394796235059,-1.041292857618795,-2.1274772993341533,-3.28514497078779,-2.049149389706598,-0.10377564665063144,-0.6658198323021987,-1.4547950895441977,2.0261016295317473,-0.45968926196070825,-0.26079230737978687,-2.4265746023510237,-1.2108582212949583,-2.828173099450428,-1.5958224447413825,0.3129064104587398,-0.2459943739745336,1.645443985386648,4.101412522626158,2.6040351385661316,4.455438152821629,2.2020413208272567,4.144595073033973,1.4658452120463314,0.4839467064517171,0.6409033811626452,0.7812684226362405,-1.0712814273200304,0.3509525247090757,3.5906935619226035,4.796304787806183,3.6683054826529764,4.57491909466047,3.8778609626350145,4.869205291568458,-1.5684330493174334,0.9553065281277204,-0.7866404263816,0.6248433891394658,1.9743996595467586,-1.7839119093290297,1.8813755053185934,-0.10084839595648898,2.5783450654769124,3.71868057877223,2.876792804833773,4.32292601982724,3.063663750686132,2.277216161509135,2.605975934540564,1.230062882682387,-2.0591664243120964,1.3697542510176328,1.067017892110556,-0.7787146287895657,-0.9600194381033114,-1.302321946605947,1.213199495189131,1.9632627469852224,0.6808384158770693,0.5875216251516582,2.0731884982741704,-0.4557462199872031
