,Lasso 0.015625 electronic_coef,Lasso 0.015625 electrostatic_coef,Lasso 0.015625 lumo_coef,Lasso 0.03125 electronic_coef,Lasso 0.03125 electrostatic_coef,Lasso 0.03125 lumo_coef,Lasso 0.0625 electronic_coef,Lasso 0.0625 electrostatic_coef,Lasso 0.0625 lumo_coef,Lasso 0.125 electronic_coef,Lasso 0.125 electrostatic_coef,Lasso 0.125 lumo_coef,Lasso 0.25 electronic_coef,Lasso 0.25 electrostatic_coef,Lasso 0.25 lumo_coef,Lasso 1.0 electronic_coef,Lasso 1.0 electrostatic_coef,Lasso 1.0 lumo_coef,Lasso 0.5 electronic_coef,Lasso 0.5 electrostatic_coef,Lasso 0.5 lumo_coef,Lasso 0.0078125 electronic_coef,Lasso 0.0078125 electrostatic_coef,Lasso 0.0078125 lumo_coef,Lasso 0.00390625 electronic_coef,Lasso 0.00390625 electrostatic_coef,Lasso 0.00390625 lumo_coef,Lasso 0.001953125 electronic_coef,Lasso 0.001953125 electrostatic_coef,Lasso 0.001953125 lumo_coef,Ridge 0.0625 electronic_coef,Ridge 0.0625 electrostatic_coef,Ridge 0.0625 lumo_coef,Ridge 0.00390625 electronic_coef,Ridge 0.00390625 electrostatic_coef,Ridge 0.00390625 lumo_coef,Ridge 0.015625 electronic_coef,Ridge 0.015625 electrostatic_coef,Ridge 0.015625 lumo_coef,Ridge 0.0078125 electronic_coef,Ridge 0.0078125 electrostatic_coef,Ridge 0.0078125 lumo_coef,Ridge 0.001953125 electronic_coef,Ridge 0.001953125 electrostatic_coef,Ridge 0.001953125 lumo_coef,Ridge 0.125 electronic_coef,Ridge 0.125 electrostatic_coef,Ridge 0.125 lumo_coef,Ridge 0.03125 electronic_coef,Ridge 0.03125 electrostatic_coef,Ridge 0.03125 lumo_coef,Ridge 0.25 electronic_coef,Ridge 0.25 electrostatic_coef,Ridge 0.25 lumo_coef,Ridge 0.5 electronic_coef,Ridge 0.5 electrostatic_coef,Ridge 0.5 lumo_coef,Ridge 16.0 electronic_coef,Ridge 16.0 electrostatic_coef,Ridge 16.0 lumo_coef,Ridge 8.0 electronic_coef,Ridge 8.0 electrostatic_coef,Ridge 8.0 lumo_coef,Lasso 0.0009765625 electronic_coef,Lasso 0.0009765625 electrostatic_coef,Lasso 0.0009765625 lumo_coef,Ridge 2.0 electronic_coef,Ridge 2.0 electrostatic_coef,Ridge 2.0 lumo_coef,Ridge 4.0 electronic_coef,Ridge 4.0 electrostatic_coef,Ridge 4.0 lumo_coef,Ridge 1.0 electronic_coef,Ridge 1.0 electrostatic_coef,Ridge 1.0 lumo_coef,Ridge 32.0 electronic_coef,Ridge 32.0 electrostatic_coef,Ridge 32.0 lumo_coef,ElasticNet 0.03125 0.5 electronic_coef,ElasticNet 0.03125 0.5 electrostatic_coef,ElasticNet 0.03125 0.5 lumo_coef,ElasticNet 0.015625 0.5 electronic_coef,ElasticNet 0.015625 0.5 electrostatic_coef,ElasticNet 0.015625 0.5 lumo_coef,ElasticNet 0.125 0.5 electronic_coef,ElasticNet 0.125 0.5 electrostatic_coef,ElasticNet 0.125 0.5 lumo_coef,ElasticNet 0.0625 0.5 electronic_coef,ElasticNet 0.0625 0.5 electrostatic_coef,ElasticNet 0.0625 0.5 lumo_coef,ElasticNet 0.25 0.5 electronic_coef,ElasticNet 0.25 0.5 electrostatic_coef,ElasticNet 0.25 0.5 lumo_coef,ElasticNet 1.0 0.5 electronic_coef,ElasticNet 1.0 0.5 electrostatic_coef,ElasticNet 1.0 0.5 lumo_coef,ElasticNet 0.5 0.5 electronic_coef,ElasticNet 0.5 0.5 electrostatic_coef,ElasticNet 0.5 0.5 lumo_coef,PLS 2 electronic_coef,PLS 2 electrostatic_coef,PLS 2 lumo_coef,PLS 1 electronic_coef,PLS 1 electrostatic_coef,PLS 1 lumo_coef,PLS 3 electronic_coef,PLS 3 electrostatic_coef,PLS 3 lumo_coef,PLS 4 electronic_coef,PLS 4 electrostatic_coef,PLS 4 lumo_coef,ElasticNet 0.0078125 0.5 electronic_coef,ElasticNet 0.0078125 0.5 electrostatic_coef,ElasticNet 0.0078125 0.5 lumo_coef,PLS 5 electronic_coef,PLS 5 electrostatic_coef,PLS 5 lumo_coef,PLS 6 electronic_coef,PLS 6 electrostatic_coef,PLS 6 lumo_coef,ElasticNet 0.00390625 0.5 electronic_coef,ElasticNet 0.00390625 0.5 electrostatic_coef,ElasticNet 0.00390625 0.5 lumo_coef,PLS 7 electronic_coef,PLS 7 electrostatic_coef,PLS 7 lumo_coef,PLS 9 electronic_coef,PLS 9 electrostatic_coef,PLS 9 lumo_coef,OMP 1 electronic_coef,OMP 1 electrostatic_coef,OMP 1 lumo_coef,PLS 8 electronic_coef,PLS 8 electrostatic_coef,PLS 8 lumo_coef,OMP 2 electronic_coef,OMP 2 electrostatic_coef,OMP 2 lumo_coef,OMP 3 electronic_coef,OMP 3 electrostatic_coef,OMP 3 lumo_coef,PLS 10 electronic_coef,PLS 10 electrostatic_coef,PLS 10 lumo_coef,PLS 12 electronic_coef,PLS 12 electrostatic_coef,PLS 12 lumo_coef,OMP 5 electronic_coef,OMP 5 electrostatic_coef,OMP 5 lumo_coef,OMP 4 electronic_coef,OMP 4 electrostatic_coef,OMP 4 lumo_coef,PLS 11 electronic_coef,PLS 11 electrostatic_coef,PLS 11 lumo_coef,OMP 9 electronic_coef,OMP 9 electrostatic_coef,OMP 9 lumo_coef,OMP 6 electronic_coef,OMP 6 electrostatic_coef,OMP 6 lumo_coef,OMP 7 electronic_coef,OMP 7 electrostatic_coef,OMP 7 lumo_coef,OMP 8 electronic_coef,OMP 8 electrostatic_coef,OMP 8 lumo_coef,OMP 10 electronic_coef,OMP 10 electrostatic_coef,OMP 10 lumo_coef,OMP 13 electronic_coef,OMP 13 electrostatic_coef,OMP 13 lumo_coef,Lasso 0.00048828125 electronic_coef,Lasso 0.00048828125 electrostatic_coef,Lasso 0.00048828125 lumo_coef,OMP 11 electronic_coef,OMP 11 electrostatic_coef,OMP 11 lumo_coef,OMP 14 electronic_coef,OMP 14 electrostatic_coef,OMP 14 lumo_coef,OMP 12 electronic_coef,OMP 12 electrostatic_coef,OMP 12 lumo_coef,PLS 13 electronic_coef,PLS 13 electrostatic_coef,PLS 13 lumo_coef,PLS 14 electronic_coef,PLS 14 electrostatic_coef,PLS 14 lumo_coef,ElasticNet 0.001953125 0.5 electronic_coef,ElasticNet 0.001953125 0.5 electrostatic_coef,ElasticNet 0.001953125 0.5 lumo_coef,ElasticNet 0.0009765625 0.5 electronic_coef,ElasticNet 0.0009765625 0.5 electrostatic_coef,ElasticNet 0.0009765625 0.5 lumo_coef,Lasso 0.000244140625 electronic_coef,Lasso 0.000244140625 electrostatic_coef,Lasso 0.000244140625 lumo_coef,Lasso 0.0001220703125 electronic_coef,Lasso 0.0001220703125 electrostatic_coef,Lasso 0.0001220703125 lumo_coef,Lasso 6.103515625e-05 electronic_coef,Lasso 6.103515625e-05 electrostatic_coef,Lasso 6.103515625e-05 lumo_coef,ElasticNet 0.00048828125 0.5 electronic_coef,ElasticNet 0.00048828125 0.5 electrostatic_coef,ElasticNet 0.00048828125 0.5 lumo_coef,ElasticNet 0.000244140625 0.5 electronic_coef,ElasticNet 0.000244140625 0.5 electrostatic_coef,ElasticNet 0.000244140625 0.5 lumo_coef,ElasticNet 0.0001220703125 0.5 electronic_coef,ElasticNet 0.0001220703125 0.5 electrostatic_coef,ElasticNet 0.0001220703125 0.5 lumo_coef,ElasticNet 6.103515625e-05 0.5 electronic_coef,ElasticNet 6.103515625e-05 0.5 electrostatic_coef,ElasticNet 6.103515625e-05 0.5 lumo_coef
-4 1 -3,0.0,-0.0,-0.0,0.0,0.0,-0.0,0.0,0.0,-0.0,0.0,0.0,-0.0,0.0,0.0,-0.0,0.0,-0.0,-0.0,0.0,-0.0,-0.0,0.0,-0.0,-0.0,0.0,-0.0,0.0,-0.0,-0.0,0.0,-0.00018926605280148676,-0.15902065724265466,0.000529689638530654,0.003922435855766236,0.09241175650153156,0.0019298432563603272,0.002028960267082394,-0.1401125737709266,0.0011168158430021507,0.0031930523453852157,-0.05479901014270143,0.0015148682642794759,0.00410229675491156,0.27670304122214634,0.002305004332594571,-0.0006797277857488606,-0.1373868307316094,0.00034168421240706034,0.000781325307823875,-0.16759365655834604,0.0007836508272887159,-0.0007297939578145248,-0.11430726542966296,0.00020316450244797343,-0.0005457251588622384,-0.0904767562904513,0.00010587708266986485,4.36224705891367e-06,0.00407821245358854,-1.4165747558727798e-05,1.5624657244004126e-05,-0.0033986310770396932,-1.3388363894016224e-05,-0.0,-0.0,0.0,-0.00012219969953662502,-0.03968954127951288,1.102892041646917e-05,-1.3822236127147748e-05,-0.018221843528836063,-6.147773254164831e-06,-0.00031238957169094073,-0.06494131752118824,4.483061797826685e-05,-9.438123844403777e-06,0.005905577417870026,-1.1473834624328683e-05,0.0,0.0,-0.0,0.0,-0.0,-0.0,0.0,0.0,-0.0,0.0,0.0,-0.0,0.0,0.0,-0.0,0.0,-0.0,-0.0,0.0,0.0,-0.0,-1.3291998312961615e-05,0.003283165340753176,-5.121822865843047e-06,7.486640245344172e-06,-0.00019769407639120586,-2.005367339879122e-06,-2.7295709350897877e-05,0.006458866979095012,-8.699625735424143e-06,-3.9147623098266136e-05,0.014183738774386175,-1.775780693721894e-05,0.0,-0.0,0.0,-6.826297017283696e-05,0.018311559018314542,-2.257506700979636e-05,-3.1297490298558374e-05,0.01249194496219438,-3.0425698081475615e-05,0.0,-0.0,0.0,0.00017776102300863292,-0.0031267801850386203,-2.9118944593520062e-05,0.00023481930833218237,-0.02831245812747508,-1.126073194177905e-05,0.0,0.0,0.0,0.00018567711814649146,-0.006645387137985599,-2.5952008169002436e-05,0.0,0.0,0.0,0.0,0.0,0.0,9.265154994509785e-05,-0.062190666338747876,1.2867918745312363e-05,-0.000329851784346845,-0.09586514347086308,4.133238841444648e-05,0.0,0.0,0.0,0.0,0.0,0.0,-9.103976831293844e-05,-0.0766514316421887,2.8162375293952398e-05,0.0,0.0,0.0,0.0,0.0,0.0,0.0,0.0,0.0,0.0,0.0,0.0,0.0,0.0,0.0,0.0,0.0,0.0,-0.0,-0.0,0.0,0.0,0.0,0.0,0.0,0.0,0.0,0.0,0.0,0.0,-0.0008326897304905185,-0.12535547939721356,6.414952316574944e-05,-0.0013441671154468566,-0.14835994131479918,9.881838470420483e-05,-0.0,-0.0,0.0,-0.0,-0.0,0.0,-0.0,-0.0,0.0,0.0,-0.0,0.0,0.0,-0.0,0.0,-0.0,-0.0,0.0,0.0,-0.0,0.0,0.0,-0.0,0.0,0.0,-0.0,0.0
-4 1 -2,0.0,-0.0,-0.0,0.0,-0.0,-0.0,0.0,0.0,-0.0,0.0,0.0,-0.0,0.0,0.0,-0.0,0.0,-0.0,-0.0,0.0,-0.0,-0.0,0.0,-0.0,0.0,0.0,-0.0,0.0,0.0,-0.0,0.0,0.017578752648208146,0.5444683708474385,0.01636216923175396,0.03186239326692116,0.28880476608819816,0.038394327709839145,0.023594156109002267,0.9019343825194278,0.027577989258338525,0.02774859064902794,0.6901653894659177,0.033449933741817615,0.035549028360841985,-0.16651906838307978,0.04192030972488097,0.015449796349582014,0.1403194873968383,0.011752457843996257,0.020108980539588844,0.8428265365493407,0.021681042546442188,0.013076496106633539,-0.21954757960007187,0.00784709243949277,0.010562120950554664,-0.4446678008598992,0.004743597202454495,0.002363122829622394,-0.09046854738847078,-0.00011816320041857929,0.00384133053800116,-0.19994277034798696,3.3609873800545066e-05,0.0,0.0,0.0,0.0068696819820612326,-0.4677843267967149,0.0011896464421086283,0.005409824999791215,-0.34174924671390566,0.0004217219973792115,0.008454555868718303,-0.5182019871854101,0.0025518787000311676,0.0012515044684878087,-0.02822841395490922,-0.00014089482310653266,0.0,-0.0,0.0,0.0,-0.0,0.0,0.0,0.0,-0.0,0.0,-0.0,-0.0,0.0,0.0,-0.0,0.0,-0.0,-0.0,-0.0,0.0,-0.0,-0.0001593285927870015,0.02358414235269966,-0.0001026178054870155,3.370303158572796e-05,-0.0055957126953372445,-3.683097140878571e-05,0.00021599794657202156,0.025354506606103826,-0.00014190777685754057,0.0016035434401070546,0.0057600956912661275,-0.00024822652911681703,0.0,-0.0,0.0,0.0017814664431331563,0.013147847772985137,-0.00028959276808399113,0.0039875829820437796,-0.13793341984360166,-0.0003426810394958935,0.0,-0.0,0.0,0.0071673760645879275,-0.34393513398710285,-0.000256466754733631,0.010050335546594099,-0.6008260255987212,0.00044929121728469224,0.0,0.0,0.0,0.0075475394805458946,-0.3744925297744105,-0.0001406903165919222,0.0,0.0,0.0,0.0,0.0,0.0,0.010609003470749579,-0.9066587507015067,0.0012825138527608787,0.009129938324953056,-0.9704722044619264,0.0022621747567536663,0.0,0.0,0.0,0.0,0.0,0.0,0.009791515394999789,-0.9297617033466329,0.0017861943344880324,0.0,0.0,0.0,0.0,0.0,0.0,0.0,0.0,0.0,0.0,0.0,0.0,0.0,0.0,0.0,0.0,0.0,0.0,-0.0,0.0,0.0,0.0,0.0,0.0,0.0,0.0,0.0,0.0,0.0,0.0,0.0073262439710990775,-0.8100379406777958,0.0035115826605890943,0.006343199400394856,-0.5622013994988356,0.0055174516359076855,0.0,-0.0,0.0,0.0,0.0,0.0,-0.0,0.0,0.0,0.0,0.0,0.0,0.0,-0.0,0.0,0.0,0.0,0.0,0.0,0.0,0.0,0.0,0.0,0.0,0.0,0.0,0.0
-4 1 -1,0.0,-0.0,0.0,0.0,-0.0,0.0,0.0,0.0,-0.0,-0.0,0.0,-0.0,-0.0,0.0,-0.0,-0.0,0.0,-0.0,-0.0,0.0,-0.0,0.0,-0.0,0.0,0.0,-0.0,0.0,0.0,0.0,0.0,0.029884639899394192,1.027053482476927,0.06108521834634285,0.10176153901672351,-2.2025806578888334,0.143180721670231,0.07084233434223577,0.2795257722900804,0.10365036969188016,0.0881490639816713,-0.8200047074297137,0.12450842406807719,0.1122214010458636,-3.5541272750200434,0.15882044009174548,0.013680014868822392,0.8403467012540173,0.04284451727120207,0.05042570568062739,0.8912012913264061,0.08193877933560081,0.004582315070025426,0.5000128243831335,0.02834642792094297,0.0016595205542658618,0.14900211589593299,0.017739296583153208,0.0005851443184429513,0.01185083943318731,0.00040947191125701804,0.0018453355463893403,-0.0820134006613801,0.0012918605666710486,0.0,0.0,0.0,0.002764746242300843,-0.21120244937488794,0.005870193732553537,0.002793289338753827,-0.18141143410913832,0.002986486428562941,0.0019181275319701536,-0.10538189357352971,0.01051704880824109,-0.0003451908459005808,0.06216161846643628,2.588595630611822e-05,0.0,-0.0,0.0,0.0,-0.0,0.0,0.0,0.0,-0.0,0.0,0.0,-0.0,-0.0,0.0,-0.0,-0.0,0.0,-0.0,-0.0,0.0,-0.0,-0.0017845362847967625,0.118329222799886,-0.0002829293964781995,-0.0005529992777060112,0.02464309511085194,-0.00012229795914061141,-0.0017130738702971439,0.14262307577790803,-0.0002398090640755472,-0.000769812983038481,0.12669962881307975,-0.00011732532832067968,0.0,-0.0,0.0,-0.0011711396406295566,0.17274969300744383,-9.106091007636378e-05,0.0024288082005937107,-0.02056220879529763,0.00044712782990413187,0.0,-0.0,0.0,0.005298563638937269,-0.21897218982028507,0.0011063668931620507,0.009726550947588274,-0.5880121312197794,0.003639006442408048,0.0,0.0,0.0,0.005963525965083236,-0.26635615183334477,0.0015155103016898151,0.0,0.0,0.0,0.0,0.0,0.0,0.008496337960794702,-0.863023327153046,0.0068587592423765935,0.002647032474392654,-0.5005897540894247,0.010818460979736731,0.0,0.0,0.0,0.0,0.0,0.0,0.0064602921083695775,-0.6460323004200081,0.008654370840931517,0.0,0.0,0.0,0.0,0.0,0.0,0.0,0.0,0.0,0.0,0.0,0.0,0.0,0.0,0.0,0.0,0.0,0.0,0.0,0.0,0.0,0.0,0.0,0.0,0.0,0.0,0.0,0.0,0.0,0.0,-0.004060983782820345,0.07766590585931055,0.015123139413918314,-0.011007291598456221,0.435343842114945,0.02098059044981567,0.0,0.0,0.0,0.0,0.0,0.0,0.0,0.0,0.0,0.0,-0.0,0.0,0.0,-0.854443470172453,0.0,0.0,0.40217579536618075,0.0,0.0,0.7553271159546049,0.0,0.0,0.0,0.0,0.07487905540767525,-0.0,0.01184426391884899
-4 1 1,0.0,-0.0,0.0,0.0,0.0,-0.0,0.0,0.0,-0.0,-0.0,0.0,-0.0,-0.0,0.0,-0.0,-0.0,0.0,-0.0,-0.0,0.0,-0.0,0.0,-0.0,0.0,0.0,-0.0,0.0,0.0,0.0,0.0,0.05752543533443031,0.5636261450504124,0.06249832727909674,0.1236315545503658,5.90541819861895,0.1475102658891438,0.10552099714083915,2.553417370710173,0.10678748859171609,0.11865044695269845,4.127291153616818,0.12851072852645035,0.12349902742755407,7.62016944088753,0.16284423900359524,0.03324496365919965,0.11512684055413427,0.04376066268742937,0.08384600754317466,1.3523539494618095,0.0840977874340945,0.016191189028762844,-0.12393538643057714,0.02883147728368913,0.007111003239524185,-0.25749182446532287,0.01776796102378951,0.0002873330802851613,0.041312598153189585,0.0001092107304301831,0.001279065071206646,-0.056461337716092505,0.0008427425069976195,0.0,0.0,0.0,0.0025962146243305806,-0.2879400594629508,0.005309042204485907,0.002110775688069366,-0.18505380182918796,0.0024206273907298303,0.0035620213495451292,-0.31549102648876964,0.010157235030677612,-0.00044944982719711716,0.08527596571741701,-0.00015384396552616816,0.0,-0.0,0.0,0.0,-0.0,0.0,-0.0,0.0,-0.0,0.0,0.0,-0.0,-0.0,0.0,-0.0,-0.0,0.0,-0.0,-0.0,0.0,-0.0,-0.001778807062034747,0.12784049361115946,-0.00034247670341886274,-0.0005589108183873748,0.028573103439856036,-0.00015397319349339384,-0.0016818034048277158,0.15921080540908178,-0.0003332471663781743,-0.0006694015597596599,0.1620828063045373,-0.00029962732963037395,0.0,-0.1290583835823593,0.0,-0.0011441778197759983,0.21373009775027385,-0.0003502512772487666,0.0021365183569208085,0.030616870120482326,-2.1816028773098446e-05,0.0,-0.0,0.0,0.0036922134095650804,-0.10735082625825215,0.0003800006796971574,0.007606627145680095,-0.5503309782820303,0.0024492109101767966,0.0,0.0,0.0,0.00464349323156315,-0.20028448268078675,0.0006077240652502639,0.0,0.0,0.0,0.0,0.0,0.0,0.005990124102245186,-0.9125054588359487,0.005563930076442263,0.0018071155901479789,-0.6593230247342129,0.010262505824375302,0.0,0.0,0.0,0.0,0.0,0.0,0.004375056885364192,-0.7378882252915646,0.007815310739043194,0.0,0.0,0.0,0.0,0.0,0.0,0.0,0.0,0.0,0.0,0.0,0.0,0.0,0.0,0.0,0.0,0.0,0.0,0.0,0.0,0.0,0.0,0.0,0.0,0.0,0.0,0.0,0.0,0.0,0.0,-0.0019681849869362376,-0.2916888303035805,0.01469313549949675,-0.005196323811160637,-0.17700376597301934,0.021259048792612683,0.0,-0.0,0.0,0.0,-0.0,0.0,0.0,0.0,0.0,0.007368961196521541,0.0,0.0,0.009711369463598553,0.0,0.0,0.015821578158456816,0.0,0.0,0.07029157417633336,0.4073800169145124,0.0,0.12964565712982196,2.3635175686731973,0.0,0.13827268694710257,3.777122297401,0.028008916117535008
-4 1 2,0.0,-0.0,-0.0,0.0,-0.0,-0.0,0.0,0.0,-0.0,-0.0,0.0,-0.0,-0.0,0.0,-0.0,-0.0,0.0,-0.0,-0.0,0.0,-0.0,0.0,-0.0,0.0,0.0,-0.0,0.0,0.0,-0.0,0.0,0.020968152239369063,1.8787765567972359,0.01503287385642867,0.02974271277958058,8.153550186120743,0.04234578436755535,0.02777267121039029,4.911175035057084,0.029437377256851294,0.030119411912419455,6.591339368561848,0.036486909378172096,0.02680499913686441,9.40256469630231,0.046521939068096284,0.01813702251049031,0.745885791439057,0.008995087396200058,0.024218888868427806,3.3003252791927276,0.022036205424918454,0.015121944451307476,-0.025754148319720994,0.004311401128825001,0.011929393897248152,-0.4407195930436775,0.001131705080386359,0.0025383742537990342,-0.09552823051984345,-0.000737023283372343,0.003912147886956839,-0.21478694878970503,-0.001087109743591486,0.0,0.0,0.0,0.007032632936478695,-0.5177986252875674,-0.001340510987128542,0.005399934279300945,-0.3722378026483784,-0.0013694634941469558,0.009132037124838349,-0.5721451161539334,-0.0006449512099758921,0.0014347745164005202,-0.02730922747250201,-0.00045366705220951356,0.0,-0.0,-0.0,0.0,-0.0,-0.0,0.0,0.0,-0.0,0.0,0.0,-0.0,-0.0,0.0,-0.0,-0.0,0.0,-0.0,-0.0,0.0,-0.0,-0.00017138467066089125,0.03340813826317345,-0.00018588385145736007,-1.0664666019866002e-05,0.0009363707686314839,-8.751403593535762e-05,0.00033421347685734786,0.034462343118517674,-0.00025922651169459527,0.002072495446279728,0.012673416957142289,-0.00045665559504993303,0.0,-0.0,-0.0,0.002363255852761708,0.010568463397784124,-0.0006415830498334471,0.0048390744390187845,-0.16961132646611385,-0.001163503384531415,0.0,-0.0,0.0,0.006747863478176094,-0.3412015552657311,-0.0019146983977170358,0.008910824156260317,-0.6176303300875803,-0.0026000238432031964,0.0,0.0,0.0,0.007749935654464696,-0.4202757963319672,-0.0021166582749850235,0.0,0.0,0.0,0.0,0.0,0.0,0.00870035535693017,-0.9508825077892584,-0.0028579068348763273,0.009047586833820695,-1.0648152475471147,-0.0017308320330503022,0.0,0.0,0.0,0.0,0.0,0.0,0.008614653159655315,-1.0252571376256923,-0.0022740031881659946,0.0,0.0,0.0,0.0,0.0,0.0,0.0,0.0,0.0,0.0,0.0,0.0,0.0,0.0,0.0,0.0,0.0,0.0,-0.0,0.0,0.0,0.0,0.0,0.0,0.0,0.0,0.0,0.0,0.0,0.0,0.009218874391882903,-0.9199319231971016,-0.001036571132119065,0.011097393797484664,-0.8167408983917978,0.0004069901565892402,0.0,-0.0,0.0,0.0,0.0,0.0,0.0,6.333437493404081,0.0,0.0,14.444483996519006,0.0,0.0,16.54309479527886,0.0,0.0,0.6357460407901503,0.0,0.0,5.033026903598304,0.0,0.0,8.362952092389508,0.0,0.0,10.577334846291539,0.0
-4 1 3,0.0,-0.0,-0.0,0.0,0.0,-0.0,-0.0,0.0,-0.0,-0.0,0.0,-0.0,-0.0,0.0,-0.0,0.0,-0.0,-0.0,0.0,0.0,-0.0,0.0,-0.0,-0.0,0.0,-0.0,0.0,0.0,-0.0,0.0,-0.0006154825300804565,-0.03975182892727447,0.00043916789819558504,-0.0005891878543034862,-0.057766576840292364,0.0016119188507281652,-0.0001753568558830624,-0.053058148371054076,0.0009380394066864365,-0.00013663750365429486,-0.056774945328501684,0.0012646802984397267,-0.0014707889683187347,-0.060553650640407776,0.0019369210681493031,-0.000506296067715585,-0.04117661902770705,0.00026689845617987887,-0.00045077445302850797,-0.045472637279647565,0.0006608079220517125,-0.00021827997994053452,-0.04717951064437429,0.00013939218740969327,6.307963412120148e-05,-0.050549298459445495,5.4718505056507724e-05,0.00016654923156466522,-0.003860912603426582,-1.437543701840449e-05,0.00024455059668435287,-0.011883993378129482,-1.828582577060569e-05,-0.0,-0.0,0.0,0.00030849663380241144,-0.03657741178687855,-1.3060287348645743e-05,0.0003021588645199147,-0.023603476103834304,-1.9177194388853358e-05,0.000238283223431325,-0.04679677461798616,7.607781849791853e-06,9.794344482008438e-05,0.0001872757596024448,-9.972012474971707e-06,0.0,-0.0,-0.0,0.0,-0.0,-0.0,-0.0,0.0,-0.0,0.0,0.0,-0.0,0.0,0.0,-0.0,0.0,0.0,-0.0,0.0,0.0,-0.0,1.090579748120755e-05,0.002360936863951849,-4.266129682677805e-06,1.2398452515090875e-05,-2.0418663671312524e-05,-2.0095066702390706e-06,3.526676567529352e-05,0.0033415586431769645,-6.48543308768331e-06,0.0001225132084239184,0.005322781561519433,-1.2108603149426237e-05,0.0,-0.0,-0.0,0.00013730808513588035,0.006157774755182204,-1.6863563766399447e-05,0.0002856132305741925,-0.005664531676018613,-2.6722188867909677e-05,0.0,-0.0,0.0,0.00047991781053198285,-0.021584046361091257,-3.27391183142916e-05,0.0005779159231886365,-0.0364082343711317,-3.5604578833349924e-05,0.0,0.0,0.0,0.0005600312364031594,-0.026903080262180707,-3.414238301527803e-05,0.0,0.0,0.0,0.0,0.0,0.0,0.00047748221491588754,-0.05903719850467396,-3.084130651344779e-05,0.0003522374649267167,-0.0780068747996944,-3.485445255940999e-06,0.0,0.0,0.0,0.0,0.0,0.0,0.00042597363444122743,-0.07193385312583604,-1.7366912922706363e-05,0.0,0.0,0.0,0.0,0.0,0.0,0.0,0.0,0.0,0.0,0.0,0.0,0.0,0.0,0.0,0.0,0.0,0.0,-0.0,0.0,0.0,0.0,0.0,0.0,0.0,0.0,0.0,0.0,0.0,0.0,0.00011250663740984407,-0.07470620770728179,1.0081919282595666e-05,-0.0001079860108951596,-0.08164756680902445,2.9726625724464436e-05,-0.0,-0.0,0.0,-0.0,-0.0,0.0,-0.0,-0.0,0.0,0.0,-0.0,0.0,0.0,-0.0,0.0,-0.0,0.0,0.0,-0.0,-0.0,0.0,0.0,-0.0,0.0,-0.0,-0.0,0.0
-4 2 -3,-0.0,0.0,-0.0,0.0,0.0,-0.0,0.0,0.0,-0.0,0.0,0.0,-0.0,0.0,0.0,-0.0,0.0,-0.0,-0.0,0.0,-0.0,-0.0,-0.0,-0.0,-0.0,-0.0,-0.0,-0.0,-0.0,-0.0,-0.0,-0.00010936753618961412,-0.010616483740005105,-3.083257217784779e-05,0.0006141917823291362,0.028052806178596356,-1.3065807086886851e-05,0.0002155348825665712,-0.00478937850709496,-2.5969957324774932e-05,0.0004151521890016311,0.009025634254281944,-1.904813051067943e-05,0.0007919313085782255,0.0478334941594553,-9.61676832703805e-06,-0.00018255208146790208,-0.007573945589125006,-2.6725813191906725e-05,3.274659532003429e-05,-0.010925505807661707,-3.06020814299866e-05,-0.0001823234746276385,-0.004738513246452897,-1.9921075258349335e-05,-0.00013792213183098838,-0.0029164884350201567,-1.2932682151190864e-05,-3.517242716857888e-06,0.0004876029835872861,-1.4888948485663406e-06,-8.293976585716793e-06,0.00028867708170603125,-2.1576796600592e-06,-0.0,-0.0,-0.0,-4.5014414784836374e-05,-0.0009190252927198273,-4.700879102204172e-06,-2.0371612414845742e-05,-0.00020322255532916357,-3.095275107323159e-06,-8.554722852038065e-05,-0.0017791199563803668,-7.740963220739476e-06,-1.8106917074508428e-06,0.000452934359850755,-9.77063623493772e-07,-0.0,0.0,-0.0,-0.0,-0.0,-0.0,0.0,0.0,-0.0,0.0,0.0,-0.0,0.0,0.0,-0.0,0.0,-0.0,-0.0,0.0,0.0,-0.0,-6.867819230341474e-07,0.00017481779640072994,-3.2432502108234313e-07,3.721409506239682e-07,-7.747471933936516e-05,-1.429961672615731e-07,-1.4209291999387024e-06,0.0003724431436217052,-6.206443905876848e-07,-2.099162155092875e-06,0.0009064031958294655,-1.393242166550132e-06,-0.0,-0.0,-0.0,-4.101031350145888e-06,0.001296861490362948,-1.6510326340304146e-06,-5.675726298184893e-06,0.0010482286966536046,-2.454366145811e-06,-0.0,-0.0,-0.0,-2.75278702371734e-07,0.0004976300141132183,-3.3078162735246738e-06,-1.192230521974152e-05,-0.00033209378819114185,-4.053389819811857e-06,0.0,0.0,0.0,-2.6827106817435643e-06,0.00042057389109158527,-3.4747447544658104e-06,0.0,0.0,0.0,0.0,0.0,0.0,-3.3514546226675766e-05,-0.001995048732178481,-4.458361128291631e-06,-8.15666391333144e-05,-0.0033998352776586295,-5.746010333238829e-06,0.0,0.0,0.0,0.0,0.0,0.0,-5.437038723668963e-05,-0.0025830933789604237,-4.716782805728816e-06,0.0,0.0,0.0,0.0,0.0,0.0,0.0,0.0,0.0,0.0,0.0,0.0,0.0,0.0,0.0,0.0,0.0,0.0,-0.0,-0.0,-0.0,0.0,0.0,0.0,0.0,0.0,0.0,0.0,0.0,0.0,-0.00014158667900608258,-0.003990735978826755,-8.120752700680078e-06,-0.00022058542533521537,-0.0037485593949421574,-1.2402563115684005e-05,-0.0,-0.0,-0.0,-0.0,-0.0,-0.0,-0.0,-0.0,-0.0,0.0,-0.0,-0.0,0.0,0.0,-0.0,-0.0,-0.0,-0.0,0.0,-0.0,-0.0,0.0,-0.0,-0.0,0.0,0.0,-0.0
-4 2 -2,0.0,0.0,-0.0,0.0,0.0,-0.0,0.0,0.0,-0.0,0.0,0.0,-0.0,-0.0,0.0,-0.0,0.0,-0.0,-0.0,0.0,-0.0,-0.0,0.0,-0.0,0.0,0.0,-0.0,-0.0,0.0,-0.0,-0.0,-0.005251601028623242,-0.7532624521595028,-0.001628383228084216,-0.008205583610683118,-3.5605177263518124,-0.010754208959905026,-0.007162578917172743,-1.7902862134292943,-0.0035541809495374718,-0.00762075709736335,-2.6001223941946017,-0.006308972047826466,-0.008973068360030808,-4.538127436416028,-0.016230975072488864,-0.0034878591652153313,-0.4774874778788561,-0.0012404308310928127,-0.006483412964569656,-1.1787384591404768,-0.0022129385387341625,-0.0016654409187472734,-0.3031087689532957,-0.0007916399093259316,-0.00038746915404466774,-0.18359996952437174,-0.0003624197226480793,-1.1912802097745835e-07,0.042288956833429814,-0.00010169993134916152,2.44430465434675e-05,0.03966746166131845,-0.00013200244819661902,0.0,-0.0,-0.0,0.0001714110420166039,-0.024909036383776798,-9.45740103574148e-05,8.226850464725059e-05,0.018985897031679848,-0.0001274799424610924,0.0001344602838359446,-0.09282929826179012,-0.00012891854089911952,-1.3435089678819266e-05,0.03460978637211396,-6.62335041776507e-05,0.0,0.0,-0.0,0.0,-0.0,0.0,0.0,0.0,-0.0,0.0,0.0,-0.0,0.0,0.0,-0.0,0.0,-0.0,-0.0,-0.0,0.0,-0.0,-9.811045302897242e-05,0.016016645290676545,-3.99736861111917e-05,1.7343168038417006e-06,-0.0002837060479126759,-2.3479990742625062e-05,-6.853409216977346e-05,0.029645513570043112,-3.994160944286758e-05,8.393956930463972e-05,0.06117862431290192,-5.27278442395136e-05,0.0,-0.0,0.0,-2.046672138864384e-05,0.07971266803552324,-7.148001076877323e-05,1.6848134437947423e-05,0.07446409503735744,-0.0001495462177043802,0.0,-0.0,-0.0,0.00012824438642543737,0.06514841493252838,-0.0003229553249978097,0.00015489072583001797,0.03700973067267082,-0.00035929800491178943,0.0,0.0,0.0,-8.326921948865161e-06,0.0691389679395064,-0.00035658581301170595,0.0,0.0,0.0,0.0,0.0,0.0,-7.891755115908637e-06,-0.02640002248476195,-0.00024467658529870717,0.00023379216518070746,-0.12847194380568783,0.00020496842514063868,0.0,0.0,0.0,0.0,0.0,0.0,8.326544836597678e-05,-0.0636417009844471,-4.727530813832369e-06,0.0,0.0,0.0,0.0,0.0,0.0,0.0,0.0,0.0,0.0,0.0,0.0,0.0,0.0,0.0,0.0,0.0,0.0,-0.0,-0.0,-0.0,0.0,0.0,0.0,0.0,0.0,0.0,0.0,0.0,0.0,0.0010686823863711357,-0.22139297331177243,0.000673565009357015,0.002279731852770234,-0.3268706277332977,0.000938053926959377,0.0,-0.0,-0.0,-0.0,-0.0,-0.0,-0.0,-0.0,-0.0,-0.0,-0.0,-0.0,-0.0,-0.0,-0.0,-0.0,-0.0,-0.0,-0.0,-0.0,-0.0,-0.0,-0.0,-0.0,-0.0,-1.5895636104822404,-0.0
-4 2 -1,0.0,-0.0,0.0,0.0,-0.0,-0.0,0.0,-0.0,-0.0,0.0,-0.0,-0.0,0.0,-0.0,-0.0,0.0,-0.0,-0.0,0.0,-0.0,-0.0,0.0,-0.0,0.0,0.0,-0.0,0.0,0.0,-0.0,0.0,-3.6392464114492064e-05,-2.7176695250103573,0.04421964169510231,-0.022650783800670024,-3.780753920295217,-0.005438451397354646,-0.01940706036073199,-3.0054941955058365,0.04263411934790524,-0.0240828230009094,-3.285076521273229,0.023833663865624202,-0.015795249563028923,-4.440925019679844,-0.038283176779923656,0.009121130665357068,-2.47280606818487,0.03531578136258098,-0.01046459031060574,-2.8609503333565107,0.04850885681554698,0.015154042517881309,-2.109204784013251,0.026278526020330425,0.01771384253879894,-1.6927778748662994,0.01848427426372306,0.006807109723390129,-0.2814072992532935,-0.0005372639799304228,0.009813565990439815,-0.45964050233592313,-9.155049727658406e-05,0.0,-0.0,0.0,0.015711295939577694,-0.9685256495770316,0.0057589060457469456,0.012938543533248598,-0.6894065741330145,0.0017871215776346873,0.017563392892823958,-1.3019497848538617,0.011588078772999388,0.004290764021574555,-0.15625888149882425,-0.0004445613878976357,0.0,-0.0,0.0,0.0,-0.0,0.0,0.0,-0.0,-0.0,0.0,-0.0,-0.0,0.0,-0.0,-0.0,0.0,-0.0,-0.0,0.0,-0.0,-0.0,0.00064736896552118,-0.004172786931978067,-0.000489503043898,0.00028229135442114445,-0.007081438825761215,-0.0003538861477175294,0.0021425573814608254,-0.04973685082950177,-0.00028044347441898046,0.006206002467378725,-0.18433202570569962,0.00019857102359998528,0.0,-0.0,0.0,0.007686382520140144,-0.23937802528614927,-0.00014252287259331565,0.012407773853801844,-0.5192786959559534,-0.0010940916355824117,0.0,-0.5317101943834935,0.0,0.01611631207671233,-0.7561714762764781,-0.0032843233828493096,0.019238826339825377,-0.998781130816952,-0.0015118441618290563,0.0,0.0,0.0,0.016696452423852245,-0.7996215547370674,-0.003527801551226201,0.0,0.0,0.0,0.0,0.0,0.0,0.020781992137459515,-1.2599160343172586,0.003742494979400445,0.021377761205022338,-1.4880798540651956,0.014528428671684723,0.0,0.0,0.0,0.0,0.0,0.0,0.021536072068593714,-1.3643328517489954,0.008623914976989914,0.0,0.0,0.0,0.0,0.0,0.0,0.0,0.0,0.0,0.0,0.0,0.0,0.0,0.0,0.0,0.0,0.0,0.0,-0.0,-0.0,0.0,0.0,0.0,0.0,0.0,0.0,0.0,0.0,0.0,0.0,0.022758232074559005,-1.7302180356591967,0.026837396872231106,0.023705000305943566,-2.1355700952602485,0.04016791964959796,0.0,-0.9170703625838376,0.0,0.0,-0.5250535952426986,0.0,-0.0,-0.0,0.0,-0.0,-0.0,-0.0,-0.0,-0.0,0.0,-0.0,-0.21179435002215297,0.0,-0.0,-0.29616982079359927,0.0,-0.0,-0.4066569941440404,0.0,-0.0,-1.0497074739072512,0.0
-4 2 1,0.0,-0.0,0.0,0.0,-0.0,-0.0,0.0,-0.0,-0.0,0.0,0.0,-0.0,0.0,0.0,-0.0,0.0,-0.0,-0.0,0.0,-0.0,-0.0,0.0,-0.0,0.0,0.0,-0.0,0.0,0.0,-0.0,0.0,-0.009079357564784412,-2.1508331575707214,0.03899615777808743,-0.05188125865206368,-0.6425520966082938,-0.008668662819447101,-0.0355961289411131,-1.4018798670128807,0.03691560656045851,-0.04625658468149235,-0.9275925143897066,0.01909050982248123,-0.05221706581989134,-0.6204096933320671,-0.03987369744551717,0.001374862713354625,-2.144208491889162,0.031185999857487597,-0.02224187638732733,-1.8713691029234398,0.0426405199653199,0.007795366517623141,-1.8780363460683092,0.023277584437601955,0.010487375057672764,-1.483611959181763,0.01636334674669505,0.004205099074728636,-0.17823433635487518,-0.0011445443382690013,0.006046289049539345,-0.3225670134605334,-0.0009373239373171115,0.0,-0.0,0.0,0.009657672861008498,-0.7784598390000342,0.004481677967685889,0.007967651555198452,-0.5228122369556505,0.0007213831062251821,0.010719548114352058,-1.0978495286313914,0.010010549672792359,0.0026578620605529285,-0.08658689150595547,-0.0008353695813492225,0.0,-0.0,0.0,0.0,-0.0,0.0,0.0,-0.0,-0.0,0.0,-0.0,-0.0,0.0,0.0,-0.0,0.0,-0.0,-0.0,0.0,0.0,-0.0,0.0002063763427203414,0.016548118417863154,-0.0005945114285224292,0.0001284867730657118,-0.0005310714869494778,-0.0003913099572950854,0.0012614041799404888,-0.0073785637210930875,-0.000495287377527039,0.004175528589709599,-0.08567522432313156,-0.00030610557192503195,0.0,-0.0,0.0,0.004994010663003088,-0.11538884193570026,-0.0008074848984451594,0.007937638604975818,-0.33210160351796286,-0.0021793792644654265,0.0,-0.7626211060510538,0.0,0.009104526077860206,-0.48706906015801105,-0.0048238534012008975,0.011868596874007254,-0.7808065986886907,-0.003120759984910165,0.0,0.0,0.0,0.009730273446429977,-0.549505746588231,-0.0051669238728137635,0.0,0.0,0.0,0.0,0.0,0.0,0.013427507268872508,-1.096965107532331,0.0022837228145389968,0.013087524589944716,-1.244023653842085,0.01318197628298897,0.0,0.0,0.0,0.0,0.0,0.0,0.013748990510604481,-1.167857495824081,0.007225358651708719,0.0,0.0,0.0,0.0,0.0,0.0,0.0,0.0,0.0,0.0,0.0,0.0,0.0,0.0,0.0,0.0,0.0,0.0,-0.0,-0.0,0.0,0.0,0.0,0.0,0.0,0.0,0.0,0.0,0.0,0.0,0.013827883889094096,-1.4472223280396912,0.025538724734573224,0.013735643804518156,-1.7974327228003133,0.03847349085056042,0.0,-1.022909587152793,0.0,-0.0,-0.4886749545179945,0.0,-0.0,-0.0,0.0,-0.0,0.0,-0.0,-0.0,0.0,0.0,-0.0,-0.0,0.0,-0.0,-0.0,0.0,-0.0,-0.0,0.0,-0.0,-0.0,0.0
-4 2 2,-0.0,0.0,-0.0,-0.0,0.0,-0.0,-0.0,0.0,-0.0,-0.0,0.0,-0.0,-0.0,0.0,-0.0,-0.0,0.0,-0.0,-0.0,0.0,-0.0,0.0,-0.0,-0.0,0.0,-0.0,-0.0,0.0,-0.0,-0.0,-0.007926144125448852,-0.19418881308247354,-0.003596194915795456,-0.022390534201938792,-1.2686136085258453,-0.013567713663255227,-0.015086880632259585,-0.376424904281454,-0.00626748933942653,-0.018817606680566177,-0.7061302991411982,-0.009237618184725247,-0.02554703191389111,-1.9899973354541474,-0.018661717511775422,-0.0049021076817004515,-0.19341844901610492,-0.002954911729660411,-0.01140245124616484,-0.23319650996011854,-0.004539735833843186,-0.002674494418970357,-0.18672890953150045,-0.00231501937783036,-0.0014471974824981288,-0.15501206279510338,-0.0016788989482845044,-0.0004397949527498758,0.029792955779408464,-0.00026778854500384113,-0.0006559206894758316,0.01944561600230305,-0.0004370417338777312,0.0,-0.0,-0.0,-0.000947644853127899,-0.05065222864139573,-0.000867664039146302,-0.0008491511338097167,-0.007420010319552447,-0.0006377592871666109,-0.001028265153478125,-0.10415825678959474,-0.0011872234164912458,-0.0002696723828655569,0.02827090816742415,-0.00014961062522277446,-0.0,0.0,-0.0,-0.0,-0.0,-0.0,-0.0,0.0,-0.0,-0.0,0.0,-0.0,-0.0,0.0,-0.0,-0.0,0.0,-0.0,-0.0,0.0,-0.0,-0.00017340580251899387,0.017328291023598744,-4.972786957880684e-05,-3.292792525576853e-05,0.0010696237923702048,-2.600033490160173e-05,-0.00019183151909800525,0.02901534219375724,-6.657836629053657e-05,-0.00016230538859291591,0.055301215543811406,-0.0001238969385785684,0.0,-0.0,-0.0,-0.0003721931393814037,0.06815881252809136,-0.00018346434144572943,-0.0006505418163356384,0.048457439336425205,-0.00040043764976109775,0.0,-0.0,-0.0,-0.0013442833412753087,0.03801914731845946,-0.0007593592993584479,-0.0013854463332498806,-0.010752367605662512,-0.0010863164747466664,0.0,0.0,0.0,-0.0013086621227414615,0.025210816265316655,-0.0008581932465313749,0.0,0.0,0.0,0.0,0.0,0.0,-0.0016252967933067745,-0.0900369788774118,-0.0012865370018828824,-0.001386888107036434,-0.16192475010313342,-0.001142321643696127,0.0,0.0,0.0,0.0,0.0,0.0,-0.0015614303221572735,-0.12725358131943032,-0.0012077126848795631,0.0,0.0,0.0,0.0,0.0,0.0,0.0,0.0,0.0,0.0,0.0,0.0,0.0,0.0,0.0,0.0,0.0,0.0,-0.0,-0.0,-0.0,0.0,0.0,0.0,0.0,0.0,0.0,0.0,0.0,0.0,-0.0005319973944296985,-0.19735292912179866,-0.0010170622845991643,0.000605647989875735,-0.28218871226324055,-0.0011601981093435558,-0.0,-0.0,-0.0,-0.0,-0.0,-0.0,-0.0,-0.0,-0.0,-0.0,-0.0,-0.0,-0.0,-0.0,-0.0,-0.0,-0.0,-0.0,-0.0,-0.0,-0.0,-0.0,-0.0,-0.0,-0.0,-0.0,-0.0
-4 2 3,-0.0,0.0,-0.0,0.0,0.0,-0.0,-0.0,0.0,-0.0,-0.0,0.0,-0.0,-0.0,0.0,-0.0,0.0,-0.0,-0.0,0.0,-0.0,-0.0,-0.0,-0.0,-0.0,-0.0,-0.0,-0.0,-0.0,0.0,-0.0,-0.0005597061011223433,0.013437162459914564,-8.769626765470124e-05,-0.0012489180119342222,-0.02754907765515981,-0.0001940385941449058,-0.0009145899211066396,0.003866848139475605,-0.0001359197749892109,-0.0010910370440021238,-0.009043180119802102,-0.00016417303848434076,-0.0013735664442627263,-0.04912223318505185,-0.00022218813668049899,-0.00039449380755226247,0.012204005460473443,-6.695585444102718e-05,-0.0007349491575114698,0.011072628911584058,-0.00011049697144464835,-0.0002508029822137509,0.009041339595371843,-4.820948550870671e-05,-0.00014113493086527357,0.005580899281387659,-3.24243759726416e-05,5.239624021572018e-06,0.00047326079770580964,-1.9926784241818657e-06,3.1425869920960764e-06,0.00047373182632022993,-3.990566783343503e-06,-0.0,0.0,-0.0,-2.710248176497732e-05,0.0012634901854654986,-1.2568559059972226e-05,-5.7477516252853286e-06,0.0006059872593920325,-7.330069305061402e-06,-6.890241378198957e-05,0.002868714631898676,-2.0604155584941365e-05,4.396591566893013e-06,0.00042058801104457997,-9.281956025702076e-07,-0.0,0.0,-0.0,-0.0,-0.0,-0.0,-0.0,0.0,-0.0,-0.0,0.0,-0.0,0.0,0.0,-0.0,0.0,-0.0,-0.0,0.0,0.0,-0.0,7.663119468639892e-07,0.00022581187162522062,-1.5476992639271716e-07,5.31707785979838e-07,-8.141807696381764e-06,-1.1049139024706874e-07,2.638227338251538e-06,0.00039169249382442175,-2.667858001579629e-07,8.609401147062288e-06,0.0008405383443019307,-5.914525474013609e-07,-0.0,-0.0,-0.0,8.859118897114618e-06,0.0011025822711385133,-9.82374911848958e-07,1.2313174062262498e-05,0.000782132817392289,-2.6226650744207713e-06,-0.0,0.0,-0.0,1.3139907799067384e-05,0.0002765972340181765,-5.08349943579975e-06,9.762013044610012e-07,0.00015795661993509933,-1.0241977723206156e-05,0.0,0.0,0.0,1.3818611284213037e-05,0.0001426657464925442,-6.069809807241086e-06,0.0,0.0,0.0,0.0,0.0,0.0,-1.9813849276067357e-05,-0.0005593720521036271,-1.533215858707074e-05,-4.818443627513395e-05,0.0007782397723260224,-2.0618245536041136e-05,0.0,0.0,0.0,0.0,0.0,0.0,-3.088971096573346e-05,-0.0003248667193896638,-1.7830630262821663e-05,0.0,0.0,0.0,0.0,0.0,0.0,0.0,0.0,0.0,0.0,0.0,0.0,0.0,0.0,0.0,0.0,0.0,0.0,-0.0,0.0,-0.0,0.0,0.0,0.0,0.0,0.0,0.0,0.0,0.0,0.0,-0.000100908015252469,0.004326089522369246,-2.7730067935275664e-05,-0.00017274394272145016,0.008333241249887598,-3.808876729953858e-05,-0.0,0.0,-0.0,-0.0,0.0,-0.0,-0.0,0.0,-0.0,-0.0,-0.0,-0.0,-0.0,-0.0,-0.0,-0.0,0.0,-0.0,-0.0,0.0,-0.0,-0.0,-0.0,-0.0,-0.0,-0.0,-0.0
-4 3 -2,-0.0,0.0,-0.0,-0.0,0.0,-0.0,-0.0,0.0,-0.0,-0.0,0.0,-0.0,-0.0,0.0,-0.0,-0.0,0.0,-0.0,-0.0,0.0,-0.0,-0.0,0.0,-0.0,-0.0,-0.0,-0.0,0.0,-0.0,-0.0,0.0002327455067240212,-0.02235159700425232,-0.0002223929958375905,0.0012081598504991805,-0.04703866282147715,-0.00042661591997319645,0.0006695075790434713,-0.042184747981122095,-0.00025520660308621883,0.0009299640558313712,-0.046683589955136016,-0.0003056997449234298,0.001494651815072802,-0.045243554656558264,-0.000608856698833752,9.689600885318121e-05,-0.012393425596789432,-0.00018914714488497665,0.00043094658088018144,-0.033332279224998894,-0.00023970394448544902,2.2725441515339127e-05,-0.005246879836826731,-0.00014428373951567988,-1.4131764276310356e-05,-0.0008744567792723981,-9.997303482696073e-05,-3.42961698240101e-05,0.002003137970310596,-1.394541873534332e-05,-4.477270007128015e-05,0.002483283619280223,-2.0674883726947597e-05,0.0,-0.0,-0.0,-4.860848544682878e-05,0.002497659105658706,-4.381213667388506e-05,-5.104881626605733e-05,0.0027213963078774957,-2.9962961127323842e-05,-3.588873096138021e-05,0.0014715891381599448,-6.594598340513355e-05,-2.3618513983916165e-05,0.0014396648002918883,-9.026338448765522e-06,-0.0,0.0,-0.0,-0.0,0.0,-0.0,-0.0,0.0,-0.0,-0.0,0.0,-0.0,-0.0,0.0,-0.0,-0.0,0.0,-0.0,-0.0,0.0,-0.0,-8.180342279862901e-06,0.000447993545556095,-3.1583952459232563e-06,-1.644481271637303e-06,4.0754102044287526e-05,-1.3035169763365133e-06,-1.5805125909006794e-05,0.000976571868476511,-5.611330605962087e-06,-3.633524337998022e-05,0.0023869464732102037,-1.2483780413312958e-05,-0.0,0.0,-0.0,-4.4219662259652795e-05,0.0030697604092201677,-1.5342174729916056e-05,-5.9036300674761864e-05,0.0035482765921194623,-2.1820491529401587e-05,-0.0,-0.0,-0.0,-7.009138720802314e-05,0.0035442111166849736,-3.0303993491199082e-05,-7.880119675328308e-05,0.0037737374606514515,-3.892161008851299e-05,0.0,0.0,0.0,-7.544437272881058e-05,0.003699530646685881,-3.278266585207601e-05,0.0,0.0,0.0,0.0,0.0,0.0,-8.609152591802691e-05,0.003731661670480451,-4.80476913670748e-05,-5.351377297782493e-05,0.0023891336568740936,-6.111893569933776e-05,0.0,0.0,0.0,0.0,0.0,0.0,-6.687205600616767e-05,0.00325780602739209,-5.235025394890258e-05,0.0,0.0,0.0,0.0,0.0,0.0,0.0,0.0,0.0,0.0,0.0,0.0,0.0,0.0,0.0,0.0,0.0,0.0,0.0,-0.0,-0.0,0.0,0.0,0.0,0.0,0.0,0.0,0.0,0.0,0.0,-7.562803429873469e-06,0.0011635390748503146,-7.908760614245e-05,4.678513876864913e-05,-0.0005797578096768639,-0.00011088509935979945,0.0,-0.0,-0.0,0.0,-0.0,-0.0,0.0,-0.0,-0.0,0.0,-0.0,-0.0,0.0,-0.0,-0.0,0.0,-0.0,-0.0,0.0,-0.0,-0.0,0.0,-0.0,-0.0,0.0,-0.0,-0.0
-4 3 -1,0.0,-0.0,-0.0,0.0,0.0,-0.0,0.0,0.0,-0.0,0.0,0.0,-0.0,-0.0,0.0,-0.0,0.0,0.0,-0.0,0.0,0.0,-0.0,0.0,-0.0,-0.0,0.0,-0.0,-0.0,0.0,-0.0,-0.0,0.006594104491321997,-0.5276054283406656,-0.004510937690196341,0.014444012986039733,-0.7853955685546669,-0.014532164682363569,0.010216150633935307,-0.7103397489359292,-0.0078108026535796665,0.012133383323302757,-0.7509372429128738,-0.010537425913682556,0.01713649304149561,-0.833157845766283,-0.019424301904138002,0.004938965413059326,-0.400351396449099,-0.003249166319037755,0.008405883835400108,-0.637489618406687,-0.005963595945949572,0.0035786961230292826,-0.27984078415180774,-0.0021885222571598035,0.0025020184692535036,-0.18058017144487634,-0.0013822831543925237,0.00021494341282648135,-0.001008296070078477,-0.0001439845311846426,0.0003791942108098502,-0.010113449464655182,-0.00020921307521800782,0.0,-0.0,-0.0,0.001048845541410213,-0.05799901956206161,-0.0005021213600313192,0.0006381800278312374,-0.027568834673289126,-0.00031406681336998513,0.0016633309410398667,-0.10725561456467624,-0.0008357853686070516,0.00011110325939770008,0.0027801708044387745,-9.742402997879905e-05,0.0,-0.0,-0.0,0.0,-0.0,-0.0,0.0,0.0,-0.0,0.0,0.0,-0.0,0.0,0.0,-0.0,0.0,0.0,-0.0,-0.0,0.0,-0.0,-7.847783891570529e-06,0.0036112183503029006,-3.963369278400828e-05,7.57249504018184e-06,0.0007249602794412631,-1.6749339135999602e-05,2.2311105236106816e-05,0.005770496912684536,-6.465691183369633e-05,9.973236227545745e-05,0.011463392325087059,-0.00014047955795015726,0.0,-0.0,-0.0,0.0001599995502852928,0.0114042939524536,-0.00017247798038970053,0.0003961162064454214,-0.0025386383211191323,-0.0002252911760627881,0.0,-0.0,-0.0,0.0006284104454188144,-0.01954570245906839,-0.0002879431894678733,0.0008103018252435854,-0.034336929627641455,-0.000343016220828873,0.0,0.0,0.0,0.000667683994057495,-0.023160641195591122,-0.00030442260467445785,0.0,0.0,0.0,0.0,0.0,0.0,0.0009678474404287517,-0.05533149108470198,-0.00042623186066975953,0.0016151738355507737,-0.10241497488779099,-0.0006953304335786562,0.0,0.0,0.0,0.0,0.0,0.0,0.001278307979937902,-0.07566041591954832,-0.000515807777814821,0.0,0.0,0.0,0.0,0.0,0.0,0.0,0.0,0.0,0.0,0.0,0.0,0.0,0.0,0.0,0.0,0.0,0.0,0.0,-0.0,-0.0,0.0,0.0,0.0,0.0,0.0,0.0,0.0,0.0,0.0,0.0025430172829462613,-0.16088979790594315,-0.0010946379302655814,0.003651884684755153,-0.24016273010109113,-0.0016745163541991624,0.0,-0.0,-0.0,0.0,-0.0,-0.0,0.0,-0.0,-0.0,0.0,-0.0,-0.0,0.0,-0.0,-0.0,0.0,-0.0,-0.0,0.0,-0.0,-0.0,0.0,-0.0,-0.0,0.0,-0.0,-0.0
-4 3 1,0.0,-0.0,-0.0,0.0,0.0,-0.0,0.0,0.0,-0.0,-0.0,0.0,-0.0,-0.0,0.0,-0.0,-0.0,0.0,-0.0,-0.0,0.0,-0.0,0.0,-0.0,-0.0,0.0,-0.0,-0.0,0.0,-0.0,-0.0,0.004740332633435171,-0.4860929865385097,-0.00585027439628378,0.007615353710312383,-0.7557721792627641,-0.018427084666429706,0.006482800376273227,-0.6651180413365182,-0.010282459201006983,0.007002717345547132,-0.7133288695198917,-0.013708621590436627,0.008472416493070876,-0.807131194198035,-0.02398007369595515,0.0036032596086228628,-0.3684307438621325,-0.004190399479272522,0.005758079210679915,-0.5905367550162186,-0.007816186259673346,0.0025437252297206116,-0.25812942252554544,-0.0028397555426582766,0.0016471447408176862,-0.167845812347656,-0.0018314947810538342,4.198513878282326e-06,-0.0016457123435521237,-0.00020674144171763234,5.869332222181294e-05,-0.011097891284633645,-0.0003112384357958389,0.0,-0.0,-0.0,0.000467408014165552,-0.05661987254849209,-0.0007227790442748801,0.00019092365335543956,-0.028210383036733927,-0.00046787263587171654,0.000947473511976903,-0.10144578241060795,-0.001148728938700512,-1.585447240466117e-05,0.0025071200117688128,-0.00013346456198392838,0.0,-0.0,-0.0,0.0,-0.0,-0.0,-0.0,0.0,-0.0,0.0,0.0,-0.0,-0.0,0.0,-0.0,-0.0,0.0,-0.0,-0.0,0.0,-0.0,-3.993030924327312e-05,0.0036449978680280046,-5.01233087302672e-05,-4.051737986653216e-06,0.0006946559674397782,-2.173477641886883e-05,-4.13526697155903e-05,0.005839082978760651,-8.222168662592575e-05,-4.680980215017155e-05,0.011586781239056503,-0.00017694746945067546,0.0,-0.0,-0.0,-4.026609725592398e-05,0.011133680505225611,-0.00022375437026852146,4.218740289637712e-05,-0.0035375376830905506,-0.0003207537226303244,0.0,-0.0,-0.0,5.939570893628683e-05,-0.021301110996505734,-0.00045343003779079084,0.00014510098687555364,-0.03892843958087773,-0.0005793328110875653,0.0,0.0,0.0,8.036094987966446e-05,-0.026213134166508317,-0.00048626040631973,0.0,0.0,0.0,0.0,0.0,0.0,0.00023071097260479883,-0.06057200314019052,-0.0007147291196055121,0.0007843428521914597,-0.09793428976302714,-0.0010074366059040077,0.0,0.0,0.0,0.0,0.0,0.0,0.0004930797176957345,-0.07711797361087784,-0.0008114942230239044,0.0,0.0,0.0,0.0,0.0,0.0,0.0,0.0,0.0,0.0,0.0,0.0,0.0,0.0,0.0,0.0,0.0,0.0,0.0,-0.0,-0.0,0.0,0.0,0.0,0.0,0.0,0.0,0.0,0.0,0.0,0.0016076916704078873,-0.14680758501179586,-0.0014760873436024467,0.002541255452616894,-0.21665731303791042,-0.0021675302219488933,0.0,-0.0,-0.0,0.0,-0.0,-0.0,0.0,-0.0,-0.0,0.0,-0.0,-0.0,0.0,-0.0,-0.0,0.0,-0.0,-0.0,0.0,-0.0,-0.0,0.0,-0.0,-0.0,0.0,-0.0,-0.0
-4 3 2,-0.0,0.0,-0.0,-0.0,0.0,-0.0,-0.0,0.0,-0.0,-0.0,0.0,-0.0,-0.0,0.0,-0.0,-0.0,0.0,-0.0,-0.0,0.0,-0.0,-0.0,0.0,-0.0,-0.0,0.0,-0.0,-0.0,-0.0,-0.0,-0.00011262746397834616,-0.015607286331897239,-0.0003337383428130733,-0.0004129852350141264,-0.09976393755230731,-0.0012504677712273028,-0.0001791635412372708,-0.05144421421619744,-0.0006075263653390293,-0.00028042648848635896,-0.0750018556700888,-0.0008758032366484297,-0.0005424884725764589,-0.12309910913972812,-0.001680235964071536,-0.00010949493400008485,-0.005704783322320828,-0.00026214654207028904,-0.00012727835965109516,-0.031099582845150277,-0.0004382962420887632,-0.00010540979672307249,-0.0005383582952751957,-0.00020513032005852665,-0.00010258301415709607,0.0016454730336168447,-0.0001566056036929656,-4.3743586952720434e-05,0.0016971482795465381,-2.2110671885006104e-05,-6.325649818752133e-05,0.0020409294290484495,-3.681949818019619e-05,0.0,-0.0,-0.0,-9.59880887307942e-05,0.0024127553984534316,-8.34882090808229e-05,-8.243133315810074e-05,0.0022771577182903475,-5.724744426792953e-05,-0.00010142955060234821,0.002337140124424811,-0.00011620375498958338,-2.774998545713005e-05,0.001267969447131209,-1.2651826180343834e-05,-0.0,0.0,-0.0,-0.0,0.0,-0.0,-0.0,0.0,-0.0,-0.0,0.0,-0.0,-0.0,0.0,-0.0,-0.0,0.0,-0.0,-0.0,0.0,-0.0,-8.565042825289047e-06,0.0004535873000012501,-3.9399994839753825e-06,-1.9693272845395666e-06,5.693853262239574e-05,-1.8137039872581333e-06,-1.6304692349134592e-05,0.0009339988363350516,-6.491576414635993e-06,-3.703775711261333e-05,0.0022072195056480623,-1.355676199251003e-05,-0.0,0.0,-0.0,-4.7481494345658804e-05,0.0027366201714691058,-1.824424228101584e-05,-7.16889926868271e-05,0.0029614789457796465,-3.158837624416314e-05,-0.0,0.0,-0.0,-0.0001047601327003526,0.002905626181151036,-5.4030744298282284e-05,-0.0001271475481769225,0.002612631207551851,-8.584999847136906e-05,0.0,0.0,0.0,-0.00010943178849232077,0.002718660356511314,-6.086722335249207e-05,0.0,0.0,0.0,0.0,0.0,0.0,-0.0001511580818369017,0.0022625481796849835,-0.00011473502829154554,-0.00013299699963412482,0.0025531845166691584,-0.00012804220518950694,0.0,0.0,0.0,0.0,0.0,0.0,-0.00014144629267212513,0.0023014931476097083,-0.00011900920076639636,0.0,0.0,0.0,0.0,0.0,0.0,0.0,0.0,0.0,0.0,0.0,0.0,0.0,0.0,0.0,0.0,0.0,0.0,-0.0,-0.0,-0.0,0.0,0.0,0.0,0.0,0.0,0.0,0.0,0.0,0.0,-0.0001039530489981545,0.003337197127067319,-0.00015825137273788075,-7.789719884350292e-05,0.003641352211678602,-0.00019819309300291783,-0.0,-0.0,-0.0,-0.0,-0.0,-0.0,-0.0,-0.0,-0.0,0.0,-0.0,-0.0,-0.0,-0.0,-0.0,-0.0,-0.0,-0.0,-0.0,-0.0,-0.0,-0.0,-0.0,-0.0,-0.0,-0.0,-0.0
-3 1 -4,0.0,0.0,0.0,0.0,0.0,-0.0,0.0,0.0,-0.0,0.0,0.0,-0.0,0.0,-0.0,-0.0,0.0,-0.0,-0.0,0.0,-0.0,-0.0,0.0,-0.0,0.0,0.0,-0.0,0.0,0.0,-0.0,0.0,-0.004180896562708075,0.11548902497777903,0.0008493772625117859,-0.007978646137852789,0.6299919623346139,0.002085379670388939,-0.00808157047491004,0.3970114700445464,0.0014280322168832061,-0.00874984414713806,0.5331886701972888,0.0017564876624292572,-0.006044885702467732,0.6763543597313424,0.002382847901299681,-0.002221111463218968,0.020318034432461468,0.0006116392127016258,-0.006342340300473392,0.24853826243378446,0.001122491587015513,-0.000852285374158285,-0.027176601733066675,0.0004122990163314344,-9.34940564175073e-05,-0.03663390750065995,0.0002573104345913915,0.00024585028662547627,0.0022790287128462085,6.25030852147653e-06,0.0003399173228703071,0.0004386617626860651,1.857583153599745e-05,0.0,-0.0,0.0,0.00040053524533655195,-0.014939681021055851,8.271456986759937e-05,0.00040814272563748,-0.005049063866937123,4.2227759106642976e-05,0.0002630468045887798,-0.02763708227192798,0.00014994541332254144,0.00016068716159911255,0.00203535192713752,1.0291251297906248e-06,0.0,0.0,0.0,0.0,-0.0,0.0,0.0,0.0,-0.0,0.0,0.0,-0.0,0.0,-0.0,-0.0,0.0,-0.0,-0.0,0.0,-0.0,-0.0,4.802477414735533e-05,-0.0002955980828035444,-1.541886959628206e-06,1.6887627830554305e-05,-0.0017207160380364774,-1.0301565415762267e-06,9.719891602848764e-05,0.0010598048175311952,-1.5756065771130328e-06,0.0002351130800842459,0.005542255710392759,-1.3505202516518252e-06,0.0,-0.0,0.0,0.00027821473996154813,0.007321491057352287,-1.561018323105087e-06,0.0003834412914422921,0.006377901245419439,2.733737158424326e-06,0.0,-0.0,0.0,0.0005892966074506943,0.0036472257073295513,1.67075252829542e-05,0.0006696427164515203,-0.0010303346785812684,5.3232906202972004e-05,0.0,0.0,0.0,0.0006169469578555793,0.00322771444070053,2.3048299063158302e-05,0.0,0.0,0.0,0.0,0.0,0.0,0.0007383074251493271,-0.0166683286143543,9.639837301927262e-05,0.0004919150557643784,-0.03722285013198271,0.0001522170810133144,0.0,0.0,0.0,0.0,0.0,0.0,0.0006603486766274197,-0.024799805555495175,0.0001247366692503867,0.0,0.0,0.0,0.0,0.0,0.0,0.0,0.0,0.0,0.0,0.0,0.0,0.0,0.0,0.0,0.0,0.0,0.0,-0.0,-0.0,0.0,0.0,0.0,0.0,0.0,0.0,0.0,0.0,0.0,0.0,0.00017294234001789758,-0.0644977596327962,0.0002022010494517927,-0.00029762516012499506,-0.08684034450882264,0.0002753225102310352,0.0,-0.0,0.0,-0.0,-0.0,0.0,-0.0,0.0,0.0,-0.0,0.0,0.0,-0.0,0.0,0.0,-0.0,0.0,0.0,-0.0,0.0,0.0,-0.0,0.0,0.0,-0.0,0.0,0.0
-3 1 -3,0.0,0.0,-0.0,0.0,0.0,-0.0,0.0,0.0,-0.0,0.0,0.0,-0.0,0.0,-0.0,-0.0,0.0,-0.0,-0.0,0.0,-0.0,-0.0,0.0,-0.0,0.0,0.0,-0.0,0.0,0.0,-0.0,0.0,-0.010862346244065095,-0.5560550851476302,0.0074787956520153236,0.013784155932672485,-0.7669917091647463,0.02916271276407266,-0.006905076723382716,-0.6113034557796505,0.0163836433956632,0.0015763382129584955,-0.6570058093592136,0.02251981591143488,0.02696181168947114,-0.9668371533732014,0.03551446608490854,-0.0074912419409392745,-0.6227696609989318,0.004766802834730805,-0.010896139112186277,-0.5731635886651872,0.011310721379127349,-0.0021584803179338368,-0.7619896427070302,0.0029246529644935556,0.003240038667740445,-0.856982867790354,0.00171420669708601,0.005901352564300855,0.09579240186194933,-0.0002669830991277581,0.00806569468073356,-0.02580070340874759,-0.00015519495794862507,-0.0,-0.0,0.0,0.00950973547119129,-0.5631438224354005,0.0004597679593842915,0.009595061517505825,-0.26639622797572865,9.629732549685136e-05,0.007336805894897836,-0.7930099913976442,0.0009533629571013775,0.0039381499617511416,0.11382055400588266,-0.0002609919133160201,0.0,0.0,-0.0,0.0,-0.0,0.0,0.0,0.0,-0.0,0.0,0.0,-0.0,0.0,0.0,-0.0,0.0,-0.0,-0.0,0.0,-0.0,-0.0,0.0014296735525351116,0.03022258248327334,-0.0001357355480681502,0.0007881080121452316,-0.04351158049614446,-5.764482385412053e-05,0.002542197572280281,0.10270718942406548,-0.0002417483659035504,0.006045039942614968,0.29258952508849345,-0.0004929544048349186,0.0,-0.0,0.0,0.006115137641118193,0.3853889981568156,-0.0005733901566905879,0.008424616631442278,0.30430370307620286,-0.0006191068883614671,0.0,-0.0,0.0,0.014583219820223146,0.014036733126054753,-0.00038832221432518176,0.016851983161469325,-0.44450055191156906,0.0003762466995618326,0.0,0.0,0.0,0.015081681170408819,-0.040633877318578815,-0.00022851877910103129,0.0,0.0,0.0,0.0,0.0,0.0,0.016296289297137497,-1.1615324798388886,0.0011614354360002005,0.010977612738011929,-1.6446577166501772,0.0015107745486171399,0.0,0.0,0.0,0.0,0.0,0.0,0.01474687438557346,-1.411207820828111,0.001412748076174745,0.0,0.0,0.0,0.0,0.0,0.0,0.0,0.0,0.0,0.0,0.0,0.0,0.0,0.0,0.0,0.0,0.0,0.0,-0.0,0.0,0.0,0.0,0.0,0.0,0.0,0.0,0.0,0.0,0.0,0.0,0.0019758260744078215,-1.977025508877834,0.001452390941428275,-0.0079372140757349,-1.8440394051344515,0.0013900377797865834,-0.0,-0.0,0.0,-0.0,-0.0,0.0,-0.0,0.0,0.0,-0.0,-0.0,0.0,-0.0,-0.0,0.0,-0.0,0.0,0.0,-0.0,-0.0,0.0,-0.0,-0.0,0.0,-0.0,-0.39584728212703274,0.0
-3 1 -2,0.0,-0.0,-0.0,0.0,-0.0,-0.0,0.0,-0.0,-0.0,0.0,-0.0,-0.0,0.0,-0.0,-0.0,0.0,-0.0,-0.0,0.0,-0.0,-0.0,0.013413859215114765,-0.0,-0.0,0.010063736077904211,-0.9849366704126881,-0.0,0.0,-1.0528078300238901,-0.0,0.03964305286234262,-1.957335030698055,-0.08145419281651155,0.011942366282461661,-6.362882603073919,-0.0896808386907293,0.032588066194064944,-4.016512787161673,-0.09599941510065123,0.022854914937485024,-5.252463681001689,-0.09508278548406687,0.002439261674961982,-7.180699257412062,-0.0816893096360736,0.035211547676171594,-1.334219954719319,-0.06741768560087578,0.038671851437212315,-2.8693290882719444,-0.09139098418303473,0.026988445817023646,-0.9708193009205537,-0.05129597331137884,0.01883464584483965,-0.7795094900336725,-0.035910411507563106,0.01161395252319225,-0.18383907270404445,-0.005206169415647679,0.013597725221335257,-0.2848936555889845,-0.007485037183930431,0.0,-0.6394024612757402,-0.0,0.013339214498100932,-0.5460466383671484,-0.015604789392527966,0.013920301649851806,-0.41396134412348096,-0.010629809901194104,0.014206672131065913,-0.661191402444479,-0.02375537330121386,0.008666224091242247,-0.11832468722409809,-0.0034250631512179083,0.0,-0.0,-0.0,0.003943466952056363,-0.0,-0.0,0.0,-0.0,-0.0,0.004748097593975667,-0.0,-0.0,0.0,-0.0,-0.0,0.0,-0.0,-0.0,0.0,-0.0,-0.0,0.002613749696204266,-0.004461233320841665,-0.0010665546785650515,0.0016448916736105789,-0.13024296618856715,-0.0002804700843865446,0.0058966898177517406,-0.02676077719880168,-0.0021609166476057335,0.015945675579164795,-0.18079816993286962,-0.005048929987347134,0.004316237049767503,-0.8362223368207626,-0.0,0.01575443500315273,-0.035223051501764725,-0.0060730579086425715,0.020890128091319803,-0.40584455662344515,-0.00882639827131575,0.004173704780388816,-1.0142547764853262,-0.0,0.0246686573996302,-0.5756348713967782,-0.011676565379965406,0.020064144488113663,-0.522668499386309,-0.01293038450739864,0.0,0.0,0.0,0.022495740364076314,-0.41159891687692135,-0.011984232423305777,0.0,0.0,0.0,0.0,0.0,0.0,0.009647435792912828,-0.827795714425576,-0.013880424491742326,0.0028310558768289964,-1.0745382737983853,-0.021695580263442735,0.0,0.0,0.0,0.0,0.0,0.0,0.006133216203190466,-0.839027656372458,-0.016882756061823264,0.0,0.0,0.0,0.0,0.0,0.0,0.0,0.0,0.0,0.0,0.0,0.0,0.0,0.0,0.0,0.0,0.0,0.0,0.0,-0.0,-0.0,0.0,0.0,0.0,0.0,0.0,0.0,0.0,0.0,0.0,-0.0017034145943113366,-1.0124762018253355,-0.030464292693087935,0.0033146829443310892,-0.7477498605026351,-0.042270335617442846,0.0,-1.21292769287743,-0.0,0.0,-1.186210196534267,-0.0,0.0,-0.6851002479326638,-0.0,-0.0,-2.250587547131628,-0.0,-0.0,-4.600750139251864,-0.0,0.0,-0.9137783256502772,-0.0,0.0,-2.0700836293837566,-0.0,0.0,-4.893293728953514,-0.0,-0.0,-6.075930684863255,-0.0
-3 1 -1,0.04342121131779861,-0.0,-0.0,0.016882893018387718,-0.0,-0.0,0.0,-0.0,-0.0,0.0,0.0,-0.0,-0.0,0.0,-0.0,0.0,-0.0,-0.0,0.0,-0.0,-0.0,0.03340337429594987,-0.07446804855590802,-0.0,0.012225710191169,-0.0,-0.0,0.024502971980911906,-0.0,-0.21384368266054746,0.03876421323934364,1.567815032693884,-0.2566341322873453,0.048931828150078134,4.891836042814733,-0.3219355591983221,0.04725100703142748,3.122192890715993,-0.3221397956446531,0.048058296285188214,4.024521511201703,-0.3299433416666341,0.05113843807626191,5.611309653364401,-0.30586907374370015,0.032085558448551606,0.9244701829208649,-0.2133174094033234,0.04435827302432801,2.2907896810194,-0.2959640979106729,0.02653888247398081,0.3416547465367664,-0.1722621253175072,0.023221301314664784,-0.1302349096454754,-0.13551047283769327,0.008769604989730014,-0.07390866646350001,-0.024636403044225662,0.013406653217729507,-0.23473745241159083,-0.03847778801171684,0.03227845904213502,-0.0,-0.0,0.020316606735291627,-0.4944148323144696,-0.07762232153949686,0.017620059940709355,-0.404863855569445,-0.05609031146923336,0.021674928755630197,-0.4168638689140395,-0.10386675824643164,0.004919973737058908,0.026621712226055284,-0.014676304802990654,0.03672625913983359,-0.0,-0.0,0.03828626351264956,-0.29378848908070726,-0.0,0.0,-0.0,-0.0,0.005691907204679413,-0.0,-0.0,0.0,0.0,-0.0,0.0,-0.0,-0.0,-0.0,0.0,-0.0,-0.0007521414060128044,0.19009887252194552,-0.004301832491927711,0.0003360461628915797,-0.017720286066174887,-0.0009179835893078372,0.0011882487467050219,0.1850856975980209,-0.007722704610783971,0.00698637669303696,0.0632685023673412,-0.01726868340585282,0.030160521250627823,-0.043198629986779584,-0.0,0.007007523299610984,0.20470116686579265,-0.02267268692118155,0.01804879036533501,-0.3187439477903971,-0.03950486959995288,0.019789907874155646,-0.0,-0.07484673798091306,0.02530752454749393,-0.5951249041504836,-0.06368682815084845,0.033588913117557,-1.072846746382496,-0.08118186431706646,0.0,0.0,0.0,0.026321284748691217,-0.5981807009443705,-0.06955817072714442,0.0,0.0,0.0,0.0,0.0,0.0,0.02987776612491973,-1.1404923398805333,-0.09078880084761277,0.02416644558812384,-0.9163499014456127,-0.12346666402353673,0.0,0.0,0.0,0.0,0.0,0.0,0.030459820425452946,-1.086642547203272,-0.10460582889111837,0.0,-2.3161122179707956,0.0,0.0,0.0,0.0,0.0,0.0,0.0,0.0,-2.179158864698337,0.0,0.0,-3.345614416362567,0.0,0.0,-3.668184576874065,0.0,0.06316446051607708,-0.0,-0.0,0.0,-3.2828919621717403,0.0,0.0,-4.541368405584747,0.0,0.0,-4.143244227187816,0.0,0.01845403813547294,-0.4463528748858932,-0.14262325241212515,0.009685261321550615,-0.011145066648564309,-0.1603719226248387,0.011405175078345313,0.0,-0.1488448472577405,0.019859621240275373,0.0,-0.1913048739033975,0.08841083856763568,-0.6770019050568938,-0.0,0.10254519784534578,-0.0,-0.0,0.0875992857255114,-0.0,-0.0,0.018337272259424615,0.0,-0.24901703076690176,0.01878897718368363,0.0,-0.30792841682503375,0.0,0.6533526763846548,-0.3329340267097188,0.004396783946503941,1.357605895427433,-0.29455671261548655
-3 1 1,0.0,-0.0,-0.0,0.0,-0.0,-0.0,0.0,0.0,-0.0,0.0,0.0,-0.0,-0.0,0.0,-0.0,0.0,-0.0,-0.0,0.0,-0.0,-0.0,0.0,-0.0,-0.0,0.008667927436668273,-0.30588075118524394,-0.0,0.037588246332647415,-0.0,-0.0,0.043588323363337185,-0.0009068188495450551,-0.29385312069113784,0.10848908558055352,0.30268415820302097,-0.48023567486283325,0.07094357141612624,-0.004337378020067354,-0.40468911253593676,0.08859447279784083,0.041368568285683006,-0.44686705643339086,0.12847355832475496,0.7917845883833237,-0.5071473759038602,0.03333480942479786,-0.08943499031861792,-0.2371782155928254,0.05603730406779192,0.021635230039233528,-0.3523439414367894,0.02535044738643039,-0.1936651395222544,-0.1878011913099455,0.019961295999699435,-0.2606600007233267,-0.14663961287216587,0.006389878779774102,0.1476686874861649,-0.028057444727362466,0.00987118443036758,0.06296938796078842,-0.043370422086998574,0.03701099831923687,-0.0,-0.36508154302985524,0.01523661408467532,-0.1888363802704061,-0.08529674021149661,0.01303811813517985,-0.06512083090893275,-0.06245324983185454,0.017011712130449986,-0.2610773601315185,-0.11286605682340821,0.0034924438907538596,0.1715613804248208,-0.01686099677567108,0.005536041199223943,-0.0,-0.0,0.011704481015796036,-0.0,-0.0,0.0,0.0,-0.0,0.0,-0.0,-0.0,0.0,0.0,-0.0,0.0,-0.0,-0.0,-0.0,0.0,-0.0,-0.0010902090543744337,0.2315134098647772,-0.004970992778992146,0.00023891997988210878,-0.0061559083493849635,-0.0011714429313386843,0.00048703299771461886,0.26976453698678104,-0.008981639258489986,0.005349460808047237,0.2590766252019158,-0.020074564728459726,0.012218064618333316,-0.0,-0.00969765371424272,0.004758781805925928,0.45421343368025097,-0.0263154569547522,0.014348523126032195,0.04414383387455682,-0.04526447144709846,0.02377786360555928,-0.0,-0.1092415253917492,0.017539515561921733,0.08305117618646886,-0.07197884412423543,0.025990399884522054,-0.5049256509956129,-0.09121155667992871,0.0,0.0,0.0,0.019672289798029655,-0.03860726848016593,-0.07850344038589491,0.0,0.0,0.0,0.0,0.0,0.0,0.02240623305175769,-0.7064071895182698,-0.10104464601888563,0.016498036956465026,-0.516963796267872,-0.13288832119690505,0.0,0.0,0.0,0.0,0.0,0.0,0.022262817315537524,-0.6292642082826142,-0.11417993722647574,0.0,0.0,0.0,0.0,0.0,0.0,0.0,0.0,0.0,0.0,0.0,0.0,0.0,0.0,0.0,0.0,0.0,0.0,0.0,-0.4614689924438068,-0.5253507463071381,0.0,0.0,0.0,0.0,0.0,0.0,0.0,0.0,0.0,0.013693944015078134,-0.38681236374725003,-0.15250405202659445,0.007692349798117375,-0.3298805437307255,-0.1706203014531159,0.04393304926999171,-0.0,-0.20914673036710318,0.04835018690487576,-0.0,-0.3038370785271028,0.0,-0.7854452186107146,-0.800804203662098,0.034873236253948926,-0.6456405466838767,-0.9300266003813065,0.05718546737220956,-0.7093618842226167,-0.899098246357387,0.06126252750656638,-0.0,-0.38868670341008615,0.0773828468714469,-0.0,-0.48441061893992876,0.09232826130439878,-0.03180388617114495,-0.5670765804202615,0.06619892550763605,-0.0,-0.6056662865014202
-3 1 2,0.0,-0.0,-0.0,0.0,0.0,-0.0,0.0,0.0,-0.0,0.0,0.0,-0.0,0.0,0.0,-0.0,0.0,-0.0,-0.0,0.0,-0.0,-0.0,0.0,-0.0,-0.0,0.0,-0.0,-0.0,0.0,-0.0,-0.0,-0.031376387559072044,1.4069269412072045,-0.0595450260017776,-0.0636536666249981,5.097328028411786,-0.018131783929615515,-0.048865402558190586,3.3393106625364926,-0.046195905802245626,-0.05617463272153674,4.304649877837785,-0.03322527566240732,-0.07192075451423698,5.662685892401575,-0.0030954126567626387,-0.024212657969445293,0.7019142301996599,-0.05727267482311155,-0.040426051383540926,2.3257739167150135,-0.055431296239827496,-0.020301692919671724,0.25783578690819225,-0.04884093115460254,-0.01797737830858177,0.038249836271433066,-0.037098947331079345,0.0027303129436039406,0.10250152568807443,-0.0046414192201220585,0.0006298393932088136,0.09308753972897466,-0.007300694046702375,-0.0,-0.0,-0.0,-0.00938065019939506,-0.007775395537314692,-0.01713611907190927,-0.003673303196688181,0.04802667813638821,-0.011224929741782148,-0.014605958743679086,-0.028661962104314428,-0.025809923849304035,0.003057379949030215,0.08199405180077016,-0.002840077861914381,0.0,0.0,-0.0,0.0,-0.0,-0.0,0.0,0.0,-0.0,0.0,0.0,-0.0,0.0,0.0,-0.0,0.0,-0.0,-0.0,0.0,-0.0,-0.0,0.000931885652531959,0.09098987253335411,-0.0008320057444242034,0.001051379695036641,-0.08910770424464808,-0.00025115698954055057,0.0027201748460515484,0.12100890577074164,-0.0016360700692943236,0.008917829701555337,0.09959882559013984,-0.0037693894878872434,-0.0,-0.0,-0.0,0.006531191660417433,0.29203335315835083,-0.0046636298391495535,0.0063222907040779335,0.001198710100911966,-0.007385133496445977,-0.0,-0.0,-0.0,-0.0006620921264626674,0.2729533943063635,-0.010411718497537826,-0.00414947313149068,0.16812640507224352,-0.014671363484299559,0.0,0.0,0.0,-3.903202566398003e-05,0.19368606909248656,-0.011556769572006955,0.0,0.0,0.0,0.0,0.0,0.0,-0.015623173431468153,-0.29755003386576184,-0.018587240813126925,-0.030112399466939957,-0.377541060587888,-0.025584443632813276,0.0,0.0,0.0,0.0,0.0,0.0,-0.02459297701250158,-0.32033122186425783,-0.02141803961445083,0.0,0.0,0.0,0.0,0.0,0.0,0.0,0.0,0.0,0.0,0.0,0.0,0.0,0.0,0.0,0.0,0.0,0.0,-0.01631276364656134,0.11881882413731824,-0.0,0.0,0.0,0.0,0.0,0.0,0.0,0.0,0.0,0.0,-0.03450986678895705,-0.10661417422756357,-0.035035357119351206,-0.038476682095982734,0.054701534980764424,-0.04769220016773019,-0.0,-0.0,-0.0,-0.0029776815128085485,-0.0,-0.0,-0.05373935891832027,0.0,-0.0,-0.032909025357203525,0.0,0.0,-0.02887976869938613,1.850509616906064,-0.0,-0.01823613169202785,0.0,-0.0,-0.02500935243180628,1.0420257195191922,-0.0,-0.06505061981891641,2.3679578902095986,-0.0,-0.06724651751091822,3.4387827108286615,-0.0
-3 1 3,0.0,-0.0,-0.0,0.0,0.0,-0.0,0.0,0.0,-0.0,0.0,0.0,-0.0,0.0,0.0,-0.0,0.0,-0.0,-0.0,0.0,-0.0,-0.0,0.0,-0.0,0.0,0.0,-0.0,0.0,-0.0,-0.0,0.0,-0.0033321891170824246,-0.25842608748586215,0.009441430211454662,-0.014750808021345202,-2.0986153623102606,0.030874715860201865,-0.01193692929740534,-1.0860723547076474,0.01904371199847593,-0.01425258203825174,-1.5210488373439244,0.02496266066086533,-0.014305292561993631,-2.8400509109585044,0.03621640299453523,0.002389739439831709,-0.034884423348929786,0.006320627638607894,-0.008090604705615463,-0.665164859801579,0.013721008714399133,0.008822114588384769,-0.0951502744473861,0.004174447173664933,0.014556320376255732,-0.31856869563336604,0.0027446153699054628,0.009088268424074458,-0.11364837517799375,0.00011112502846485312,0.012974139172314462,-0.23287791635230765,0.0003517591052534398,-0.0,-0.0,0.0,0.018571343281343574,-0.5027491148510896,0.0012026951682615162,0.016559284333882218,-0.3852061804497011,0.0007241386733147381,0.018014031461247824,-0.4915540154057249,0.00182278442412147,0.005845937605756751,-0.04556423627456716,-5.198858153696833e-06,0.0,0.0,0.0,0.0,-0.0,0.0,0.0,0.0,-0.0,0.0,0.0,-0.0,0.0,0.0,-0.0,0.0,-0.0,-0.0,0.0,-0.0,-0.0,0.0017721270050905598,0.004387918128116407,-5.79197527697884e-05,0.0008945276464258367,-0.03886560374395616,-3.274472205424701e-05,0.0034505923774906105,0.00872047822976161,-8.238105005103317e-05,0.008434779107895677,0.018982724393500586,-0.00012265116582476434,0.0,-0.0,0.0,0.009352603127267298,0.034601872520307275,-0.00011190464757495967,0.014192725566711323,-0.20713707003503062,5.7782642554333414e-05,0.0,-0.0,0.0,0.021227494695869563,-0.44761065074131084,0.0005220751932885796,0.027148857571526616,-0.4968037861024865,0.0012047013683696318,0.0,0.0,0.0,0.023871854259821922,-0.5161311076825829,0.0006552104150856669,0.0,0.0,0.0,0.0,0.0,0.0,0.028730490335582944,-0.8270233145447865,0.0018889042684887818,0.025044749224535402,-1.2280275577244848,0.0024735338221677015,0.0,0.0,0.0,0.0,0.0,0.0,0.027677752722812577,-1.1471086365933096,0.0022524864730061158,0.0,0.0,0.0,0.0,0.0,0.0,0.0,0.0,0.0,0.0,0.0,0.0,0.0,0.0,0.0,0.0,0.0,0.0,-0.0,0.0,0.0,0.0,0.0,0.0,0.0,0.0,0.0,0.0,0.0,0.0,0.018584603569324086,-0.9254921879407202,0.0024613559069655614,0.009297509067237093,-0.5993207236636581,0.0025023400884024434,-0.0,-0.0,0.0,-0.0,0.0,0.0,-0.0,-0.0,0.0,-0.0,-0.0,0.0,-0.0,-0.0,0.0,-0.0,0.0,0.0,-0.0,0.0,0.0,-0.0,-0.0,0.0,-0.0,-0.03226268735021919,0.0
-3 1 4,0.0,0.0,0.0,0.0,0.0,-0.0,0.0,0.0,-0.0,0.0,0.0,-0.0,0.0,0.0,-0.0,0.0,-0.0,-0.0,0.0,-0.0,-0.0,0.0,0.0,0.0,0.0,0.0,0.0,-0.0,0.0,0.0,-0.0047329782066175665,0.2978053751388128,0.00048209281272507516,-0.012811672244498565,0.281036762602578,0.0010759153156444815,-0.010070992199087529,0.38361430807753877,0.0007566839795981569,-0.012076542972924967,0.3667480965267634,0.0009158298610637399,-0.012254619211100026,0.1380056179256728,0.0012225349288225945,-0.002518284241808428,0.23650739282521227,0.00036811026046072704,-0.007396869967377243,0.3519900856954469,0.0006104781128912089,-0.0009323803291891879,0.17578450818289923,0.00026443009206338915,4.664114936968294e-05,0.1218049945275077,0.00017505123734580673,0.0003989328476013037,0.009110753420690263,6.265886186072623e-06,0.0005707343079115428,0.016310023043228632,1.5793092326292827e-05,-0.0,0.0,0.0,0.0007403524860622413,0.04854807071167836,6.210146134000326e-05,0.0007129867717912669,0.02858426991727491,3.330722789390813e-05,0.000555648773995516,0.07904013517198093,0.00010744814412434388,0.00025163719285796075,0.005010642749799352,1.9122265353796947e-06,0.0,0.0,0.0,0.0,0.0,0.0,0.0,0.0,-0.0,0.0,0.0,-0.0,0.0,0.0,-0.0,0.0,-0.0,-0.0,0.0,0.0,-0.0,6.471628829894332e-05,0.001109281601249873,-7.236768677982077e-07,2.2377720131232613e-05,-0.0005024179862918817,-5.930226578423429e-07,0.0001384156402798457,0.002466631029200691,-4.310457025432521e-07,0.00034022050868539515,0.006891684663878666,6.125972637061166e-07,0.0,0.0,0.0,0.00042402410545447307,0.009079949800238013,8.600536651045321e-07,0.0006637019831614545,0.011732257517167414,5.218112701441594e-06,0.0,0.0,0.0,0.0009751951523095901,0.0175469349512803,1.6019546981798654e-05,0.0011697506969475737,0.04049657781524038,4.271199885341778e-05,0.0,0.0,0.0,0.001055412803562377,0.0211171323251062,2.09569664725531e-05,0.0,0.0,0.0,0.0,0.0,0.0,0.0012851815029556151,0.05477283483247411,7.358831486858032e-05,0.0010449291780149465,0.0775024023426016,0.00011469540804880237,0.0,0.0,0.0,0.0,0.0,0.0,0.0012341494885015083,0.06281854902301917,9.45832980496704e-05,0.0,0.0,0.0,0.0,0.0,0.0,0.0,0.0,0.0,0.0,0.0,0.0,0.0,0.0,0.0,0.0,0.0,0.0,-0.0,0.0,0.0,0.0,0.0,0.0,0.0,0.0,0.0,0.0,0.0,0.0,0.0005547022568366325,0.11608230014791539,0.00014935198810526787,-0.00013214340215052941,0.1601243674357872,0.00019923236702216475,-0.0,0.0,0.0,-0.0,0.0,0.0,-0.0,0.0,0.0,-0.0,0.0,0.0,-0.0,0.0,0.0,-0.0,0.0,0.0,-0.0,0.0,0.0,-0.0,0.0,0.0,-0.0,0.0,0.0
-3 2 -4,0.0,0.0,0.0,0.0,0.0,0.0,0.0,0.0,-0.0,0.0,0.0,-0.0,0.0,-0.0,-0.0,0.0,-0.0,-0.0,0.0,-0.0,-0.0,0.0,0.0,0.0,0.0,-0.0,0.0,0.0,-0.0,0.0,-7.981523489297135e-05,-0.0020689594118266466,0.00038221667368697074,-0.000197700579944717,0.05394496056072138,0.0008581506296453132,-0.00020969805208098189,0.01764817559154357,0.0006010922179034851,-0.00023033073522500208,0.03497094002348063,0.0007273320370696463,-0.00012087232768864716,0.07076295653303863,0.000980801034472582,-1.7954755517139872e-05,-0.004972743494890236,0.0002871952617934456,-0.00015132528371829214,0.005075760840693654,0.0004860501079139808,1.9684892968160786e-05,-0.0051622017262502266,0.0002014224976286836,3.379008248188518e-05,-0.003915765051443062,0.0001299947422992227,1.7835362668314662e-05,0.0003497620627342831,4.5944953927905045e-06,2.3868915474995394e-05,0.0003170337887488313,1.0971430675050392e-05,0.0,-0.0,0.0,3.2927783224537464e-05,-0.0008852912383520552,4.385033329316852e-05,2.90999336776537e-05,-3.4801952454221843e-05,2.3076295202766834e-05,3.531420346784497e-05,-0.0022672038433016713,7.780352649628769e-05,1.2166081481381113e-05,0.00024354122130367016,1.6822034323266664e-06,0.0,0.0,0.0,0.0,0.0,0.0,0.0,0.0,-0.0,0.0,0.0,0.0,0.0,-0.0,-0.0,0.0,-0.0,-0.0,0.0,-0.0,-0.0,4.209921850510826e-06,-3.501305012778958e-05,-2.483646441463563e-07,1.4561370244739585e-06,-0.00019231931079846074,-2.9712285071509265e-07,8.0445126011011e-06,0.0001032715650295032,1.6292380392031036e-07,1.865608416718382e-05,0.0005598702132874354,1.2480072002332771e-06,0.0,-0.0,0.0,2.180564346452406e-05,0.0007542293727002586,1.6016258238861057e-06,2.758348001552361e-05,0.000745670613556563,4.269095721750647e-06,0.0,-0.0,0.0,4.119062840327873e-05,0.0007378195950070541,1.0645173265432269e-05,4.071728004778804e-05,0.0006810043108194906,2.7653635396527224e-05,0.0,0.0,0.0,4.216750689574272e-05,0.0007736373635162744,1.3594884381167204e-05,0.0,0.0,0.0,0.0,0.0,0.0,4.238817631718748e-05,-0.0002320473686857281,4.873725617797268e-05,3.459560018467164e-05,-0.002360700352982948,7.881017305454689e-05,0.0,0.0,0.0,0.0,0.0,0.0,3.961865150942947e-05,-0.0010668601610132925,6.358367074242705e-05,0.0,0.0,0.0,0.0,0.0,0.0,0.0,0.0,0.0,0.0,0.0,0.0,0.0,0.0,0.0,0.0,0.0,0.0,0.0,-0.0,0.0,0.0,0.0,0.0,0.0,0.0,0.0,0.0,0.0,0.0,3.4858059232735325e-05,-0.005215535530738811,0.00010822134612188649,3.2492035641451e-05,-0.008094728446756504,0.00014979310769068464,0.0,-0.0,0.0,0.0,-0.0,0.0,0.0,-0.0,0.0,0.0,0.0,0.0,-0.0,0.0,0.0,0.0,-0.0,0.0,0.0,0.0,0.0,-0.0,0.0,0.0,-0.0,0.0,0.0
-3 2 -3,-0.0,0.0,-0.0,-0.0,0.0,-0.0,-0.0,0.0,-0.0,0.0,0.0,-0.0,0.0,-0.0,-0.0,0.0,-0.0,-0.0,0.0,-0.0,-0.0,-0.0,0.0,-0.0,-0.0,0.0,-0.0,-0.0,0.0,-0.0,-0.018191011427292233,0.5411246160710917,-0.0002335519252766674,-0.02309662931526783,1.397633658016256,0.0022074832349067994,-0.021372716813142553,0.8286939252706104,-0.0001267556368468413,-0.022526033896569427,1.108175293303824,0.0008281057000284606,-0.023259480372171987,1.6279829938485517,0.003648300694277725,-0.016346831717737393,0.4949261822037071,4.0042009063079626e-05,-0.01984593336856124,0.6359165966304935,-0.0004290189356082038,-0.014236216628977507,0.45600150370626613,8.792141021332472e-05,-0.011984080706100823,0.4200497608424231,-9.608481764824384e-05,-0.001983229996779497,0.18946407350363367,-0.0005428400957922988,-0.003390552491998051,0.2614688012066781,-0.0006504531558578151,-0.0,-0.0,0.0,-0.007412278824114564,0.36429660206135417,-0.0005544496014267931,-0.005242933463245361,0.3223937390492431,-0.0006587870153751884,-0.009699627788140543,0.3921594644797666,-0.00035190776954518494,-0.0010234062586417887,0.12004091184666152,-0.000388055592373956,-0.0,0.0,-0.0,-0.0,0.0,-0.0,-0.0,0.0,-0.0,-0.0,0.0,-0.0,0.0,0.0,-0.0,0.0,-0.0,-0.0,0.0,-0.0,-0.0,8.530373128967846e-05,0.012604620952600894,-0.00010905131207003237,0.00014117605619373973,-0.027145327128363834,-4.568813245479239e-05,-0.0002128656908242741,0.06099640884325608,-0.00024025223302519304,-0.000805459531340806,0.19453619763339094,-0.0005663539109493518,-0.0,0.0,-0.0,-0.0018505651501994965,0.2630699695488683,-0.0007522930508661272,-0.004109677810113514,0.3489597421138518,-0.0010833421320159472,-0.0,0.0,-0.0,-0.00495909484000066,0.41610928715889495,-0.0012553518727969684,-0.0075272138797346224,0.4944982455752104,-0.0009395092388313691,0.0,0.0,0.0,-0.0056749221266141495,0.4539702362236632,-0.001219296536447534,0.0,0.0,0.0,0.0,0.0,0.0,-0.010293949084971497,0.4750818311273959,-0.0004132733418779651,-0.012398036509930323,0.4153067487985226,-0.00018549089720774214,0.0,0.0,0.0,0.0,0.0,0.0,-0.011248033432303758,0.4542581851169812,-0.00023885937936818572,0.0,0.0,0.0,0.0,0.0,0.0,0.0,0.0,0.0,0.0,0.0,0.0,0.0,0.0,0.0,0.0,0.0,0.0,-0.0,-0.0,0.0,0.0,0.0,0.0,0.0,0.0,0.0,0.0,0.0,0.0,-0.013985032853185555,0.31926519614950927,-4.0594391321315736e-05,-0.01624372636139888,0.32313281356591056,0.00017421970429322187,-0.0,0.0,-0.0,-0.0,0.0,-0.0,-0.0,-0.0,0.0,-0.0,-0.0,0.0,-0.0,0.0,-0.0,-0.0,0.0,0.0,-0.0,-0.0,0.0,-0.0,0.0,0.0,-0.0,-0.0,0.0
-3 2 -2,-0.0,0.0,-0.0,-0.0,0.0,-0.0,0.0,0.0,-0.0,0.0,-0.0,-0.0,0.0,-0.0,-0.0,0.0,-0.0,-0.0,0.0,-0.0,-0.0,-0.0,0.0,-0.0,-0.0,0.0,-0.0,-0.0,0.0,-0.0,-0.03769246578095783,2.2558925323469077,-0.05069750030028486,-0.07024990718189537,-2.1524152682297815,-0.1543773430115827,-0.04489792221832314,0.1545696728430427,-0.09649143381821702,-0.05414103000665642,-1.0736714109299361,-0.12383218805128286,-0.09119160171603025,-3.000857232663858,-0.18551786205981957,-0.03412809195216726,2.725584184211769,-0.033144809003535565,-0.040500700595624765,1.3431242850738978,-0.07213439392729502,-0.02927953295097602,2.7560380567606066,-0.020058768526252112,-0.02442906709810814,2.5194011353213335,-0.011448228590744696,-0.006331026502374824,0.665812292321642,-0.003225713824559525,-0.01002346408834646,1.0364259535620337,-0.003952836336345619,-0.0,0.0,-0.0,-0.017589743495349038,1.8407034231002253,-0.005066450724275666,-0.014026561588925235,1.4474341059882692,-0.004453508357384791,-0.02071454112827642,2.1947635544267476,-0.0068686886059184165,-0.003502870708532569,0.3788676896337892,-0.0023532293925763387,-0.0,0.01578762104609906,-0.0,-0.0,1.0167037779418389,-0.0,0.0,0.0,-0.0,-0.0,0.0,-0.0,0.0,-0.0,-0.0,0.0,-0.0,-0.0,0.0,-0.0,-0.0,-7.296999232957069e-05,0.033605803836987656,-0.0006841646766956472,0.000580200279843515,-0.09489251223484367,-0.00013878754265301147,-0.0010992497578748877,0.15929071074613838,-0.0016440106116391684,-0.0034789462382232997,0.48109706034670247,-0.004242300986545716,-0.0,1.5563332202907567,-0.0,-0.006861144788229424,0.7710772364793381,-0.004809406392170167,-0.012267725529796204,1.1343692800852685,-0.005865521010493427,-0.0,1.2284205618874635,-0.0,-0.015520162656596066,1.5896368936911909,-0.005892054354415365,-0.02140395816995598,2.261928998989498,-0.005422527715996998,0.0,0.0,0.0,-0.017916374564729044,1.841454285177931,-0.005631667532465841,0.0,0.0,0.0,0.0,0.0,0.0,-0.028390754312965463,2.7102994298303087,-0.005679349422993237,-0.027022471905408657,2.67890301214705,-0.0036888525071315723,0.0,0.0,0.0,0.0,0.0,0.0,-0.02732004333437399,2.780750455687046,-0.0044245576086062565,0.0,0.0,0.0,0.0,0.0,0.0,0.0,0.0,0.0,0.0,0.0,0.0,0.0,0.0,0.0,0.0,0.0,0.0,-0.0,-0.0,-0.0,0.0,0.0,0.0,0.0,0.0,0.0,0.0,0.0,0.0,-0.021806877987544104,2.466895961671715,-0.0017013774380102485,-0.015701940628479034,2.4235144492676644,-0.0030696413407482266,-0.0,0.793731731827502,-0.0,-0.0,1.3014027358916238,-0.0,-0.0,-0.0,-0.0,-0.00430940022841663,-0.0,-0.0,-0.0,-0.37705617506710765,-0.0,-0.010376813428380184,0.0,-0.0,-0.02325457053829838,0.0,-0.0,-0.02577250017982562,-0.0,-0.027411654510316904,-0.004165255389136322,-1.8145373992994396,-0.10991611175843075
-3 2 -1,0.0,-0.0,0.07698286042166938,0.0,-0.0,0.0,0.0,-0.0,0.0,0.0,-0.0,0.0,0.0,-0.0,0.0,0.0,-0.0,0.0,0.0,-0.0,0.0,0.0,-2.6404492774192754,0.35719200753038033,0.0,-2.675557241077574,0.3939657922589679,0.0,-3.07952579292381,0.47730781164320846,-0.00387373802653424,-3.6568661926863877,0.31922236937039417,-0.023701579687460485,-3.6850384933895453,0.5043223842319561,-0.0164914377598278,-3.9373814651100028,0.40847012443540137,-0.0198391807438096,-3.8431792448423807,0.4578843515126636,-0.029211015197730693,-3.5380926413090963,0.5418585285049908,0.004902521240917756,-3.302529483556948,0.2760812014247749,-0.011479748191581905,-3.884067434084848,0.3620252763313474,0.012273982309951458,-2.8892133685338477,0.22993828237675984,0.016535564819132823,-2.451566710804101,0.1827953070829383,0.009426083704699684,-0.5158672165294357,0.02442683031362769,0.012243437250108798,-0.7815436464231643,0.04176412311868605,0.0,-1.4947067622152976,0.8324944705896897,0.016664056393959632,-1.5340737095019552,0.0994519743125733,0.014702048835331456,-1.1206355294388601,0.06684583025833286,0.017645318332185727,-1.9931573263537214,0.13851009632251293,0.006594810137748124,-0.31868904604099524,0.013665360742154511,0.0,-0.0,0.04228494623492249,0.0,-1.9720946246260878,0.13959531391900115,0.0,-0.0,0.0,0.0,-0.0,0.0,0.0,-0.0,0.0,0.0,-0.0,0.0,0.0,-0.0,0.0,0.0016907618280483589,-0.04395549788701413,0.003922698704947441,0.0012102300495781576,-0.07153692914876167,0.0027549026686448956,0.0041373769038018215,-0.14311545961647595,0.006708844819095757,0.010783098869158538,-0.4459440928619163,0.011533058331203324,0.0,-3.0427693878228954,0.22983127521362648,0.011774146119610333,-0.47736536975242694,0.01861639919283111,0.01741199303854748,-0.9584392134403733,0.03906379867418114,0.0,-2.788733308140273,0.30543279044616434,0.020481534391408186,-1.2982579826568612,0.06123127016063341,0.020391667795197018,-1.5533240428426989,0.09398945439289946,0.0,0.0,0.0,0.019789192179163032,-1.2912587355979654,0.06851379535072417,0.0,0.0,0.0,0.0,0.0,0.0,0.01688701644787575,-1.7749257814414947,0.12278753790930855,0.018040266934960632,-2.295479241693678,0.17364156431070626,0.0,0.0,0.0,0.0,0.0,0.0,0.017973599065015923,-1.9846972134708056,0.1534361528896591,0.0,0.0,0.0,0.0,0.0,0.0,0.0,0.0,0.0,0.0,0.0,0.0,0.0,0.0,0.0,0.0,0.0,0.0,-0.0,-0.0,0.8566684989690949,0.0,0.0,0.0,0.0,0.0,0.0,0.0,0.0,0.0,0.0242081300568188,-3.0249214191230904,0.2118451860050954,0.03031693611597502,-3.943406275164737,0.24331551142649002,0.0,-2.4582155272352053,0.3889941759903703,-0.0,-2.009251769092783,0.45171810930855644,-0.0,-0.0,0.7106368082687515,-0.0,-0.0,0.5336677982089595,-0.0,-0.0,0.5864456018936228,-0.0,-2.1849355729225906,0.4744901895200711,-0.0,-2.118112604982237,0.5397579062252154,-0.0,-1.9588233892708473,0.6275161309802634,-0.0,-0.8628974518087604,0.7041619548694574
-3 2 1,0.0,-0.0,0.0,0.0,-0.0,0.0,0.0,0.0,0.0,0.0,0.0,0.0,0.0,0.0,0.0,0.0,-0.0,0.0,0.0,-0.0,0.0,0.0,-0.0,0.005658264854779887,0.0,-0.9825458056041961,0.32041129301457183,0.0,-0.0,0.2886657814338354,-0.015625422665323234,-2.950837704067874,0.2523891467535208,-0.033443045014318336,-3.6482392728801316,0.19936225738437002,-0.029015289327334954,-3.297757055317257,0.2463077285230418,-0.03200616695592099,-3.4176410870639082,0.22663441132003825,-0.03455880543407062,-4.010527608617868,0.17035604512755656,-0.007399261373133007,-2.601228382339386,0.23547239158186156,-0.023427480905731237,-3.1763048509538097,0.255461614898645,-0.0008262127552899627,-2.1690350831370373,0.20573864055176358,0.00284963574011144,-1.6992447761590996,0.1683776979862709,0.0023903080365544043,-0.10658759136518639,0.022709549758473755,0.002529811129348167,-0.22726268193017096,0.03902632388797873,0.0,-0.0,0.0,0.003313199637022869,-0.7880701304755421,0.09358037139689715,0.0027417909901477364,-0.4474965010117396,0.06279670372062558,0.003796502574187568,-1.224123640444454,0.12960520998612632,0.0020423378611779085,-0.04847081829450828,0.012658924017880305,0.0,-0.0,0.024204815451628923,0.0,-0.16051459044950206,0.11307005199756352,0.0,0.0,0.0,0.0,-0.0,0.0,0.0,0.0,0.0,0.0,-0.0,0.0,0.0,-0.0,0.0,0.00041278533546782446,0.03595199054829817,0.003527429186735637,0.0007829328844369465,-0.04588608233530939,0.002516635486665057,0.0015814178056409683,0.015638627281081903,0.006172525961023308,0.0048690674722651605,-0.08050743692054788,0.010611250013137537,0.0,-1.744176999517556,0.201857185292436,0.004042069303186952,-0.009381609017521471,0.01733549625297834,0.005164983852151831,-0.24518779322592435,0.03648624187817178,0.0,-2.4405384453865184,0.2601748517252403,0.0010373186807416178,-0.17200209386852963,0.05701258417073341,0.0022493777393381934,-0.5692587288444224,0.08706010728454552,0.0,0.0,0.0,0.0013813822256204982,-0.2623701603433087,0.06323585275479392,0.0,0.0,0.0,0.0,0.0,0.0,0.0010001766794163816,-0.9726959799764348,0.11475995972596817,0.0021381898988990853,-1.3785563625702295,0.16756038506303556,0.0,0.0,0.0,0.0,0.0,0.0,0.001989050699229205,-1.1381377522172171,0.14728100885789822,0.0,0.0,0.0,0.0,0.0,0.0,0.0,0.0,0.0,0.0,0.0,0.0,0.0,0.0,0.0,0.0,0.0,0.0,-0.0,-0.0,0.0,0.0,0.0,0.0,0.0,0.0,0.0,0.0,0.0,0.0,0.010636382332362752,-2.1669646148559245,0.20214144632174194,0.01801996059868645,-3.1723463892058286,0.228986170570254,0.0,-1.9767502021472532,0.30903006309748937,-0.0,-1.5867958194649023,0.2875648350024134,-0.0,-0.0,0.0,-0.0,0.0,0.0,-0.0,0.0,0.0,-0.0,-0.8040120666977993,0.21825431118786226,-0.0003664210794259968,-0.0,0.16811965134735374,-0.004068640672168709,-0.7216337482273851,0.08849722645939762,-0.0,-1.5245132209339118,0.0061677687389081306
-3 2 2,-0.0,0.0,-0.0,-0.0,0.0,-0.0,-0.0,0.0,-0.0,-0.0,0.0,-0.0,-0.0,0.0,-0.0,0.0,-0.0,-0.0,0.0,-0.0,-0.0,-0.0,0.0,-0.0,-0.0,0.0,-0.0,-0.0,0.0,-0.0,-0.05165859276009786,3.8996433502930725,-0.03542810496199813,-0.03385477525265339,0.5800485818694457,-0.04138320023375358,-0.03339468451962662,2.665086791744304,-0.02945979566149641,-0.028978649428399932,1.6822716068000816,-0.03181924638978757,-0.04766179930139605,-0.5129713427827222,-0.056816645391106146,-0.05528253655575939,3.9543272508438623,-0.036486438231835845,-0.04280321312993173,3.4384488666236717,-0.03190554518251592,-0.05199483580795731,3.62280153295033,-0.03319595028268421,-0.044249983937999934,3.079951847821928,-0.026621798518341032,-0.00841679197143316,0.7252503254191325,-0.003269965933255839,-0.013834569097508492,1.1077159632224833,-0.005506440257022202,-0.0,0.0,-0.0,-0.027841696518444467,2.0151844747905203,-0.013390288170737556,-0.02051169524634082,1.547158061894434,-0.008820924789604797,-0.035702630100660424,2.519839916899906,-0.01942930865195474,-0.004586901575063681,0.4279981630140526,-0.0018876088421530203,-0.0,0.6037258270479624,-0.0,-0.0,1.4526415023696329,-0.0,-0.0,0.0,-0.0,-0.0,0.0,-0.0,-0.0,0.0,-0.0,0.0,-0.0,-0.0,0.0,-0.0,-0.0,-0.0004372310798022678,0.07414066200993086,-0.00042737998682385183,0.00045081007710862537,-0.0783293202171966,-0.00010375414991853713,-0.0015990789402656515,0.21159325832727366,-0.0010078359836757805,-0.004298564035853447,0.5610408959302613,-0.0026179893535575147,-0.023052206205725637,2.2784432263994603,-0.0,-0.008105036488040998,0.8474863677778544,-0.0031418148038478513,-0.014732546090526103,1.1800029473412585,-0.004715753439078165,-0.04659883946541019,3.0312143370209155,-0.0,-0.02315714350398583,1.8208006177206069,-0.006557053192240528,-0.030059617667330053,2.3377636631613035,-0.012544838524425282,0.0,0.0,0.0,-0.02368330179438369,1.8920447361052053,-0.007573059428801411,0.0,0.0,0.0,0.0,0.0,0.0,-0.04031520271593203,2.696590922583796,-0.019361438409917317,-0.04513090386084652,2.9573231956981108,-0.020779807329450683,0.0,0.0,0.0,0.0,0.0,0.0,-0.0426652748262577,2.8333789920354766,-0.019779546294165923,0.0,0.0,0.0,0.0,0.0,0.0,0.0,0.0,0.0,0.0,0.0,0.0,0.0,0.0,0.0,0.0,0.0,0.0,-0.0,0.0,-0.0,0.0,0.0,0.0,0.0,0.0,0.0,0.0,0.0,0.0,-0.04438472751362292,3.1123997489965043,-0.024818526158272715,-0.04504745023489143,3.250410346378516,-0.03168029178455558,-0.038195050232162686,3.50769300732954,-0.0,-0.037479686275838774,3.022593740318355,-0.0,-0.0,0.0,-0.0,-0.0,0.0,-0.0,-0.0,-0.0,-0.0,-0.021159415427224066,3.1024401489529305,-0.0,-0.007746208227703694,1.380975761336225,-0.0,-4.353069421033391e-05,0.0,-0.0,-0.0,-0.0,-0.0
-3 2 3,-0.0,0.0,-0.0,-0.0,0.0,-0.0,-0.0,0.0,-0.0,-0.0,0.0,-0.0,0.0,0.0,-0.0,0.0,-0.0,-0.0,0.0,-0.0,-0.0,-0.0,0.0,-0.0,-0.0,0.0,-0.0,-0.0,0.0,-0.0,-0.02552491413259386,1.8730582916681344,-0.003375118601780971,-0.042399888803485934,1.2950510842362304,-0.004468264931665713,-0.03549608131441892,2.0452077543038163,-0.004310898327955758,-0.039565066952022936,1.7995771944711934,-0.004448044179954288,-0.04412647636276244,0.6306939566173158,-0.004473124804368166,-0.02034123188616147,1.5798110200992732,-0.002761374425417285,-0.030637476190211295,2.0489344409791723,-0.003940435887211744,-0.015236872302740723,1.235728460687784,-0.002194548047235701,-0.010658087871082444,0.9112393323285387,-0.0016915057431593605,-0.0002942264090553222,0.1654504615140057,-0.00020032642117575786,-0.0010698476481972375,0.24564149592363366,-0.0003561250413656026,-0.0,0.0,-0.0,-0.004331243871889579,0.4735208397531103,-0.0008761734193691867,-0.002391146200523826,0.34469397878242125,-0.0005798812563104188,-0.007018719145814944,0.6550025416810741,-0.0012491273969477614,7.102303781117616e-05,0.10191598954031963,-0.00010587096132655088,-0.0,0.0,-0.0,-0.0,0.0,-0.0,-0.0,0.0,-0.0,-0.0,0.0,-0.0,0.0,0.0,-0.0,0.0,-0.0,-0.0,0.0,-0.0,-0.0,0.00027994638949488485,0.016638931755593094,-2.642432850339952e-05,0.00018151326054111796,-0.02077926967993791,-2.8951086436667852e-05,0.00035764870351064716,0.0547714224240107,-3.8591516462173975e-05,0.0007447825849090158,0.160983562778816,-5.710541626282221e-05,-0.0,0.0,-0.0,0.00017880906134056426,0.21567608302607338,-0.00014286843045227256,-0.0007409076795724697,0.26903568361207697,-0.00029971822060279887,-0.0,0.0,-0.0,-0.001354284478405578,0.36102178696992204,-0.0004760351932054974,-0.0035104451810913265,0.5124792209874469,-0.000987094781764014,0.0,0.0,0.0,-0.001272035009522594,0.37935533328605375,-0.000571837746353303,0.0,0.0,0.0,0.0,0.0,0.0,-0.006496943354820266,0.5758345255822004,-0.0012971651417984697,-0.008141686157678366,0.6356430018270374,-0.0012498998577797533,0.0,0.0,0.0,0.0,0.0,0.0,-0.007152916958721205,0.5749426894688711,-0.0011810841500025752,0.0,0.0,0.0,0.0,0.0,0.0,0.0,0.0,0.0,0.0,0.0,0.0,0.0,0.0,0.0,0.0,0.0,0.0,-0.0,0.0,-0.0,0.0,0.0,0.0,0.0,0.0,0.0,0.0,0.0,0.0,-0.010197825711868447,0.8211645471684024,-0.001843381987506574,-0.012879477254745676,1.0388855420738465,-0.0022183773361666164,-0.0,0.0,-0.0,-0.0,0.0,-0.0,-0.0,0.0,0.0,-0.0,-0.0,0.0,-0.0,-0.0,-0.0,-0.0,0.0,-0.0,-0.0,0.0,-0.0,-0.0,0.0,-0.0,-0.0,0.0,-0.0
-3 2 4,0.0,0.0,0.0,0.0,0.0,0.0,0.0,0.0,-0.0,0.0,0.0,-0.0,0.0,0.0,-0.0,0.0,-0.0,-0.0,0.0,-0.0,-0.0,0.0,0.0,0.0,-0.0,0.0,0.0,-0.0,0.0,0.0,-0.0002717507502975485,0.021317166269092344,0.00018726174560569872,-0.0006231420178039397,-0.024202607988055957,0.0004027875740352505,-0.0005176190568441664,0.008363831640987394,0.0002862771924802062,-0.0006028106380938089,-0.005588080570409335,0.0003432777205100778,-0.0005797149503899271,-0.0447897214532356,0.00045926753129844086,-0.0001635554417369641,0.021619448996811504,0.0001432624048242233,-0.0003963597895324815,0.01713699013088176,0.00023440672910108644,-8.014978705623107e-05,0.018984879668119143,0.00010238923613452815,-2.332344764585478e-05,0.014847612529224792,6.739920199069676e-05,2.0120797966380805e-05,0.001729359983392698,3.0202120310743505e-06,2.660847756162971e-05,0.00287559086971232,6.556151043256425e-06,-0.0,0.0,0.0,2.6068257232742473e-05,0.007170502361929763,2.3879115241241933e-05,2.9958830436593508e-05,0.004623958012275236,1.3030634080051125e-05,1.0162042138490571e-05,0.01063894432423918,4.1245232138642926e-05,1.3500767469083413e-05,0.0010029703279063045,1.2978272402875791e-06,0.0,0.0,0.0,0.0,0.0,0.0,0.0,0.0,0.0,0.0,0.0,0.0,0.0,0.0,-0.0,0.0,-0.0,-0.0,0.0,0.0,-0.0,4.070213900313416e-06,0.00023499753311460522,-6.376760344885116e-11,1.3809444724897368e-06,-1.1810827809741527e-05,-1.1571497648782337e-07,8.301304363461272e-06,0.0005149163749045236,3.4341730323688097e-07,1.9782226318715106e-05,0.001333033847564828,1.259645547226201e-06,0.0,0.0,0.0,2.38753254070991e-05,0.001740174649707682,1.5761375651385558e-06,3.405533356448651e-05,0.002577293663028892,3.3761874011338815e-06,-0.0,0.0,0.0,4.774233902712834e-05,0.003759863980396575,7.017310549887001e-06,4.8301373679073975e-05,0.006363313366769126,1.5801224007424138e-05,0.0,0.0,0.0,5.063674111058484e-05,0.004236818831747965,8.588923431555912e-06,0.0,0.0,0.0,0.0,0.0,0.0,4.5585597579969766e-05,0.00841305011257481,2.6653796778703217e-05,2.8071613398550187e-05,0.011611029735424216,4.261085559253838e-05,0.0,0.0,0.0,0.0,0.0,0.0,3.953107189744248e-05,0.009727383455202757,3.461822402641486e-05,0.0,0.0,0.0,0.0,0.0,0.0,0.0,0.0,0.0,0.0,0.0,0.0,0.0,0.0,0.0,0.0,0.0,0.0,-0.0,0.0,0.0,0.0,0.0,0.0,0.0,0.0,0.0,0.0,0.0,0.0,2.6850537793240787e-06,0.01580789899163374,5.750057304884075e-05,-3.4071920449395156e-05,0.02062717207774293,7.881716371863839e-05,-0.0,0.0,0.0,-0.0,0.0,0.0,-0.0,0.0,0.0,-0.0,-0.0,0.0,-0.0,-0.0,0.0,-0.0,0.0,0.0,-0.0,0.0,0.0,-0.0,0.0,0.0,-0.0,-0.0,0.0
-3 3 -3,-0.0,0.0,0.0,-0.0,0.0,-0.0,-0.0,0.0,-0.0,-0.0,0.0,-0.0,0.0,-0.0,-0.0,0.0,-0.0,-0.0,0.0,-0.0,-0.0,-0.0,0.0,0.0,-0.0,0.0,0.0,-0.0,-0.0,0.0,0.000590218455653924,-0.03950856521609643,0.0027356187905355745,0.0007629422093997782,-0.08518177302540822,0.00561329631325743,0.0010635055890818711,-0.07974045108453644,0.0039876779894224956,0.0009785576188813354,-0.0822333556611624,0.004759114681067949,0.0004871679928015099,-0.0977352630018793,0.006452259925630938,8.029990719928473e-05,-0.011364909849118629,0.0021478634663424376,0.0009431090124030301,-0.06575048933383225,0.003327578185745294,-0.0004421774810473898,0.009608927381665414,0.0015514169601677618,-0.0008380433864760304,0.02217577497607885,0.00100598000636471,-0.0003379470713341392,0.015091982709882726,-3.1162948583730197e-06,-0.0005572180034558933,0.021705991588819896,3.5681041882204694e-05,0.0,-0.0,0.0,-0.000990412562072203,0.030072644922889455,0.0002991576639835002,-0.0008023436813650824,0.027333886982474263,0.00012769676889132635,-0.0010231984636760144,0.028567110173387266,0.0005827936019366717,-0.00018098232463332057,0.009061816382762157,-1.227086891515567e-05,-0.0,0.0,0.0,-0.0,0.0,0.0,-0.0,0.0,-0.0,-0.0,0.0,-0.0,-0.0,-0.0,-0.0,0.0,-0.0,-0.0,0.0,-0.0,-0.0,-3.603586528418856e-06,8.899383397111914e-05,-4.6068729066181135e-06,8.81967896747602e-06,-0.0029055287752516967,-2.846933804981592e-06,-5.3461018171817494e-05,0.0038695066218932283,-1.0122971894139707e-05,-0.00017662831783048647,0.014835755057964655,-2.2758432295121305e-05,-0.0,0.0,0.0,-0.0002965608511398629,0.019808306447792495,-3.709835178553225e-05,-0.0006240387917522017,0.02781447872762984,-4.7366249667943505e-05,-0.0,0.0,0.0,-0.0008823706456618746,0.03527435816823685,-2.3329746018074064e-05,-0.0013087415378043152,0.0441191859990609,0.00012707406501674166,0.0,0.0,0.0,-0.0009913133717234603,0.038592353623808535,-1.0042461118118958e-06,0.0,0.0,0.0,0.0,0.0,0.0,-0.001684850820953587,0.046546476970210665,0.00033672361625588484,-0.0017013308128542163,0.038604422085736306,0.0005925407032341785,0.0,0.0,0.0,0.0,0.0,0.0,-0.0017442436299191589,0.04298874371463128,0.0004663036725209475,0.0,0.0,0.0,0.0,0.0,0.0,0.0,0.0,0.0,0.0,0.0,0.0,0.0,0.0,0.0,0.0,0.0,0.0,0.0,-0.0,0.0,0.0,0.0,0.0,0.0,0.0,0.0,0.0,0.0,0.0,-0.0014017952313915053,0.026216708388078443,0.0008569607770949286,-0.0010001016500130009,0.015692377752514582,0.0012272156837887938,-0.0,-0.0,0.0,0.0,-0.0,0.0,0.0,-0.0,0.0,0.0,-0.0,0.0,-0.0,0.0,0.0,0.0,-0.0,0.0,0.0,-0.0,0.0,0.0,-0.0,0.0,0.0,-0.0,0.0
-3 3 -2,-0.0,0.0,-0.0,-0.0,0.0,-0.0,-0.0,0.0,-0.0,-0.0,0.0,-0.0,-0.0,-0.0,-0.0,0.0,-0.0,-0.0,0.0,-0.0,-0.0,-0.0,0.0,-0.0,-0.0,0.0,-0.0,-0.0,0.0,-0.0,-0.043219757510622604,0.48094293527131093,-0.007118872060593504,-0.047516119257463935,-1.2640434932341886,-0.005534373067434391,-0.048694039260591064,-0.281969417493934,-0.006413166402063642,-0.04895756552417321,-0.7565023661360986,-0.00592680920217191,-0.04446554656067437,-1.7806513814079867,-0.00524843796681171,-0.03843865025244166,0.6990692942525257,-0.007243607381112511,-0.046762412284559525,0.14252868457131454,-0.006831044960703354,-0.033177702363307915,0.7971318541666242,-0.007060974308523085,-0.02815169410918623,0.8040591992126974,-0.006545937553383138,-0.006430369861229453,0.26465189012595974,-0.0017180545414222314,-0.009987049350621922,0.38833523608476406,-0.002658588312970854,-0.0,0.0,-0.0,-0.01893649904025514,0.650584777027936,-0.0048590397301171645,-0.014309462124709656,0.5236893061442455,-0.0037634807888523064,-0.02350926788994451,0.7490385968674844,-0.005799524892939324,-0.0038135128853502465,0.16382826688932717,-0.00102399775214223,-0.0,0.0,-0.0,-0.0,0.0,-0.0,-0.0,0.0,-0.0,-0.0,0.0,-0.0,-0.0,0.0,-0.0,0.0,-0.0,-0.0,-0.0,-0.0,-0.0,-0.0005543294904432685,0.021085945693626346,-0.0001937886139881641,0.00010359238228781308,-0.021969751557949436,-3.917956561833582e-05,-0.0017681264070053464,0.08376057342074207,-0.00048533390975840713,-0.004997848413981493,0.25265278351168885,-0.0012503072502886004,-0.0,0.0,-0.0,-0.006972932975175618,0.33902133223625736,-0.0017702592842700337,-0.011232755095032375,0.4622864033694337,-0.0030272442402947282,-0.0,0.0,-0.0,-0.014747699388723317,0.5621914442150998,-0.0040388057569855345,-0.020379994797514078,0.7517983118125037,-0.005618642709097594,0.0,0.0,0.0,-0.016260718006970067,0.618109069709932,-0.004364168863534789,0.0,0.0,0.0,0.0,0.0,0.0,-0.026790882872903807,0.9264024251668015,-0.007118812019191728,-0.030251532292302336,0.9635630662139996,-0.007647023698514909,0.0,0.0,0.0,0.0,0.0,0.0,-0.028725586822204146,0.9638476683160162,-0.007740274089102654,0.0,0.0,0.0,0.0,0.0,0.0,0.0,0.0,0.0,0.0,0.0,0.0,0.0,0.0,0.0,0.0,0.0,0.0,-0.0,0.0,-0.0,0.0,0.0,0.0,0.0,0.0,0.0,0.0,0.0,0.0,-0.031217191605788362,0.9315131295316336,-0.0071339211367533635,-0.032302698102042685,0.9061373112840908,-0.0070243077800388725,-0.0,0.0,-0.0,-0.0,0.0,-0.0,-0.0,-0.0,-0.0,-0.0,-0.0,-0.0,-0.0,-0.0,-0.0,-0.0,0.0,-0.0,-0.0032130858390607008,-0.0,-0.0,-0.0011841215576968872,-0.0,-0.0,-0.0,-0.0,-0.0
-3 3 -1,-0.0,0.0,-0.0,-0.0,0.0,-0.0,-0.0,0.0,-0.0,-0.0,0.0,-0.0,-0.0,0.0,-0.0,0.0,-0.0,-0.0,0.0,-0.0,-0.0,-0.0,0.0,-0.0,-0.0,-0.0,-0.0,-0.0,-0.0,-0.0,-0.02871805526181471,-3.476748101173619,-0.10149779816510172,-0.007545870780690091,-5.758825123225562,-0.12069662360503132,-0.023282803942204593,-4.613194174084252,-0.11535366036534365,-0.01675132098868569,-5.123179293955901,-0.11817702780281415,0.002953656708751588,-6.513570988938871,-0.12300729670229264,-0.02831717634521208,-2.735718824647723,-0.08696454639919243,-0.0271960980449812,-4.098893813106285,-0.11056582028472299,-0.027282635457737344,-1.9217209227746075,-0.06834313993781574,-0.026443495811521393,-1.1388475399255729,-0.049342977581207335,-0.008401114229116904,0.2102058652950004,-0.004744422764837932,-0.012762487282331236,0.20741692397209582,-0.008050072410583415,0.0,-6.3569359538588195,-0.0,-0.022345059359639884,-0.09163963155026912,-0.02154513523841173,-0.01783029201864751,0.12727342820920856,-0.013382094338735688,-0.025171710044813802,-0.5087181261882519,-0.033372819678025356,-0.005180347602429016,0.17318472348189,-0.0027513143819188107,-0.0,0.0,-0.0,-0.0,0.0,-0.0,-0.0,0.0,-0.0,-0.0,0.0,-0.0,-0.0,0.0,-0.0,0.0,-0.0,-0.0,-0.0,0.0,-0.0,-0.0012105703040922748,0.06340193729331021,-0.0007044668172866207,0.0001850781548893625,-0.009185402911527417,-0.00011119425375851377,-0.002915833082186487,0.14854158225620664,-0.001403646036720701,-0.007575055250994125,0.3713552768292022,-0.003640010626515724,-0.0,0.0,-0.0,-0.009855178851582574,0.43159056521451394,-0.004581294666034979,-0.013571543009689687,0.3480648523106849,-0.007035429007666352,-0.0,-0.0,-0.0,-0.017099507034186334,0.187479332415826,-0.0102731711717492,-0.02570392846207125,0.1938118240319779,-0.01625530705588792,0.0,0.0,0.0,-0.019016869586263134,0.18716165129634565,-0.011405121606731516,0.0,0.0,0.0,0.0,0.0,0.0,-0.03652890412523806,0.19471493022920874,-0.02437070481821342,-0.03829448701796527,-0.27314806886725884,-0.036241498623578984,0.0,0.0,0.0,0.0,0.0,0.0,-0.03842824012155574,0.011863686928349049,-0.03006643174848815,0.0,0.0,0.0,0.0,0.0,0.0,0.0,0.0,0.0,0.0,0.0,0.0,0.0,0.0,0.0,0.0,0.0,0.0,-0.0,-12.889352113965016,-0.0,0.0,0.0,0.0,0.0,0.0,0.0,0.0,0.0,0.0,-0.03173535740418553,-0.9954312355756352,-0.04838529261390329,-0.022332367976119857,-2.0091086871342334,-0.0650709570761974,-0.0,-0.0,-0.0,-0.0,-2.018980524184234,-0.0,-0.0,-11.215538683426177,-0.0,-0.0,-13.881444509378946,-0.0,0.0,-11.149481539557003,-0.0,-0.0,-4.706097805912094,-0.0,-0.0,-6.540966836860511,-0.0,-0.0,-6.93059685307752,-0.0,-0.0,-6.366875772740449,-0.0
-3 3 1,-0.0,0.0,-0.0,-0.0,0.0,-0.0,-0.0,0.0,-0.0,-0.0,0.0,-0.0,-0.0,0.0,-0.0,-0.0,0.0,-0.0,-0.0,0.0,-0.0,-0.0,0.0,-0.0,-0.0,0.0,-0.0,-0.0,-0.0,-0.0,-0.025599330270569782,-2.997064247170315,-0.10789905414010935,-0.023734914421768005,-4.643228992958389,-0.14752253677710978,-0.020855615326301768,-4.041871012839864,-0.12638123538413062,-0.02075400052684712,-4.370143414042711,-0.13608764907331997,-0.029511630464717935,-4.890687191004113,-0.15895872974529826,-0.02816898802312331,-2.2690914932966235,-0.09382746720183317,-0.022934934722819097,-3.5953096025675606,-0.11785471508086563,-0.030642246390812266,-1.4774084623440467,-0.07546909361074058,-0.03258117912062254,-0.7365477653398211,-0.05591290296822494,-0.012106648750175973,0.35137935658009695,-0.005869486135397607,-0.01802237109411606,0.39870226344405396,-0.009966895386677678,0.0,-0.0,-0.0,-0.029947367694859957,0.20024449911690795,-0.025698958433941547,-0.024523824797138646,0.3680426215225922,-0.01633241424205675,-0.032714895122876606,-0.16133086170053826,-0.03880913789043969,-0.007541669206709607,0.2677787773456826,-0.00336293875157407,-0.0,0.0,-0.0,-0.0,0.0,-0.0,-0.0,0.0,-0.0,-0.0,0.0,-0.0,-0.0,0.0,-0.0,-0.0,0.0,-0.0,-0.0,0.0,-0.0,-0.0019101989780033212,0.09302260164299041,-0.00090610861525021,-5.8293437171370935e-05,9.35264519388828e-06,-0.00022271722351225055,-0.004247827443508488,0.20684831360937525,-0.0016799746018255238,-0.010562049132487473,0.5042381435968396,-0.004116679540601842,-0.01205324196961963,0.0,-0.0,-0.013765782565373069,0.5979233125789108,-0.005315578644932751,-0.019829863644581214,0.5946958137397829,-0.008645921583506043,-0.0036137143377133144,-0.0,-0.0,-0.02721681948006606,0.5626562001170857,-0.01335247582725346,-0.03594954252373931,0.5062806833343427,-0.021168357362224766,0.0,0.0,0.0,-0.028700453446406482,0.5244653141806486,-0.01491710671006064,0.0,0.0,0.0,0.0,0.0,0.0,-0.04664141191952567,0.45643170730110677,-0.030542950322852022,-0.04845795997269057,0.11482727268612845,-0.04224154708352156,0.0,0.0,0.0,0.0,0.0,0.0,-0.0487268939830978,0.329843430697755,-0.035966130844470534,0.0,0.0,0.0,0.0,0.0,0.0,0.0,0.0,0.0,0.0,0.0,0.0,0.0,0.0,0.0,0.0,0.0,0.0,-0.0,-0.0,-0.0,0.0,0.0,0.0,0.0,0.0,0.0,0.0,0.0,0.0,-0.040716476355844036,-0.5449799524335589,-0.055806872283103305,-0.03045189904144781,-1.4612291183880401,-0.07397580895992582,-0.0,-0.0,-0.0,-0.0,-0.08727422597301986,-0.0,-0.0,-0.0,-0.0,-0.0,-0.0,-0.0,0.0,-0.4002245357537014,-0.0,-0.0,-2.0180822420499895,-0.0,-0.0,-3.1777815436590533,-0.0,-0.0,-4.005092217070043,-0.0,-0.0,-5.220944899686104,-0.0
-3 3 2,-0.0,0.0,-0.0,-0.0,0.0,-0.0,-0.0,0.0,-0.0,-0.0,0.0,-0.0,-0.0,0.0,-0.0,0.0,-0.0,-0.0,0.0,-0.0,-0.0,-0.0,0.0,-0.0,-0.0,0.0,-0.0,-0.0,0.0,-0.0,-0.022552328378083023,0.6817272894421367,-0.008574658360648389,9.733055955756714e-05,-2.0070871096493987,0.005166717184326926,-0.010035786045350506,-0.3460649618944542,0.00012063280903034785,-0.0036394319940440947,-1.1319511583982875,0.0032711898870932533,0.0011504439833237704,-2.875665507515951,0.005977702135636037,-0.025213628866112663,0.8723978634453686,-0.012072300271075814,-0.017126605696180748,0.27561796185358417,-0.0040742895960887175,-0.02546421495429371,0.9025848950824894,-0.01345940344987534,-0.02413065364912688,0.8434273252885777,-0.01274716553817547,-0.00604903369986663,0.2675609519993971,-0.001874527179292598,-0.009541295871293105,0.38264510434090954,-0.0034682824799956422,-0.0,0.0,-0.0,-0.018064112093849713,0.6317581990629566,-0.008244096480825643,-0.013778502457624107,0.5079655049972461,-0.005685634123429919,-0.021633352021276853,0.7457538346203623,-0.010756425372409662,-0.0035385420417034024,0.17097813012528001,-0.0009303554745133105,-0.0,0.0,-0.0,-0.0,0.0,-0.0,-0.0,0.0,-0.0,-0.0,0.0,-0.0,-0.0,0.0,-0.0,0.0,-0.0,-0.0,-0.0,0.0,-0.0,-0.0005614961456733593,0.031675904597322585,-0.00018729024918667783,7.335762934937995e-05,-0.016883196050079083,-8.665600162260623e-05,-0.0016337707962900193,0.09648875214737036,-0.0003165001542040562,-0.004481420578953817,0.2702287568196131,-0.0006577168606651394,-0.0,0.0,-0.0,-0.006328173267669438,0.3525174802686804,-0.0011668773588388187,-0.010160927741843477,0.4565351127410512,-0.002615447451494812,-0.0,0.0,-0.0,-0.014487392833985799,0.5762542382804897,-0.004755164982875833,-0.02015795804993836,0.7125629726390295,-0.009275045840295653,0.0,0.0,0.0,-0.015272692931080549,0.5892371100755053,-0.005560831428045557,0.0,0.0,0.0,0.0,0.0,0.0,-0.027092738632078575,0.8451426676658972,-0.013386518659657176,-0.02969996703521702,0.916015052363177,-0.013902079555494164,0.0,0.0,0.0,0.0,0.0,0.0,-0.028781423663402465,0.8844615874200251,-0.01385862239321183,0.0,0.0,0.0,0.0,0.0,0.0,0.0,0.0,0.0,0.0,0.0,0.0,0.0,0.0,0.0,0.0,0.0,0.0,-0.0,0.0,-0.0,0.0,0.0,0.0,0.0,0.0,0.0,0.0,0.0,0.0,-0.02946533955322386,0.9327992380124206,-0.015323524303806126,-0.02867834125790419,0.930495832854139,-0.016513989647862437,-0.0,0.0,-0.0,-0.0,0.0,-0.0,-0.0,0.0,-0.0,-0.0,-0.0,-0.0,0.0,-0.0,-0.0,-0.0,0.0,-0.0,-0.0,0.0,-0.0,-0.0,-0.0,-0.0,-0.0,-0.0,-0.0
-3 3 3,-0.0,0.0,-0.0,-0.0,0.0,-0.0,-0.0,0.0,-0.0,-0.0,0.0,-0.0,0.0,-0.0,-0.0,0.0,-0.0,-0.0,0.0,-0.0,-0.0,-0.0,0.0,0.0,-0.0,0.0,0.0,-0.0,0.0,0.0,-0.0004184410647639327,0.16441711903219774,0.0018185616386291808,-0.00034444377443173775,-0.18917110530827574,0.0037170985338298578,-0.0004329254617629723,0.0651693237133756,0.0028180274548340145,-0.00043479852139436146,-0.044053037510681674,0.0032866106425155843,-0.00018035316022050894,-0.34868117724467684,0.004078996683301001,-0.0005174129053476511,0.16328963162632693,0.0013052974841070437,-0.00040084320729710815,0.13359316333313342,0.002327930285778219,-0.0006680299228273863,0.13975087458912255,0.0008326621426911846,-0.0008021653577664472,0.10730153814359328,0.00045698044389711975,-0.00021055454852710135,0.01689397611545532,4.3856954781939215e-06,-0.0003855865216087961,0.026184583304236186,3.5073637028802814e-06,0.0,0.0,0.0,-0.0007744245892702448,0.05483531455285451,7.545973356850235e-05,-0.0005965625927422001,0.03841658414265837,1.867640639945826e-05,-0.0008498050548208479,0.07749301575477002,0.0002091050632927649,-9.79639723931709e-05,0.009980649365298876,6.266417472333305e-06,-0.0,0.0,-0.0,-0.0,0.0,-0.0,-0.0,0.0,-0.0,-0.0,0.0,-0.0,-0.0,0.0,-0.0,0.0,-0.0,-0.0,0.0,-0.0,-0.0,8.473701164655034e-06,0.0009598819317308273,-5.336083450018616e-07,9.390317266489539e-06,-0.002131467221060756,-4.715368252241266e-06,-1.1302756509935158e-05,0.004648547877626905,8.47541815255207e-06,-5.699755342123476e-05,0.01535671963555233,3.3435231530116396e-05,-0.0,0.0,0.0,-0.00014069985335286912,0.020274006652033157,2.4822726272718815e-05,-0.0003556982416106677,0.0283806585390196,1.3323099441794239e-05,-0.0,0.0,0.0,-0.0005963305782810808,0.03880712314285369,-2.126366596775407e-05,-0.0010395252420071555,0.05382133486364831,-7.81770224851923e-05,0.0,0.0,0.0,-0.0006551990316991434,0.04120128644492103,-3.3454731922245036e-05,0.0,0.0,0.0,0.0,0.0,0.0,-0.001468165039746947,0.06518946614903312,-6.082199581881447e-05,-0.0013905974761622758,0.08104504737771152,0.00016928509949854702,0.0,0.0,0.0,0.0,0.0,0.0,-0.0014753290973013827,0.07076911418482827,6.685792231112031e-05,0.0,0.0,0.0,0.0,0.0,0.0,0.0,0.0,0.0,0.0,0.0,0.0,0.0,0.0,0.0,0.0,0.0,0.0,0.0,0.0,0.0,0.0,0.0,0.0,0.0,0.0,0.0,0.0,0.0,0.0,-0.001128686496075518,0.10257569368776777,0.0002616689586536568,-0.0007392131523284615,0.130310589516955,0.000481522284619048,-0.0,0.0,0.0,-0.0,0.0,0.0,0.0,0.0,0.0,-0.0,-0.0,0.0,-0.0,-0.0,0.0,0.0,0.0,0.0,0.0,0.0,0.0,-0.0,-0.0,0.0,-0.0,-0.0,0.0
-3 4 -2,-0.0,-0.0,0.0,-0.0,-0.0,0.0,0.0,-0.0,0.0,0.0,-0.0,0.0,0.0,-0.0,0.0,0.0,-0.0,0.0,0.0,-0.0,0.0,-0.0,-0.0,0.0,-0.0,-0.0,0.0,-0.0,-0.0,0.0,-0.00043910640097680615,-0.03247923447245446,0.000492567017934557,-0.0014998314713052137,-0.052988551687505804,0.0011497777891037167,-0.0009681498695522474,-0.03723635558353347,0.0008138701496666365,-0.0012756740139057868,-0.04212334194784987,0.0009700038547678846,-0.0015822531711184554,-0.06970419045043236,0.001364360696576921,-0.0002768977326710108,-0.028297817643040193,0.0003444114357146694,-0.000670862772227501,-0.035049523323168526,0.0006557896393157638,-0.00016916800425704792,-0.022609876319916657,0.00022991708160157787,-0.00010376233866288638,-0.016330522467221706,0.00015034520172052375,-1.950120929113953e-05,-0.0007077475557555454,1.0015966710454105e-05,-3.0559850512732647e-05,-0.0016407021646753462,1.914850700548154e-05,-0.0,-0.0,0.0,-5.34046637806756e-05,-0.006287838947476701,5.9656621197246094e-05,-4.207555340626308e-05,-0.0033735137733478145,3.4875908452378225e-05,-6.980880214146782e-05,-0.010646836575922145,9.64713496859009e-05,-1.0665015459653657e-05,-0.00026623872931859604,5.130874342498199e-06,-0.0,-0.0,0.0,-0.0,-0.0,0.0,0.0,-0.0,0.0,-0.0,-0.0,0.0,0.0,-0.0,0.0,0.0,-0.0,0.0,0.0,-0.0,0.0,1.3470411354349184e-06,-8.763585066350247e-05,9.475294343321914e-07,3.127645362694809e-06,-0.0001389910364339412,6.36923060585898e-07,-2.8397349488388568e-06,-2.5108544799571766e-05,2.101458447548217e-06,-1.6342120810075184e-05,0.000222256181663142,4.413161787314686e-06,-0.0,-0.0,0.0,-2.032059064065201e-05,9.703576143091158e-05,7.422188734798436e-06,-3.517787943971266e-05,-0.0009111941169703934,1.3987124338170797e-05,-0.0,-0.0,0.0,-5.2018460304156156e-05,-0.0024064269806824317,2.2986788634387188e-05,-6.633303086680025e-05,-0.0040629958237286745,4.2859005075467916e-05,0.0,0.0,0.0,-5.807169195856076e-05,-0.002803342560501219,2.6601635588436596e-05,0.0,0.0,0.0,0.0,0.0,0.0,-7.996379982821659e-05,-0.0060787366809341315,6.677341433368431e-05,-7.382947775538659e-05,-0.010860433449210487,0.00010589347148792119,0.0,0.0,0.0,0.0,0.0,0.0,-7.565327522138175e-05,-0.008179760246024096,8.752882280378444e-05,0.0,0.0,0.0,0.0,0.0,0.0,0.0,0.0,0.0,0.0,0.0,0.0,0.0,0.0,0.0,0.0,0.0,0.0,-0.0,-0.0,0.0,0.0,0.0,0.0,0.0,0.0,0.0,0.0,0.0,0.0,-5.4610282049483955e-05,-0.01708106458031463,0.000143696765085641,-4.156981027076576e-05,-0.025022611923535963,0.00018857683648116686,-0.0,-0.0,0.0,-0.0,-0.0,0.0,-0.0,-0.0,0.0,-0.0,-0.0,0.0,-0.0,-0.0,0.0,-0.0,-0.0,0.0,-0.0,-0.0,0.0,-0.0,-0.0,0.0,-0.0,-0.0,0.0
-3 4 -1,0.0,-0.0,0.0,0.0,-0.0,0.0,0.0,-0.0,0.0,0.0,-0.0,0.0,0.0,-0.0,0.0,0.0,-0.0,0.0,0.0,-0.0,0.0,0.0,-0.0,0.0,0.0,-0.0,0.0,0.0,-0.0,0.0,0.0019920678927612175,-0.4510238953043728,0.018716616922231744,0.0031008112663545788,-0.7304776934699843,0.03371913285917955,0.0018634886749648674,-0.5542736820622782,0.028799074471976646,0.002079280831981553,-0.6242691236218181,0.03192052690283673,0.005006877610387522,-0.8655072498662569,0.034804450328198136,0.0018999767270597718,-0.3878093231841251,0.013415350389674216,0.001955316808093924,-0.5033075869560305,0.024196013424174524,0.0017034557020667378,-0.31458917202796627,0.00908464483211566,0.0014095832930351318,-0.2393456438927558,0.005913962288879968,0.00014333046199976036,-0.024205908459530072,0.0003705149775958065,0.00025070636050499755,-0.0441410967357598,0.0007238928944569499,0.0,-0.0,0.0,0.0006997554245698866,-0.11625131701677989,0.002268487270633465,0.0004283568973613766,-0.07418730052065842,0.001320342761367058,0.0010497261911692926,-0.17154306503284553,0.003726696298784447,8.21353694119584e-05,-0.012278548347744502,0.00017818803908504235,0.0,-0.0,0.0,0.0,-0.0,0.0,0.0,-0.0,0.0,0.0,-0.0,0.0,0.0,-0.0,0.0,0.0,-0.0,0.0,0.0,-0.0,0.0,4.543845497703738e-05,-0.0024946806438711487,2.162862313444558e-05,4.1780691453453396e-05,-0.0017135331701710296,2.1892362933979277e-05,4.616201603328664e-05,-0.004111727080424668,5.144472768068964e-05,2.5319882125311598e-05,-0.007734846638189343,0.00010412942684887252,0.0,-0.0,0.0,7.955727501760444e-05,-0.014121461103344248,0.00021903714808959844,0.0002246266162384876,-0.03792094074442357,0.000552894965562747,0.0,-0.0,0.0,0.0003901300993459468,-0.06893231600247705,0.0009677767481871049,0.0005682743067056092,-0.10367592291902487,0.001704469647826304,0.0,0.0,0.0,0.0004251699761645558,-0.07742996788963231,0.001113515779224045,0.0,0.0,0.0,0.0,0.0,0.0,0.0006861320350582079,-0.14009824600817336,0.0025028806006241913,0.0011160451851937583,-0.1915711575474108,0.0038447949304810857,0.0,0.0,0.0,0.0,0.0,0.0,0.0008661726744071392,-0.16377071550999744,0.0032099022067613153,0.0,0.0,0.0,0.0,0.0,0.0,0.0,0.0,0.0,0.0,0.0,0.0,0.0,0.0,0.0,0.0,0.0,0.0,0.0,-0.0,0.0,0.0,0.0,0.0,0.0,0.0,0.0,0.0,0.0,0.0,0.0018560049015317408,-0.25603900137072627,0.0053051948170991054,0.0027217201385329216,-0.3402707066028946,0.007128726053815741,0.0,-0.0,0.0,0.0,-0.0,0.0,0.0,-0.0,0.0,0.0,-0.0,0.0,0.0,-0.0,0.0,0.0,-0.0,0.0,0.0,-0.0,0.0,0.0,-0.0,0.0,0.0,-0.0,0.0
-3 4 1,0.0,-0.0,0.0,0.0,-0.0,0.0,0.0,-0.0,0.0,0.0,-0.0,0.0,0.0,-0.0,0.0,0.0,-0.0,0.0,0.0,-0.0,0.0,0.0,-0.0,0.0,0.0,-0.0,0.0,0.0,-0.0,0.0,0.004132012740134653,-0.5741618988205122,0.016897261929755252,0.01052251990689843,-1.2531436279506032,0.023560212667302308,0.006619010953615717,-0.8522364465187706,0.02372141583854229,0.00824871298075245,-1.0332184857055389,0.024400291212769643,0.01341778883270283,-1.4926609237109858,0.02224373624021559,0.003109290098573065,-0.4566731994994623,0.012417097913697373,0.00530998100761721,-0.7035501096253273,0.021047104255929896,0.0022756747687022894,-0.3492130054306768,0.008552323180646318,0.0015993073692337554,-0.2546694671432213,0.005632518323935529,0.00013846002217172138,-0.025459148830638878,0.0003583040693987464,0.00023066890277702206,-0.04569117826155021,0.0007010915042983452,0.0,-0.0,0.0,0.0006516512473309754,-0.11885855074550891,0.002189205837643262,0.0003872033355917926,-0.0759505698713351,0.0012778725726696296,0.0010556790980694607,-0.17758510812728406,0.0035776972635077754,8.334644646776065e-05,-0.013130497689826506,0.000171476177473341,0.0,-0.0,0.0,0.0,-0.0,0.0,0.0,-0.0,0.0,0.0,-0.0,0.0,0.0,-0.0,0.0,0.0,-0.0,0.0,0.0,-0.0,0.0,4.3965258882414634e-05,-0.002627911525123631,1.854363836141546e-05,3.950390212391978e-05,-0.001687029779125133,1.9929755021263905e-05,4.881722053660917e-05,-0.004553049559855509,4.7557368559777314e-05,3.935827483296085e-05,-0.009001459409437135,9.788103820998496e-05,0.0,-0.0,0.0,9.293804318176027e-05,-0.01582255263956394,0.0002111176045110262,0.0002379304391720319,-0.04052747737164216,0.0005393223521549305,0.0,-0.0,0.0,0.0003566356179456908,-0.07221182413718327,0.0009405217764548097,0.0004789623735287935,-0.10567694043618113,0.0016497222453159804,0.0,0.0,0.0,0.0003991591196611874,-0.08074923216894737,0.0010806894259695323,0.0,0.0,0.0,0.0,0.0,0.0,0.0005344829784103167,-0.14081903070723872,0.0024224632933322362,0.0009686365163925815,-0.19139463147159438,0.0037330434514583535,0.0,0.0,0.0,0.0,0.0,0.0,0.0007096455037773126,-0.1641250362992875,0.0031217790709020237,0.0,0.0,0.0,0.0,0.0,0.0,0.0,0.0,0.0,0.0,0.0,0.0,0.0,0.0,0.0,0.0,0.0,0.0,0.0,-0.0,0.0,0.0,0.0,0.0,0.0,0.0,0.0,0.0,0.0,0.0,0.0017102081074747073,-0.25588760933999494,0.00511995164373359,0.002611147846105761,-0.34358369437374797,0.006841645341874459,0.0,-0.0,0.0,0.0,-0.0,0.0,0.0,-0.0,0.0,0.0,-0.0,0.0,0.0,-0.0,0.0,0.0,-0.0,0.0,0.0,-0.0,0.0,0.0,-0.0,0.0,0.0,-0.0,0.0
-3 4 2,-0.0,-0.0,0.0,-0.0,0.0,0.0,-0.0,0.0,0.0,0.0,0.0,0.0,0.0,0.0,0.0,0.0,-0.0,0.0,0.0,-0.0,0.0,-0.0,-0.0,0.0,-0.0,-0.0,0.0,0.0,-0.0,-0.0,1.0953950303856802e-05,-0.043469469334889765,0.00017498235899467975,-0.0004118541013460659,-0.12976910708877917,-9.504643851253654e-05,-0.00010364448459543551,-0.07702362251209639,0.00017680848956925748,-0.0002531499981829056,-0.10089317731513521,6.404036086970859e-05,-0.0005219772594415174,-0.16063192857281483,-0.000247999147740207,1.7448173220566027e-06,-0.031621228355558896,0.00011486827674710363,-1.4422550391778831e-05,-0.058247049296252185,0.00020991821819061121,-1.7990419204753547e-05,-0.021856464655840943,6.558176179540136e-05,-3.8373986401459164e-05,-0.013897086191933916,3.652191398023092e-05,-1.68225826194218e-05,-8.925300415226075e-05,4.015771874247545e-06,-3.0571602748151245e-05,-0.0006225981447801027,5.621258970848128e-06,0.0,-0.0,0.0,-5.484581118137055e-05,-0.004047614089131132,1.3068242961529867e-05,-4.551453289591828e-05,-0.001786693833973669,8.320036280146442e-06,-5.25355324492536e-05,-0.00795504610865104,2.1334035993823752e-05,-7.499641786605125e-06,0.00010094196353145691,2.832341479311466e-06,-0.0,-0.0,0.0,-0.0,-0.0,0.0,-0.0,0.0,0.0,-0.0,0.0,0.0,0.0,0.0,0.0,0.0,-0.0,0.0,0.0,-0.0,0.0,2.1729235522536418e-06,4.453931897896034e-05,8.389902497115971e-07,2.9238439521020476e-06,-7.129940980974663e-05,4.045040579444443e-07,-8.085748663362607e-10,0.0001900033686893589,2.04158555613512e-06,-8.053320433021162e-06,0.0006454233833546337,4.475111820059423e-06,-0.0,-0.0,0.0,-1.1720293478662113e-05,0.000624922158347163,5.900143407168729e-06,-2.5504756565552714e-05,6.805537377357884e-06,6.991016189702681e-06,-0.0,-0.0,0.0,-5.0984025478708524e-05,-0.0009688713599374615,6.659330299531026e-06,-8.309102553167959e-05,-0.0018445382808226745,6.806550106428816e-06,0.0,0.0,0.0,-5.6636810590296685e-05,-0.0012318634766111181,6.627260647287305e-06,0.0,0.0,0.0,0.0,0.0,0.0,-0.00011689568004435152,-0.0031305401898471244,8.62177283357639e-06,-9.541188898908257e-05,-0.006672039122978797,2.378132950172875e-05,0.0,0.0,0.0,0.0,0.0,0.0,-0.0001095112106435634,-0.004685212515579986,1.702741043378711e-05,0.0,0.0,0.0,0.0,0.0,0.0,0.0,0.0,0.0,0.0,0.0,0.0,0.0,0.0,0.0,0.0,0.0,0.0,0.0,-0.0,0.0,0.0,0.0,0.0,0.0,0.0,0.0,0.0,0.0,0.0,-5.759798068800159e-05,-0.011789040569648442,3.256411794859136e-05,-1.4430780044077587e-05,-0.0190694132728491,3.891926207957609e-05,-0.0,-0.0,0.0,-0.0,-0.0,0.0,-0.0,-0.0,0.0,-0.0,-0.0,0.0,-0.0,-0.0,-0.0,0.0,-0.0,0.0,-0.0,-0.0,0.0,-0.0,-0.0,0.0,-0.0,-0.0,-0.0
-2 1 -4,0.0,0.0,0.0,0.0,0.0,-0.0,0.0,0.0,-0.0,0.0,0.0,-0.0,0.0,-0.0,-0.0,0.0,-0.0,-0.0,0.0,-0.0,-0.0,0.0,0.0,0.0,0.0,0.0,0.0,0.0,0.0,0.0,0.03693953251429703,1.065094643679735,0.007829619562676483,0.035845266873907676,1.9808913834843282,0.018118981921990393,0.03752405078417737,1.903660097639502,0.012697706544760674,0.03630707654742192,2.0623050695490366,0.015408917288272327,0.036432323394432704,1.7069573490961696,0.02059462431818557,0.033057143610012045,0.6149404275121062,0.005740421905629651,0.03820150198710039,1.5400731333267972,0.010150018218121806,0.02695510559405463,0.3033510395196878,0.00390764305829324,0.020187425930568874,0.14943778441881828,0.0024266698731877814,0.003813933242667544,0.0522250911383851,5.031148983972001e-05,0.005492460692751045,0.06666203138627683,0.00015632668239922006,0.0,-0.0,0.0,0.010391210963318043,0.08360218043607895,0.0007392407247232124,0.007590230442063582,0.07694458872404022,0.00036559646318081986,0.014460318307599076,0.09674418257452934,0.0013838920654814472,0.0025014765319978398,0.03528520535489478,6.439876234816953e-06,0.0,0.0,0.0,0.0,0.0,0.0,0.0,0.0,-0.0,0.0,0.0,-0.0,0.0,0.0,-0.0,0.0,-0.0,-0.0,0.0,-0.0,-0.0,0.000834598642730908,-0.00028333844877733637,-1.2602067129153413e-05,0.00030307168581280924,-0.019423671694917936,-9.003717286183349e-06,0.0015925993066380414,0.020171776483925558,-1.35948777762999e-05,0.003642065063067215,0.08767524386089405,-1.1960570702040947e-05,0.0,0.0,0.0,0.004351688413648189,0.0956971334971532,-2.1448059747503276e-05,0.005927205219889489,0.08879373925038196,3.7863463252026576e-06,0.0,0.0,0.0,0.00856705519307981,0.08247937569089685,0.0001495277487406021,0.009912256347270427,0.12300929497522269,0.00045187329315021335,0.0,0.0,0.0,0.009004074789176673,0.08589020077111972,0.00020193442943823315,0.0,0.0,0.0,0.0,0.0,0.0,0.011894949120986504,0.07812612884085786,0.0008037226083393494,0.013681033316336001,0.12454438800027832,0.0013191275265140258,0.0,0.0,0.0,0.0,0.0,0.0,0.012816754109390911,0.1189449127714398,0.0010536892491982753,0.0,0.0,0.0,0.0,0.0,0.0,0.0,0.0,0.0,0.0,0.0,0.0,0.0,0.0,0.0,0.0,0.0,0.0,0.0,-0.0,0.0,0.0,0.0,0.0,0.0,0.0,0.0,0.0,0.0,0.0,0.017648874054065313,0.027957885457889707,0.0018310775079379874,0.022726707239727098,-0.008692179515909433,0.0025948615584697895,0.0,-0.0,0.0,0.0,-0.0,0.0,0.0,-0.0,0.0,0.0,0.0,0.0,0.0,0.0,0.0,0.00388358083214522,0.0,0.0,0.0,0.0,0.0,0.0,0.0,0.0,0.0,0.0,0.0
-2 1 -3,0.0,0.0,-0.0,0.0,0.0,-0.0,0.0,0.0,-0.0,0.0,-0.0,-0.0,0.0,-0.0,-0.0,0.0,-0.0,-0.0,0.0,-0.0,-0.0,0.0,0.0,-0.0,0.0,0.0,-0.0,0.0,0.0,-0.0,0.11813089274735616,-0.870671548317945,-0.012707050098802842,0.12390928408537762,-0.7518379759154765,0.008514617243955405,0.13582519518738573,-1.04203991068079,-0.006045018015775328,0.13298204223249965,-0.9384772479425659,0.0006351828920457139,0.11127965477070344,-0.5301867857666142,0.016513558335065393,0.09976000396430595,-0.5502683807615129,-0.012557247346576053,0.13086745694484295,-1.0293932456066908,-0.01063259649911461,0.07922193059350444,-0.1076197288844091,-0.011014950416901476,0.060021620409869636,0.3454748977022598,-0.008885283537766617,0.01241906131873128,0.5486034507715825,-0.0016387781000721348,0.017362039173709914,0.7459494702393513,-0.0022863872782136097,0.0,-0.0,0.0,0.03273914838763437,0.8545843876745253,-0.004681319329713897,0.023994507330940384,0.8635303564049542,-0.0032328492808472273,0.04443302866760852,0.6850202949845053,-0.006652114078763594,0.008802009462400184,0.32843893094046905,-0.0011356838741638535,0.0,0.0,-0.0,0.0,0.0,-0.0,0.0,0.0,-0.0,0.0,0.0,-0.0,0.0,-0.0,-0.0,0.0,-0.0,-0.0,0.0,-0.0,-0.0,0.004570964166133801,-0.07099100050460327,-0.0004250712527772619,0.0022146335820135746,-0.2136125344058018,-0.00016731719052042894,0.007197909248456714,0.10696938043091277,-0.0008025405239496908,0.015198599810278086,0.6217344822994786,-0.0016784983738169846,0.022478750874833104,0.0,-0.0,0.01410619824228295,0.8791742245780335,-0.002118047426921909,0.014273432572279246,1.1819618525181803,-0.002882909013525383,0.05767265752866428,0.0,-0.0,0.02419087692035906,1.2455164878423606,-0.003074854579046185,0.03104974856680205,1.3789902396864797,-0.003387078997500015,0.0,0.0,0.0,0.02504637665623484,1.355123462962967,-0.003141604387217617,0.0,0.0,0.0,0.0,0.0,0.0,0.038281566786147886,0.9997980407812326,-0.004258794157422621,0.0494581651342404,0.9805883951529005,-0.0069677343540230675,0.0,0.0,0.0,0.0,0.0,0.0,0.04582956339472318,1.068982263575829,-0.005444745763321487,0.0,0.0,0.0,0.0,0.0,0.0,0.0,0.0,0.0,0.0,0.0,0.0,0.0,0.0,0.0,0.0,0.0,0.0,0.0,-2.4577897962613577,0.0,0.0,0.0,0.0,0.0,0.0,0.0,0.0,0.0,0.0,0.057623290300075514,0.2606382241716951,-0.010488590920659499,0.06714311092879231,-0.02937366687295594,-0.014684569676191084,0.08323212049069748,-0.0,-0.0,0.10596512969351124,-0.37822133854541395,-0.0,0.20432038247295456,-1.3915032942562593,0.0,0.2953199082274536,-1.0900304920458377,0.0,0.26783175502176043,-0.0,0.0,0.162295829808583,-1.457280215830026,0.0,0.19137156598179353,-2.0445926191970423,0.0,0.20632274203579223,-0.5282125934470958,0.0,0.21610184968083668,-0.0,0.0
-2 1 -2,-0.0,0.0,-0.0,0.0,0.0,-0.0,0.0,-0.0,-0.0,0.0,-0.0,-0.0,0.0,-0.0,-0.0,0.0,-0.0,-0.0,0.0,-0.0,-0.0,0.0,-0.0,0.0,0.0,-0.0,0.0,0.0,-0.0,0.0,-0.0035047926361606494,-1.0241064074672899,0.04759020131315228,-0.021465779874052765,-2.2496963287198,0.10299182629163063,-0.01316152071399938,-1.7202804647621655,0.06833804398559609,-0.018655452395428884,-2.050530433437327,0.08357617832886689,-0.02021455490509327,-2.2814010504232995,0.12578933075886028,0.0014594131933135409,-0.6956555405200244,0.040004582787844196,-0.007882649362011234,-1.358928734800805,0.05665204409813551,0.007411062646428615,-0.3476929288966244,0.03281203834355915,0.012360140478797667,-0.024283945346184117,0.02556351308513389,0.004981340243568985,0.018727029674144798,0.00014407827841961656,0.006875055773385263,0.14188690521451877,0.0021672456718124407,-0.0,-0.5194094923344434,0.0,0.012629167469336214,0.27828440501263635,0.011825560570378514,0.009636821597471918,0.24413573238768077,0.006140403560510824,0.014121619505289715,0.19612013340626286,0.01846702349369754,0.0037727260786643373,-0.09088415672059365,-0.0005174449476533815,-0.0,0.0,0.0,0.0,0.0,0.0,0.0,-0.0,-0.0,0.0,-0.0,-0.0,0.0,-0.0,-0.0,0.0,-0.0,-0.0,0.0,-0.0,-0.0,0.002602344034253096,-0.26914329670580117,-0.0007431368881597518,0.0013648919243747142,-0.3607860206654434,-0.00043931880115365666,0.0035609245870287715,-0.21297805595402586,-0.0008422977542062396,0.008243990757689708,-0.13231731271846858,-0.0007725584788250083,0.0,0.0,0.0,0.004838768977363535,0.17861762932813396,-0.0011894061747254273,0.003336336030784633,0.3036118109480312,-0.0009891778118116948,0.0,-0.0,0.0,0.009275018362916939,0.23109103302353018,-0.000448825011375618,0.011953895322642356,0.6422303717865394,0.007336619419789375,0.0,0.0,0.0,0.008719125524397464,0.46073762885712116,0.0005478423448258421,0.0,0.0,0.0,0.0,0.0,0.0,0.014293267666404978,0.6932093651315091,0.01885987953017769,0.025953420365183933,0.3098524110658824,0.02895182051019947,0.0,0.0,0.0,0.0,0.0,0.0,0.023314573906565907,0.49758169051421547,0.024616256477099408,0.0,0.0,0.0,0.0,0.0,0.0,0.0,0.0,0.0,0.0,0.0,0.0,0.0,0.0,0.0,0.0,0.0,0.0,-0.0,-0.569730994068433,0.0,0.0,0.0,0.0,0.0,0.0,0.0,0.0,0.0,0.0,0.023853289244624,0.32628053473948054,0.03350541794362464,0.026077821618976708,0.20544072420022516,0.03779011368445332,-0.0,-0.0,0.0,-0.0,-0.0,0.0,-0.0,-0.08114508244888093,0.0,-0.0,-0.0,0.0,0.0,-0.1969439862579868,0.0,-0.011113602699449573,-0.0,0.0,-0.0016332587223181546,-0.762815267435616,0.0,-0.0,-0.6864130459878243,0.0,-0.0,-0.0,0.02359452077454918
-2 1 -1,0.0,-0.0,0.0,0.0,-0.0,0.0,0.0,-0.0,0.0,0.0,-0.0,0.0,0.0,-0.0,0.0,0.0,-0.0,-0.0,0.0,-0.0,-0.0,0.0,-0.0,0.0,0.0,-0.0,0.0,0.0,-0.0,0.0,-0.005066186355786717,0.9679618018078263,0.2177389468761619,-0.04547485997468446,4.350176460696746,0.26396843791401225,-0.03166490616240514,3.1540808063457635,0.2560811336480718,-0.04114889905034593,3.975917728787745,0.26611176553490257,-0.04520857914633046,4.27831572741345,0.24844569008574655,0.0056334115439916526,0.06510845151478377,0.18899870987325423,-0.018603241533101042,2.0678809988679427,0.23936321000924013,0.01172221788621529,-0.5466972627136427,0.15321377641781733,0.013514818008616945,-0.869827174373932,0.11543017326155379,0.003730762727381103,-0.409252117980013,0.01171069970678153,0.005409301712610669,-0.5615759670817724,0.019783383111396338,0.0,-0.0,0.0,0.010086731320962598,-0.8752826656141662,0.05379026667993943,0.007555484275432128,-0.7253803220277224,0.03332975344182901,0.012454194656371684,-0.9525745693612032,0.08138197756212451,0.0024358582662226875,-0.2790677409898525,0.006928006051505923,0.0,-0.0,0.0,0.0,-0.0,0.0,0.0,-0.0,0.0,0.0,-0.0,0.0,0.0,-0.0,0.0,0.0,-0.0,-0.0,0.0,-0.0,-0.0,0.0005307044385830042,-0.08092223390970937,0.0004617303017669437,0.0001801355791029503,-0.05059824977971799,-0.0001477489167004775,0.0014213555949687962,-0.17699412046660454,0.003464774673115824,0.0038555482711852447,-0.43964975817191027,0.011547001721413893,0.0,-0.306206352875208,0.010344503153370566,0.0045250275484845035,-0.48866502395016814,0.013617117335436746,0.006694382169274374,-0.7176554136575781,0.019764853039818484,0.0,-0.16400514829700966,0.06040853457997183,0.007593278855118894,-0.8579341427497971,0.02030131511157219,0.009849276224520576,-0.9821698130196396,0.03615806119271204,0.0,0.0,0.0,0.0075696653436064165,-0.8481765758642075,0.021334065140845005,0.0,0.0,0.0,0.0,0.0,0.0,0.011969955093841113,-1.0954852192192426,0.06433218536486317,0.015415329695376918,-1.2405338783059316,0.09731735313367106,0.0,0.0,0.0,0.0,0.0,0.0,0.014731593288644072,-1.2046729866128798,0.08063154673866971,0.0,0.0,0.0,0.0,0.0,0.0,0.0,0.0,0.0,0.0,0.0,0.0,0.0,0.0,0.0,0.0,0.0,0.0,-0.0,0.0,0.028384895864674065,0.0,0.0,0.0,0.0,0.0,0.0,0.0,0.0,0.0,0.019400447929710362,-1.3922067573722583,0.13151853366607613,0.023670757124527063,-1.5502099819546278,0.16835636671359347,0.0,-0.0,0.14773436333026652,0.0,0.0,0.22744377568465407,-0.0,5.848614792749307,0.2703426606004156,-0.0,9.162630239535147,0.6385304399303912,-0.0,15.366826478686317,0.6672165055466472,-0.0,0.16024512176745906,0.26838326543839974,-0.0,3.4740044802558283,0.3044497545452828,-0.0,6.112773931972274,0.36024016677714743,-0.0,7.198683193813782,0.4198806223299769
-2 1 1,0.0,-0.0,0.0,0.0,-0.0,0.0,0.0,-0.0,0.0,0.0,-0.0,-0.0,0.0,-0.0,-0.0,0.0,-0.0,-0.0,0.0,-0.0,-0.0,0.0,-0.0,0.0,0.0,-0.0,0.0,0.0,-0.0,0.1195106597228962,-0.02475425078727602,1.1993891118602638,0.19866179585503313,-0.047809576986373406,1.4998973868369632,0.21743111109046753,-0.04082556958320233,1.4774010843852292,0.22759520030067915,-0.04522412087835623,1.4809932279011653,0.2290881808278018,-0.04946518798078391,1.5784649033984544,0.1926438750490357,-0.015304771850922442,0.8747596356019153,0.1707818421196467,-0.033848757895710437,1.4023449027203168,0.21708838246508844,-0.007458211727963892,0.4965999746598111,0.13484173916720057,-0.002212030811229668,0.16400571541699538,0.09706233801457431,0.00202718054171614,-0.17221615282501637,0.00606400046238847,0.0022283338379363938,-0.19324309620925917,0.011174450763327702,-0.0,0.0,0.22395366929308363,0.00180263251015783,-0.1613201107515731,0.03871620088763428,0.002191161104382839,-0.1948762685539139,0.021383325270706844,0.0006068212236572582,-0.05546310735913933,0.06403077478334539,0.0016167974147621032,-0.13805029972713298,0.0034797401947469276,0.0,-0.0,0.0,0.0,-0.0,0.0,0.0,-0.0,0.0,0.0,-0.0,0.0,0.0,-0.0,-0.0,0.0,-0.0,-0.0,0.0,-0.0,-0.0,0.0004683049484178359,-0.04607365940330449,-0.0007977152483774591,0.00018932586378338757,-0.042413436980894156,-0.0007604749554908,0.0012145622677935278,-0.10447381152269124,0.0014963070929089393,0.003285060628133625,-0.27151597228896795,0.007733118246172671,0.0,-0.0,0.00088796447954557,0.00348013235057383,-0.2633570080833431,0.008521799011475182,0.004318549399010603,-0.3424611149403737,0.011234426368519498,0.0,-0.0,0.060584661612356025,0.002184224489294606,-0.19402674511573775,0.006021612719139751,0.0022693110195700127,-0.22040390402832205,0.015877549284319184,0.0,0.0,0.0,0.0021048060664833152,-0.2028359236542051,0.005820469413390334,0.0,0.0,0.0,0.0,0.0,0.0,0.001486889553375501,-0.22403236260465534,0.04174960107866656,0.001314987735741517,-0.12590652125656843,0.07685950349215774,0.0,0.0,0.0,0.0,0.0,0.0,0.0021230730353793627,-0.19391914976315616,0.060663003737149584,0.0,0.0,0.0,0.0,0.0,0.0,0.0,0.0,0.0,0.0,0.0,0.0,0.0,0.0,0.0,0.0,0.0,0.0,-0.0,0.0,0.3519423176122883,0.0,0.0,0.0,0.0,0.0,0.0,0.0,0.0,0.0,0.002303107163606341,-0.13810091321050658,0.10598341402144475,0.0014489109335300593,-0.0549423535685429,0.1432468249842913,-0.0,0.0,0.12522227186016147,-0.0,0.0,0.16893135314108013,-0.0,0.0,0.3742512622433453,-0.0,0.0,0.0,-0.0,0.0,0.0,-0.0,1.164846091780416,0.23151041144010814,-0.0,1.542039511960154,0.26157676474672936,-0.006728326474749829,1.1070660957727965,0.3039696385919821,-0.0109662464310641,0.128431691846746,0.3367661181241579
-2 1 2,-0.0,0.5448844781058603,-0.0,-0.0,1.450182618839405,-0.0,-0.0,0.30894580728771764,-0.0,-0.0,0.0,-0.0,0.0,-0.0,-0.0,0.0,-0.0,-0.0,0.0,-0.0,-0.0,-0.0,0.0,0.0,-0.0,0.0,0.0,-0.04754729922591655,-0.0,0.0,-0.008900560990221707,-0.7677633523102076,0.02271116565258099,0.04596141859652918,-0.6980353162543178,0.02937911549513767,0.015420148655431514,-1.0642548756228563,0.04189880729678426,0.02909206516879315,-0.9478118701348992,0.04022198075087651,0.06605374939875566,-0.38578745300064365,0.014028939927531372,-0.016424333156349013,-0.30692772230508525,0.011115238085341863,0.002740234974391714,-1.0144015753192261,0.03460262833384762,-0.017552816086097052,0.30407571018052854,0.0024978101928377957,-0.01399786155116871,0.8987125220080081,-0.002675364344426074,-0.0029383193941501067,0.7562183504140387,-0.0030151975704717435,-0.004492932519601234,1.100309456813178,-0.004473020990880138,-0.06556872181206458,-0.0,0.0,-0.006935074214111942,1.4497054861452143,-0.0058364557453842916,-0.005625374255746856,1.3596169893149566,-0.005551387704030255,-0.009661540370057748,1.3045415241221578,-0.005100278007606053,-0.0012811398544298896,0.41976422020877296,-0.001791134341636494,-0.0,1.5241494697776483,-0.0,-0.0,1.381449810367935,-0.0,-0.0,0.0,-0.0,-0.0,1.0067982021290196,-0.0,0.0,-0.0,-0.0,0.0,-0.0,-0.0,0.0,-0.0,-0.0,0.0012213768448597893,-0.0706999056374875,-0.0009604949559077157,0.0010235749780604726,-0.29078602933082626,-0.00063050565185573,0.0007689314981757498,0.1311896597629429,-0.000993489830365917,0.0017712174648731457,0.5896642402003567,-0.0007766151755687321,-0.0,1.3466506627356287,-0.0,-0.003925202455157899,1.0756456820717246,-0.0019083298044262895,-0.010331970495020973,1.5131944054283144,-0.004464551743010539,-0.020849858255375997,0.3717565031342273,-0.0,-0.013724556519130607,2.1910680232941373,-0.009460206325151765,-0.00664516801353946,2.270971096337954,-0.012556462929688142,0.0,0.0,0.0,-0.010856689383391495,2.126243677818354,-0.010743578591330816,0.0,0.0,0.0,0.0,0.0,0.0,-0.005173130102870523,1.9851266185092689,-0.01110166824758206,-0.0028566459282725037,1.5540662946197739,-0.0008919786501935261,0.0,2.4739429720116926,0.0,0.0,2.7191617002355843,0.0,-0.003828880810361558,1.7896736850029553,-0.005610297525050564,0.0,4.792566248920365,0.0,0.0,1.9717964278022313,0.0,0.0,3.2373634452398394,0.0,0.0,4.4261894532628006,0.0,0.0,4.798333485833541,0.0,0.0,5.585303531584322,0.0,-0.05153347266459394,-0.0,0.0,0.0,4.938742214860832,0.0,0.0,5.4176037921061395,0.0,0.0,5.5331998898903185,0.0,-0.002556972105273966,1.2610641643601075,-0.0007267565890542516,-0.01413818335004517,1.109057602866262,-0.0017344246351329103,-0.04602702738024056,0.0,-0.0,-0.04586168359202036,-0.0,0.0,-0.0,-0.0,0.0,-0.0,-0.193687673676793,0.0,0.0,-0.8926900134068835,0.0,-0.024754078847649706,-0.0,0.0,-0.01390221074936243,-0.0,0.0,-0.0,0.0,0.0,0.0,-0.15309525479375605,0.0
-2 1 3,0.0,0.0,-0.0,0.0,0.0,-0.0,0.0,0.0,-0.0,0.0,0.0,-0.0,0.0,-0.0,-0.0,0.0,-0.0,-0.0,0.0,-0.0,-0.0,0.013213830993385255,0.0,-0.0,0.09992217426956398,0.0,-0.0,0.22086834619961854,0.0,-0.0,0.14712625588752865,2.26681326478544,-0.006683169908533648,0.1470366034600931,1.991659640023222,0.011432749839979906,0.152239288059135,2.5333429675104724,0.0011435322947274144,0.1500806052518358,2.349055543311926,0.006739794715729911,0.14378896604360697,1.5626567367595254,0.014888314312358812,0.1364560471915309,1.8723837077011616,-0.007107335578379212,0.1519472948877358,2.501628234884227,-0.003862458037724866,0.12052248520975713,1.3913420178742768,-0.006231823147245819,0.101636995203023,0.9184153656698467,-0.005052777685465531,0.022267619748167683,-0.09910274932758277,-0.0011288913421862961,0.03318284280500662,-0.054707321567113616,-0.0014807455036552554,0.27987396736876285,0.0,0.0,0.06382065854055782,0.23987623103485584,-0.002785920753299397,0.047210826777368355,0.05133788701631014,-0.001985140710632293,0.08224550705615402,0.526532663845604,-0.0038667334801299703,0.014426790233324476,-0.11109152573960841,-0.000824369770029044,0.012811901640346386,0.0,-0.0,0.05794709160755299,0.0,-0.0,0.0,0.0,-0.0,0.0,0.0,-0.0,0.0,-0.0,-0.0,0.0,-0.0,-0.0,0.0,-0.0,-0.0,0.005497407569538767,-0.13713946926862444,-0.00035429954159079584,0.0025237425378337145,-0.2072502179651838,-0.00014894908402331093,0.009610213350912434,-0.12090024560487996,-0.0006318836582276021,0.021506549247235256,-0.033999179806507254,-0.0012509279677111631,0.10162779629208019,0.0,-0.0,0.02292423274715565,0.01661561194485549,-0.0015769681469551167,0.031395539197753036,-0.22845196915335297,-0.002015093398628094,0.1353165055478336,0.0,-0.0,0.0474539239128042,-0.3425537337791917,-0.001996438601603688,0.06583990891891277,0.3673686362442968,-0.0019075619457934565,0.0,0.0,0.0,0.05397852913348419,-0.32966652094484256,-0.001907126626457911,0.0,0.0,0.0,0.0,0.0,0.0,0.08085295758127149,0.5546078289233224,-0.0022873885707893867,0.09935891818447662,0.4864313901465942,-0.0037086918106890975,0.0,0.0,0.0,0.0,0.0,0.0,0.09185935691182286,0.3717361801176502,-0.002812433227489812,0.0,0.0,0.0,0.0,0.0,0.0,0.0,0.0,0.0,0.0,0.0,0.0,0.0,0.0,0.0,0.0,0.0,0.0,0.357028886312209,-0.0,0.0,0.0,0.0,0.0,0.0,0.0,0.0,0.0,0.0,0.0,0.11451039574910118,0.9872432255661795,-0.006442195991079388,0.1292328121985935,1.2096032244461734,-0.009706797169815993,0.16632339780400412,0.8559959225333441,-0.0,0.19252166025380454,1.198394045649589,-0.0,0.18471728536969603,-0.0,0.0,0.08493178162382765,-0.0,0.0,0.06457886627279766,0.0,0.0,0.19444761739187516,1.547295399501253,0.0,0.1773381622130936,1.7447492497866806,0.0,0.1700610138267098,2.1042534885371587,0.0,0.14349387228319008,2.0105173090919095,0.0
-2 1 4,0.0,0.0,-0.0,0.0,0.0,-0.0,0.0,0.0,-0.0,0.0,0.0,-0.0,0.0,-0.0,-0.0,0.0,-0.0,-0.0,0.0,-0.0,-0.0,0.0,0.0,0.0,0.0,0.0,0.0,0.0,0.0,0.0,0.030679664668372464,2.334985357298309,0.0053535537280438895,0.025439983952758743,3.718066948790033,0.011345073753359957,0.029491426305103093,2.90210046745655,0.008151342813133658,0.02713556728152148,3.294219099865667,0.009740013005629693,0.024970149170115717,4.091035072960733,0.012845244966417362,0.02831883780522146,2.024962135366783,0.00412451392599488,0.031053194858131863,2.594730772932105,0.006678484897443817,0.024673399453659425,1.6153929063511863,0.0029516320490346882,0.020713406416484628,1.1576600132373298,0.0019107237647038057,0.005833892350490187,0.022055660675963217,3.644111514625648e-05,0.008435922627764825,0.07835093780105416,0.00012365934044179702,0.0,0.0,0.0,0.014125467486597685,0.4174470803989848,0.0006067052022004454,0.011261644333199247,0.20128870964227574,0.000298107783406944,0.017170879649823105,0.7402148255992836,0.0011215541634857227,0.003723252117232185,0.0024449806336036576,1.7196901440305888e-06,0.0,0.0,0.0,0.0,0.0,0.0,0.0,0.0,-0.0,0.0,0.0,-0.0,0.0,0.0,-0.0,0.0,-0.0,-0.0,0.0,-0.0,-0.0,0.001065868470641197,-0.005192791657777519,-1.0968894497873616e-05,0.00037425326917173233,-0.015361549142247152,-7.4420182813132885e-06,0.0021561426091519648,-0.00253520258901683,-1.3109134350857338e-05,0.005078764810081831,0.017793507415651232,-1.4908011774722443e-05,0.0,0.0,0.0,0.006334380977775521,0.009557287241051503,-2.4993149217832863e-05,0.00964778929951545,-0.02277915607226724,-6.033204449794399e-06,0.0,0.0,0.0,0.013886990086885178,-0.014704607206006751,0.00010008392766778044,0.01619000317263126,0.2640589038067188,0.0003647052061900791,0.0,0.0,0.0,0.014861602156963544,0.026072496267926647,0.0001557959940270649,0.0,0.0,0.0,0.0,0.0,0.0,0.018229490258142945,0.47714867050387944,0.0006672746846256435,0.019151388417663322,0.8079292775028986,0.00110849238403247,0.0,0.0,0.0,0.0,0.0,0.0,0.019029874900004733,0.6159086794145102,0.0008802052794619019,0.0,0.0,0.0,0.0,0.0,0.0,0.0,0.0,0.0,0.0,0.0,0.0,0.0,0.0,0.0,0.0,0.0,0.0,0.0,0.0,0.0,0.0,0.0,0.0,0.0,0.0,0.0,0.0,0.0,0.0,0.020037551613519135,1.2405968162328218,0.0015478523481729971,0.02110890728079993,1.713482082374264,0.0021821494620330867,0.0,0.0,0.0,0.0,0.0,0.0,0.0,0.0,0.0,0.0,0.0,0.0,0.0,0.0,0.0,0.0,0.0,0.0,0.0,0.4443099949802866,0.0,0.0,1.181835995109088,0.0,0.0,1.4107151572147087,0.0
-2 2 -4,0.0,-0.0,0.0,0.0,-0.0,-0.0,0.0,-0.0,-0.0,0.0,-0.0,-0.0,0.0,-0.0,-0.0,0.0,-0.0,-0.0,0.0,-0.0,-0.0,0.0,-0.0,0.0,0.0,-0.0,0.0,0.0,-0.0,0.0,0.008355087866605168,-0.38948041666805927,0.004127672112968121,0.016042625189470708,-0.3974522828248124,0.009756454738887643,0.012232539455975015,-0.39346447664324036,0.0065813600706640316,0.014120442700111337,-0.3836837356873842,0.008106268523726116,0.017820012116097246,-0.4398996468388235,0.011369835699364948,0.0063142342000020715,-0.35114219253976053,0.0031167803984730514,0.010343734776191951,-0.4021372430276893,0.005260577989747071,0.00438352241533809,-0.29221954822892243,0.0021963411051150947,0.0027891297166254434,-0.22265352626765486,0.0014137405329978782,0.0006858349796460524,-0.018561080134337188,4.543659260999752e-05,0.0008298323080518748,-0.03391700665903479,0.00011121292181831048,0.0,-0.0,0.0,0.0011794042236773123,-0.09986615172588378,0.00046340912983469483,0.0009556446071498253,-0.05992076837641248,0.00023928202183573025,0.001723831270447359,-0.1552497802762045,0.0008362143877342373,0.0005163044275573577,-0.010653388729069206,1.6432370790063402e-05,0.0,-0.0,0.0,0.0,-0.0,0.0,0.0,-0.0,-0.0,0.0,-0.0,-0.0,0.0,-0.0,-0.0,0.0,-0.0,-0.0,0.0,-0.0,-0.0,0.0002360161339123662,-0.0070129223595364705,-2.312788602563658e-06,8.890217975659136e-05,-0.010536628987799857,-4.7492300308922205e-06,0.00040751175256547554,-0.0061426767510902106,3.6432548626304795e-06,0.0008767081347408618,0.001640211770429695,1.945293020464034e-05,0.0,-0.0,0.0,0.000970419066556173,-0.005005033854303494,1.713273749941011e-05,0.001028743193643924,-0.03023389133440735,2.8425354655462712e-05,0.0,-0.0,0.0,0.0013764553325092948,-0.050073086288665386,9.752877222941044e-05,0.0010154898671650584,-0.06772183914784598,0.00027574846123677726,0.0,0.0,0.0,0.0013411876911616758,-0.05553116635747919,0.00012917285749439828,0.0,0.0,0.0,0.0,0.0,0.0,0.0008712147776088633,-0.11901701200808784,0.0005140371008254238,0.0007306224131692301,-0.16199241085886357,0.000833849864172433,0.0,0.0,0.0,0.0,0.0,0.0,0.0007718669602848904,-0.13623277486626978,0.0006695767004874052,0.0,0.0,0.0,0.0,0.0,0.0,0.0,0.0,0.0,0.0,0.0,0.0,0.0,0.0,0.0,0.0,0.0,0.0,0.0,-0.0,0.0,0.0,0.0,0.0,0.0,0.0,0.0,0.0,0.0,0.0,0.0014592177468856593,-0.24764304760527886,0.0011543818945483843,0.002428505489366921,-0.3327286453056685,0.0016103320458653674,0.0,-0.0,0.0,0.0,-0.0,0.0,0.0,-0.0,0.0,0.0,-0.0,0.0,0.0,-0.0,0.0,0.0,-0.0,0.0,0.0,-0.0,0.0,0.0,-0.0,0.0,0.0,-0.0,0.0
-2 2 -3,-0.09808153615646364,0.0,-0.0,-0.0,0.0,-0.0,-0.0,0.0,-0.0,0.0,-0.0,-0.0,0.0,-0.0,-0.0,0.0,-0.0,-0.0,0.0,-0.0,-0.0,-0.1009474997090552,5.053931422193812,0.0,-0.1769397521407992,6.637280609849563,0.0,-0.12148611507714822,8.178759915522727,0.0,-0.10617270373789052,5.365092272513477,0.06524787845522538,-0.15457163928707351,8.937477934693202,0.15644147855652366,-0.13144311305207879,7.014526900075332,0.10399730806958901,-0.14366677629573826,7.998099750622708,0.1290890266864282,-0.16357315863851274,9.705689179845395,0.18274350224036126,-0.09433980661898109,4.7287560429175,0.04946344912268421,-0.11868959867870442,6.117435301750547,0.08287392734899403,-0.08316992777353992,4.145853754895683,0.034609688596314137,-0.07199123325693511,3.5725449251337977,0.021574632941711698,-0.013325645091746845,0.7296926364468592,-0.0008633628859327702,-0.022350944530036342,1.1883400925818919,-0.0001300664018274798,-0.09837459756611973,8.15363995988612,0.0,-0.046879423940085097,2.3683535637534514,0.005502674211620785,-0.03386949902737271,1.7510015883163685,0.0018032132782416146,-0.05992781894874726,2.983643810540718,0.01180571858219425,-0.007043461023951432,0.3908244967857728,-0.0009071377591087617,-0.019741587698091992,1.1180204374621663,-0.0,-0.06976185962658606,3.056619894204432,0.0,-0.0,0.0,-0.0,-0.0,0.0,-0.0,0.0,-0.0,-0.0,0.0,-0.0,-0.0,0.0,-0.0,-0.0,0.0002748422215820451,-0.052859096854520914,-0.0004648564102213903,0.0005708801351745891,-0.16621999634073056,-0.000252927149079659,-0.0017606997469927649,0.11037658746143947,-0.0007982422524449247,-0.006405855159129749,0.5860762951023084,-0.001570414483180676,-0.11157331100362772,5.3436457383580676,0.0,-0.012110870623682579,0.8287872012094653,-0.0019519216813233295,-0.0259373993072482,1.3231247931792642,-0.0023118157021067088,-0.13345943126611937,5.93705846279175,0.0,-0.034918873605116335,1.787603664625888,-0.0018542464573903454,-0.04958156614697999,2.5828463471534353,0.0018416757624001789,0.0,0.0,0.0,-0.03904108161257773,2.0172600353977814,-0.001221592559849186,0.0,0.0,0.0,0.0,0.0,0.0,-0.06437601133914563,3.210446765690465,0.006642849537096636,-0.0767911097420105,3.8526913432009398,0.011937309533269476,0.0,0.0,0.0,0.0,0.0,0.0,-0.07019974761691042,3.573136826933519,0.009311955433769071,0.0,0.0,0.0,0.0,0.0,0.0,0.0,0.0,0.0,0.0,0.0,0.0,0.0,0.0,0.0,0.0,0.0,0.0,-0.0,14.745963993961311,0.0,0.0,0.0,0.0,0.0,0.0,0.0,0.0,0.0,0.0,-0.08678360874002268,4.098723608540862,0.01706312661159396,-0.09915466319029635,4.567357226530987,0.024604862675443026,-0.1350199223963008,5.805708613276065,0.0,-0.13102158686173052,6.574262350889,0.0,-0.0,18.726362920278735,0.0,-0.2148334758668268,14.109236007598806,0.0,-0.2985096441270047,10.26299501535049,0.0,-0.14781388874061296,8.59138581493055,0.0,-0.16799781265933608,9.719935033811014,0.003183311657510436,-0.16262281130529052,11.066819656485444,0.034929517886701546,-0.17397315267343472,12.92702566293881,0.057441593086617816
-2 2 -2,-0.0,-0.7209470219473559,-0.2023772924002822,-0.0,-0.2926954393080344,-0.12636639796418087,-0.0,-0.26303631889659185,-0.0,-0.0,-0.0,-0.0,-0.0,-0.0,-0.0,-0.0,-0.0,-0.0,-0.0,-0.0,-0.0,-0.0,-0.5594114646977753,-0.2474219526386425,-0.0,-2.1272154821970366,-0.3561267673579543,-0.0,-0.4789331251812865,-0.47413723748595515,-0.022313044769233365,0.742888100121097,-0.27470248439684947,-0.06818156269203068,2.607963702468407,-0.28480010809343714,-0.04957096413061657,2.1236153006417875,-0.3026587751554495,-0.06098692152279318,2.513306931140299,-0.29642255404899687,-0.07170746630914683,2.47744311646327,-0.27617776456454907,-0.01247544848383372,0.0746104605819038,-0.24179823268348924,-0.035659407706073655,1.4854199895048612,-0.29605792042643475,-0.007650916884415685,-0.4048641717857073,-0.20327072278010977,-0.007322689172453739,-0.6848213281262825,-0.16520123111272292,-0.011730289629877766,-0.5700015255798295,-0.04523891595199367,-0.014059725619510653,-0.7057662978116187,-0.06197614946149915,-0.0,-0.0,-0.3324031318645208,-0.012566181865209672,-0.8476958208832893,-0.10370973591255724,-0.014359676294914317,-0.8067925618266482,-0.0810383931626823,-0.009656782214391972,-0.8152550415203446,-0.13157404285041616,-0.008383704063107613,-0.4363823438874428,-0.030803450942233215,-0.0,-0.6765343910840299,-0.1193038555823248,-0.0,-1.0303242824752195,-0.15321211126715656,-0.0,-0.24400258993373997,-0.0,-0.0,-0.557157953340165,-0.05996551281766564,-0.0,-0.0,-0.0,-0.0,-0.0,-0.0,-0.0,-0.0,-0.0,-0.0019240935903184246,-0.2681988682444496,-0.009677689775863208,-0.0007068459866094184,-0.2632206579344407,-0.0038085875638682824,-0.005171490117266049,-0.35042574420959105,-0.020460203222413674,-0.012588141370008146,-0.5440811645915918,-0.04632603250052181,-0.0,-1.0024474292157874,-0.2002513209257593,-0.01712077188699961,-0.6212333140720647,-0.056766148026321336,-0.024792010754347726,-0.7578181964635016,-0.07816021383560175,-0.0,-0.835410474482763,-0.29001631776730236,-0.02466801966949685,-1.2383772236552897,-0.09509365205443138,-0.01894485165144896,-1.2301110412603287,-0.10261841814434097,0.0,0.0,0.0,-0.02432784249060221,-1.244325574624262,-0.0968580924028641,0.0,0.0,0.0,0.0,0.0,0.0,-0.013206363175464812,-0.86358081242653,-0.11275871596664291,-0.002579393683180414,-1.0035990845607095,-0.13984289978935838,0.0,0.0,0.0,0.0,0.0,0.0,-0.006321344082806185,-0.814246353165575,-0.1269906325336303,0.0,0.0,0.0,0.0,0.0,0.0,0.0,0.0,0.0,0.0,0.0,0.0,0.0,0.0,0.0,0.0,0.0,0.0,-0.0,-0.0,-0.25658294921721153,0.0,0.0,0.0,0.0,0.0,0.0,0.0,0.0,0.0,0.0008806889257559402,-1.1568287429721882,-0.1694376826992112,0.0019127882355762377,-0.5892881126533925,-0.21151852315659522,-0.0,-0.0,-0.3517454590506272,-0.0,-0.0,-0.3758122097232148,-0.0,0.8040000800588538,-0.3473468323196544,-0.0,2.0542819333854463,-0.32695306598647705,-0.0,3.998245597817023,-0.1818184575282299,-0.0,0.4564492065040484,-0.4089849941139789,-0.020685877736794384,1.6954805561028565,-0.39939811592006186,-0.008703570962973816,2.5613838191836362,-0.3775578471894993,-0.013544527391496725,3.4839990478309866,-0.32173873125124564
-2 2 -1,-0.0,0.0,-0.0,-0.0,0.0,-0.0,-0.0,0.0,-0.0,-0.0,0.0,-0.0,-0.0,0.0,-0.0,-0.0,-0.0,-0.0,-0.0,-0.0,-0.0,-0.0,0.0,-0.0,-0.0,0.0,-0.0,-0.0,0.0,-0.0,-0.010974759694671226,0.11182572716297433,-0.13836078269691385,-0.01687228556038675,0.43907044265149214,-0.201829141744494,-0.01585564970738579,0.17919633814238506,-0.19101750024985958,-0.016969606657984578,0.27337439738855795,-0.20166140403871938,-0.015684571408036193,0.6547363831084988,-0.1944294484681479,-0.00812819459726686,0.08861143472471666,-0.10772895182597451,-0.013725556641855768,0.13590294022032456,-0.16883452062916635,-0.005662321901150007,0.06196683873084766,-0.0842157407594845,-0.00391719033900439,0.03765002726399406,-0.06943542750326984,-0.0014242775013904331,0.017632484885730465,-0.03753518348917527,-0.0018777564967762872,0.020449345235055115,-0.04571240072754927,-0.0,0.0,-0.0,-0.002534509511045395,0.020003677106826982,-0.05571438949354848,-0.002244601937891804,0.02071943385788034,-0.05139117447548801,-0.002965480965368331,0.0235832351205411,-0.06092332936564557,-0.0009818813494488494,0.0130532424444989,-0.02771381110946219,-0.0,0.0,-0.043492085403173904,-0.0,0.0,-0.04142099892852405,-0.0,0.0,-0.0,-0.0,0.0,-0.015280039035217666,-0.0,0.0,-0.0,-0.0,-0.0,-0.0,-0.0,0.0,-0.0,-0.00035837529661236306,0.002891204177005428,-0.009108640708399396,-0.00016162045594891864,-0.00022155976810624072,-0.003065760172749369,-0.0006853016924849553,0.008692813342315298,-0.020272862803009415,-0.0015271848910826074,0.02408064444396527,-0.047835650326304775,-0.0,0.0,-0.0435496961161606,-0.0016369937495774275,0.029241953450163824,-0.055561108159613265,-0.0022960583723279754,0.03439257414548555,-0.06833572883897338,-0.0,0.0,-0.03128980206193412,-0.0032562201254393943,0.031100190781991978,-0.06821828819475514,-0.003417331303715219,0.02290346121011479,-0.058834949270338485,0.0,0.0,0.0,-0.003447063130996268,0.030585623559178977,-0.06648420960888317,0.0,0.0,0.0,0.0,0.0,0.0,-0.003043652921893513,0.01644051755580306,-0.05534901021735372,-0.0024331207362791986,0.009092833826387524,-0.04833250466842217,0.0,0.0,0.0,0.0,0.0,0.0,-0.002416732081483377,0.011517313763136423,-0.05370119424979201,0.0,0.0,0.0,0.0,0.0,0.0,0.0,0.0,0.0,0.0,0.0,0.0,0.0,0.0,0.0,0.0,0.0,0.0,-0.0,0.0,-0.0,0.0,0.0,0.0,0.0,0.0,0.0,0.0,0.0,0.0,-0.002312392597516168,-0.0015401282691133251,-0.052967940485008545,-0.0026119170969997963,-0.010866230967913566,-0.07573015380105312,-0.0,0.0,-0.02347204276999756,-0.0,0.0,-0.039015460505578324,-0.0,0.0,-0.17254153572271208,-0.0,0.0,-0.325850848127559,-0.0,-0.0,-0.36416857001053904,-0.0,0.0,-0.09260751043095254,-0.0,0.0,-0.11292898905325893,-0.0,0.0,-0.12159312310591341,-0.0,0.0,-0.15897832106455648
-2 2 1,-0.0,0.0,-0.0,-0.0,0.0,-0.0,-0.0,0.0,-0.0,-0.0,0.0,-0.0,-0.0,0.0,-0.0,-0.0,-0.0,-0.0,-0.0,-0.0,-0.0,-0.0,-0.0,-0.013847836031756282,-0.0,0.0,-0.10721951747616848,-0.0,0.0,-0.14346626557433353,-0.012688534145188318,-0.07889584645971834,-0.215661988283738,-0.02513415112439191,-0.08102198981212494,-0.28919319514339764,-0.019890615937400092,-0.12270771605616193,-0.2686348894693702,-0.023132563416277917,-0.11682074442931396,-0.28071850330647286,-0.025516719152514824,-0.02122930659490421,-0.2977082734414076,-0.009564075188365552,-0.0499923674607572,-0.1764927879076493,-0.016208173250499298,-0.10649794184699186,-0.24760002259038572,-0.00690577865084816,-0.029043462195503033,-0.1366854260344792,-0.0048660075111195385,-0.017135413229503065,-0.1018789308690336,-0.0009791568893075182,0.014625070206466561,-0.028825042527398533,-0.001487154902855807,0.014686259679110735,-0.0358825448986324,-0.0,0.0,-0.27473221606173515,-0.0026877816641481898,0.0018400221441183839,-0.056130449052657405,-0.0020595069871406006,0.010299376407600948,-0.04406557475737977,-0.0035254814192263147,-0.007986074204809693,-0.07491210144560304,-0.0005956854759712008,0.011577547431999381,-0.021639244670372648,-0.0,0.0,-0.01148773323922899,-0.0,0.0,-0.005525172030888638,-0.0,0.0,-0.0,-0.0,0.0,-0.0,-0.0,0.0,-0.0,-0.0,-0.0,-0.0,-0.0,0.0,-0.0,-0.0001739036148020773,0.0029491615641823567,-0.007879364159678265,-9.007833030755492e-05,-0.0003441665221713114,-0.002811011927100926,-0.0003518121691968962,0.008350253087171178,-0.017131663601176694,-0.0008086036287574252,0.022730869894597966,-0.03948962234895788,-0.0,-0.0,-0.018709648963275125,-0.0008454357463382633,0.027081951099387762,-0.04407423278830534,-0.0014005257057842257,0.029487912484866426,-0.049382308816803014,-0.0,-0.0,-0.09117143853476586,-0.0025625521475122416,0.025534909862954334,-0.04345241802061989,-0.00332126616556815,0.008996646561621184,-0.04656756199394067,0.0,0.0,0.0,-0.0028298327455635987,0.021290408215304864,-0.04202567258274407,0.0,0.0,0.0,0.0,0.0,0.0,-0.003868289930567667,-0.002495190805829366,-0.05709426813454703,-0.003222189820641837,-0.02168832437786838,-0.06355704699895046,0.0,0.0,0.0,0.0,0.0,0.0,-0.0033510848864396954,-0.014176570757058055,-0.057209098359857616,0.0,0.0,0.0,0.0,0.0,0.0,0.0,0.0,0.0,0.0,0.0,0.0,0.0,0.0,0.0,0.0,0.0,0.0,-0.0,0.0,-0.5069183365143038,0.0,0.0,0.0,0.0,0.0,0.0,0.0,0.0,0.0,-0.0034137458637253882,-0.0396416582833567,-0.0989566021038504,-0.004510122331286872,-0.06489390076939686,-0.13289284544270163,-0.0,0.0,-0.19597736197645813,-0.0,0.0,-0.2689557128160084,-0.0,0.0,-0.4677993514848055,-0.0,0.0,-0.24239217724774875,-0.0,-0.0,-0.20102725613375116,-0.0,0.0,-0.27309692570715005,-0.0,0.0,-0.3078828238330001,-0.0,0.0,-0.3469515821812642,-0.0,-0.0,-0.30990568671380353
-2 2 2,-0.0,-0.7488002370085965,-0.0,-0.0,-0.0,-0.0,-0.0,-0.0,-0.0,-0.0,-0.0,-0.0,-0.0,-0.0,-0.0,-0.0,-0.0,-0.0,-0.0,-0.0,-0.0,-0.0,-1.5690832743549996,-0.0,-0.0,-0.0,-0.0,-0.0,-0.7757247425142911,-0.0,-0.053451062226649186,-0.9847691303039596,-0.262096559436486,-0.07248443581854555,-0.9913202160423221,-0.4385379676719135,-0.05932258287900084,-1.1574343114773926,-0.3709761701135076,-0.06440272964505912,-1.1258644419046933,-0.4108932143360064,-0.08315985861031476,-0.7784402361774234,-0.45539742328323285,-0.04912335077660976,-0.8845971339882727,-0.2033475061258361,-0.05625198912099,-1.0961362935063927,-0.3200206980320631,-0.04281343839866418,-0.8286394840202445,-0.15003121708087888,-0.03568673532245316,-0.805331689554573,-0.10650029275452072,-0.010061895454014227,-0.4901714140094471,-0.01931961400053534,-0.0142372688959188,-0.6024571434342482,-0.026739894625528757,-0.0,-0.0,-0.0,-0.023548066291484582,-0.7529266416184391,-0.051909309390767794,-0.018721650702862868,-0.6926267547841268,-0.036963072719480676,-0.02910905788612751,-0.7869897667459035,-0.07420496320778987,-0.006473484824437129,-0.37918021157811566,-0.013508399439135333,-0.0,-0.07472373590030772,-0.0,-0.01761425688122722,-0.3529607032771416,-0.0,-0.0,-0.0,-0.0,-0.0,-0.0,-0.0,-0.0,-0.0,-0.0,-0.0,-0.0,-0.0,-0.0,-0.0,-0.0,-0.0010831156827589231,-0.22964957097727523,-0.0045648536979169445,-0.00038114430418059926,-0.2541681157497447,-0.0020610538846060063,-0.0034626640425189036,-0.2978755662075391,-0.01002143429172706,-0.008579034250598505,-0.4582083136801924,-0.022105335041565262,-0.026552167265216683,-0.8452662652435289,-0.0,-0.012658654599301279,-0.528125014617351,-0.026062394964169622,-0.01947109562373988,-0.6919842568940486,-0.03160864346075556,-0.03619602923719711,-1.1291943056674774,-0.004034259310932686,-0.02274670341257843,-0.9703309878431566,-0.03202127139647372,-0.025315869201880874,-0.9974946965610919,-0.04314225892318129,0.0,0.0,0.0,-0.022276434908711475,-1.1132110984255663,-0.033988321480526135,0.0,0.0,0.0,0.0,0.0,0.0,-0.03145447991286595,-0.626604674577483,-0.05913497938114822,-0.02823133293782349,-0.9243271639218437,-0.07304852238608502,0.0,0.0,0.0,0.0,0.0,0.0,-0.028934343017371227,-0.645154801170993,-0.06552618435526253,0.0,0.0,0.0,0.0,0.0,0.0,0.0,0.0,0.0,0.0,0.0,0.0,0.0,0.0,0.0,0.0,0.0,0.0,-0.0,-0.0,-0.0,0.0,0.0,0.0,0.0,0.0,0.0,0.0,0.0,0.0,-0.033179564566763756,-1.2634942030319323,-0.10098565144450275,-0.0419826653053639,-0.9488666256669464,-0.12441083216417116,-0.03728098885766628,-1.1255888570711714,-0.08808678784448118,-0.04258803196258359,-0.23661664693977705,-0.19314256982674524,-0.0,0.0,-0.0,-0.0,0.0,-0.16999061341717311,-0.0,0.0,-0.2521456309197377,-0.04134990032802145,0.0,-0.29321454063471863,-0.05850211946284217,0.0,-0.4118066611492593,-0.0523054000875775,0.0,-0.466182996085221,-0.03285222995256942,0.0,-0.4998892690620684
-2 2 3,-0.011163994067776274,9.175721502828985,0.0,-0.0,0.0,-0.0,-0.0,0.0,-0.0,-0.0,0.0,-0.0,0.0,-0.0,-0.0,0.0,-0.0,-0.0,0.0,-0.0,-0.0,-0.13474342601055178,11.32566959239168,0.0,-0.16792658165456137,13.750517723205775,0.0,-0.314791820167266,10.73739753506448,0.0,-0.12750788652912612,6.065353050356311,0.05870958211364753,-0.19862065503115311,5.344919557397612,0.12895323424972732,-0.17417855391076842,6.319697860783508,0.08730976191093322,-0.18932399580669948,5.9434244089765285,0.1066986173144924,-0.20366915195179724,4.674565893616524,0.15140324386218446,-0.10127909669028186,5.447892285202698,0.04650790029116993,-0.1529827250303049,6.371499354896353,0.07167083494697676,-0.07800371941136075,4.635495635565883,0.03418736918015394,-0.059487510506097574,3.77973991820143,0.02283418870919702,-0.008771770575968875,0.7255970209632558,0.0009761923636117742,-0.015199414213462988,1.1517815408984056,0.00225619686839957,-0.4247778677583941,12.502549555581707,0.0,-0.03362345805384949,2.2969579619415703,0.008223716799567219,-0.0236185719606305,1.6816574802497088,0.004527718408462263,-0.045220587993372995,2.9919778009604427,0.014073762531119367,-0.004411080140014954,0.4084260576045563,0.0003463466636898397,-0.0026198152740942657,2.3774002109198493,0.0,-0.05842150999678402,4.606980658295309,0.0,-0.0,0.0,-0.0,-0.0,0.3222174295845413,-0.0,-0.0,0.0,-0.0,0.0,-0.0,-0.0,0.0,-0.0,-0.0,0.0005710870604987083,-0.005352912453766132,-0.00010039201307664104,0.0006371045858998746,-0.13534788197546452,-0.00013502459444239123,-0.0006926253088051694,0.15776687070855686,-3.593670840428718e-05,-0.0033219973265107973,0.6309154102689396,0.0002246785662493708,-0.09604541769217889,6.1070087583369315,0.0,-0.007777158658605291,0.8576737596222421,0.0003181256704836842,-0.017319246056107726,1.2359295693815127,0.0010933429608650225,-0.12816552161747147,7.7689517098713425,0.0,-0.02484144652967569,1.7430359758406768,0.002731865875991326,-0.03472453432818858,2.5058294419398544,0.0056808170326038965,0.0,0.0,0.0,-0.025362152375162324,1.8486175705536003,0.003219015762000422,0.0,0.0,0.0,0.0,0.0,0.0,-0.04699709041750251,3.0722780592995886,0.009529719868117799,-0.05533389654998337,3.5535931068495343,0.014932131273947812,0.0,0.0,0.0,0.0,0.0,0.0,-0.05089399770806784,3.2688495044765626,0.012411790287045026,0.0,0.0,0.0,0.0,0.0,0.0,0.0,0.0,0.0,0.0,0.0,0.0,0.0,0.0,0.0,0.0,0.0,0.0,-0.5896958681628524,11.415383910756347,0.0,0.0,0.0,0.0,0.0,0.0,0.0,0.0,0.0,0.0,-0.06157949720401184,4.067299794169123,0.018809641034811007,-0.0696871366988556,4.623408889190312,0.025712077906272234,-0.15077801926176915,8.856875195828247,0.0,-0.177514712345531,9.604747430747084,0.0,-0.6221201716997172,1.0843114099102305,0.0,-0.617307835525214,0.0,0.0,-0.6350210430529954,0.0,0.0,-0.2135088890744297,9.969373413740499,0.0,-0.24638200164787577,8.708470112874453,0.0,-0.26572400527259876,6.823565628741789,0.0,-0.33109320995300734,2.7262200261583183,0.0
-2 2 4,0.0,-0.0,0.0,0.0,0.0,-0.0,0.0,0.0,-0.0,0.0,-0.0,-0.0,0.0,-0.0,-0.0,0.0,-0.0,-0.0,0.0,-0.0,-0.0,0.0,0.0,0.0,0.0,0.0,0.0,0.0,0.0,0.0,0.0015938532778741088,0.2170063098039713,0.0024121948544891074,0.004224972357519692,-0.3438556107259905,0.005468845003728024,0.0015123804693199237,-0.0751204057612061,0.003640033565278443,0.0023633216524811206,-0.22748420227718752,0.004485473093677111,0.0067359536824630065,-0.4133336094359434,0.006490752901678393,0.00176819254342498,0.28155732847560183,0.001909346221624272,0.001416448614879573,0.08573650885938798,0.002962778249600215,0.0018712850434835805,0.26776976498892374,0.001410990386337503,0.0019186276353389288,0.20104317251986906,0.000951580815250288,0.0011482516137046167,-0.010809885294339117,5.685477225771097e-05,0.0015048943895039314,-0.0056713243602131294,0.00010987958316556881,0.0,0.0,0.0,0.0019082630827039482,0.055659042688796345,0.00035340655603788664,0.001773315623142367,0.014021258207509293,0.0002022589410855761,0.001937348138806092,0.12121271109413974,0.0005937440863008102,0.0007912252366684613,-0.009428385740588381,2.8642277724709733e-05,0.0,0.0,0.0,0.0,0.0,0.0,0.0,-0.0,0.0,0.0,0.0,0.0,0.0,-0.0,-0.0,0.0,-0.0,-0.0,0.0,-0.0,-0.0,0.0002793368076492655,-0.004816873196816175,3.5099591066975985e-06,0.00010235851712299675,-0.007548010508918957,-2.000792008620895e-06,0.0005246769910177549,-0.006018902630192416,1.3247562683454195e-05,0.0011841318301664206,-0.003966971128821599,3.8979928204620886e-05,0.0,0.0,0.0,0.0014052105939943165,-0.01135505353095116,4.284186759211821e-05,0.0019116306910968181,-0.034740589013393754,6.60407769632905e-05,0.0,0.0,0.0,0.002612617716312,-0.04532121600991875,0.00012902248546187454,0.0025053370809186115,0.015610745020530954,0.0002440230158679806,0.0,0.0,0.0,0.0027440843464752985,-0.0364307100059759,0.00015258083020835503,0.0,0.0,0.0,0.0,0.0,0.0,0.002325977614151709,0.0526275269613203,0.0003985902474155685,0.001902067234305916,0.1257259506653247,0.0006147024854234568,0.0,0.0,0.0,0.0,0.0,0.0,0.0021579184756837246,0.07916287820931536,0.0005065271525212979,0.0,0.0,0.0,0.0,0.0,0.0,0.0,0.0,0.0,0.0,0.0,0.0,0.0,0.0,0.0,0.0,0.0,0.0,0.0,-0.0,0.0,0.0,0.0,0.0,0.0,0.0,0.0,0.0,0.0,0.0,0.0017019580075406796,0.23353128758658204,0.0008082038627669507,0.0013675910643089326,0.3529966938138676,0.0010979230788811338,0.0,0.0,0.0,0.0,0.0,0.0,0.0,-0.0,0.0,0.0,-0.0,0.0,-0.0,-0.0,0.0,0.0,0.0,0.0,0.0,-0.0,0.0,0.0,-0.0,0.0,0.0,-0.0,0.0
-2 3 -4,0.0,0.0,-0.0,0.0,0.0,-0.0,0.0,0.0,-0.0,0.0,-0.0,-0.0,0.0,-0.0,-0.0,0.0,-0.0,-0.0,0.0,-0.0,-0.0,0.0,-0.0,0.0,0.0,-0.0,0.0,0.0,-0.0,0.0,0.0001994293256838996,-0.014459025365542555,1.4701378347058643e-05,2.3276041400571487e-05,-0.014273858013095615,2.5316211506001616e-05,0.00011655410230355439,-0.013592434057702333,1.656193275718079e-05,6.172794541517533e-05,-0.01245217822448874,2.000832371514402e-05,5.414167834562796e-06,-0.020305508470747195,3.0833328653827454e-05,0.00019719561179521057,-0.012536455824838571,1.3188301197491584e-05,0.0001691018576180047,-0.014831071676802943,1.5239165176147136e-05,0.00016620876874529623,-0.009787337056787724,1.010417856297478e-05,0.00012267926093584218,-0.006833638538892411,6.393079399679272e-06,2.3151844572866578e-05,0.00011308332564866267,-2.8746511876412017e-07,3.1104030679430424e-05,-0.00014359321257205752,-2.076933291685435e-07,0.0,-0.0,0.0,5.726326002682785e-05,-0.00214145900131416,1.292942770748871e-06,4.130006220696724e-05,-0.0008328811701681122,2.282224232398333e-07,8.383587793372668e-05,-0.004172011098368703,3.2969642738426236e-06,1.6314741871002957e-05,0.00013101494839209445,-2.210695219157738e-07,0.0,0.0,-0.0,0.0,-0.0,0.0,0.0,0.0,-0.0,0.0,0.0,-0.0,0.0,-0.0,-0.0,0.0,-0.0,-0.0,0.0,-0.0,-0.0,6.84705285916717e-06,-5.209269362064121e-05,-5.180859423952301e-08,2.3951458635226098e-06,-0.0002204555257965328,-5.799482907848184e-08,1.1858656903179544e-05,8.857086265569228e-05,-1.1027916097841586e-07,2.507904325738631e-05,0.0005566903543228136,-2.4085057879818966e-07,0.0,-0.0,0.0,2.9956792791302217e-05,0.0005763919756390553,-3.810741533023323e-07,3.628177009600669e-05,0.00041035132752862097,-7.154094211129868e-07,0.0,-0.0,0.0,4.7266028857983126e-05,0.00022280015943350063,-1.0542224274914072e-06,4.625093809922034e-05,-0.0005814018106105509,-2.959375480400246e-07,0.0,0.0,0.0,4.804206225609438e-05,0.00011290526539139219,-9.991679299829268e-07,0.0,0.0,0.0,0.0,0.0,0.0,5.299770712166521e-05,-0.002086182984103131,1.0738831627986796e-06,6.813242026128498e-05,-0.004540427627014858,2.587955389645825e-06,0.0,0.0,0.0,0.0,0.0,0.0,5.855296964029213e-05,-0.0033486886873458277,1.7942141718082062e-06,0.0,0.0,0.0,0.0,0.0,0.0,0.0,0.0,0.0,0.0,0.0,0.0,0.0,0.0,0.0,0.0,0.0,0.0,0.0,-0.0,0.0,0.0,0.0,0.0,0.0,0.0,0.0,0.0,0.0,0.0,0.0001036674557646054,-0.007128810787619333,4.6698601304851194e-06,0.00014933739619099707,-0.010065845870437691,8.19259534120935e-06,0.0,-0.0,0.0,0.0,-0.0,0.0,0.0,-0.0,0.0,0.0,-0.0,0.0,-0.0,0.0,0.0,0.0,-0.0,0.0,0.0,-0.0,0.0,0.0,-0.0,0.0,0.0,-0.0,0.0
-2 3 -3,-0.0,0.0,-0.0,-0.0,0.0,-0.0,0.0,0.0,-0.0,0.0,-0.0,-0.0,0.0,-0.0,-0.0,0.0,-0.0,-0.0,0.0,-0.0,-0.0,-0.0,0.0,0.0,-0.0,0.0,0.0,-0.0,-0.0,0.0,-0.02163515543614286,-0.025354042017365526,0.015981064668798412,-0.05273090121015511,-0.24819051337635406,0.03742642228245171,-0.03419208998509368,-0.19337211148593692,0.0235293207620001,-0.043090432188089244,-0.23143790391700855,0.029682395389904297,-0.061940157681750894,-0.25191817785016496,0.04557245298961351,-0.0176711255520226,0.05361924846480479,0.012835459775995539,-0.026975863533304903,-0.12068488508804365,0.019201036851090706,-0.014513334769897412,0.09360573201184723,0.009303758772557555,-0.011815360021961136,0.10825913086125884,0.005819794181910458,-0.0011456193165409754,0.07271054780724608,-0.00023906568906195723,-0.0026820973747602238,0.10271897398375726,-0.00012092772751412453,-0.0,0.0,0.0,-0.007003667594588977,0.12570991971118647,0.0013039727805305504,-0.0047151217974053744,0.12180962252412901,0.0003243018188913133,-0.00936406710432673,0.11822160942150318,0.0030746516424882014,-0.00020315898249276512,0.039434976336735886,-0.00020415812793811086,-0.0,0.0,-0.0,-0.0,0.0,0.0,0.0,-0.0,-0.0,-0.0,0.0,-0.0,0.0,-0.0,-0.0,0.0,-0.0,-0.0,0.0,-0.0,-0.0,0.0007070414883237817,-0.026808270186312665,-7.267282411495625e-05,0.0003605918574618191,-0.049218687456996736,-5.4369683058958395e-05,0.0007080449555144789,0.0036849735505716475,-0.00012532938167776796,0.0007490978558265033,0.10105492929113985,-0.000245673350444831,-0.0,0.0,0.0,-1.5640417661082724e-05,0.1276587378369116,-0.0003783536064995252,-0.002697740738041872,0.16012886804198148,-0.0006330908053368981,-0.0,0.0,0.0,-0.004914924039081819,0.17297160018778016,-0.0008147978467477633,-0.008153518394669754,0.1901678542936701,-3.223648509836615e-05,0.0,0.0,0.0,-0.005809190921022188,0.1845903965902363,-0.0007333066037833859,0.0,0.0,0.0,0.0,0.0,0.0,-0.010532082707810359,0.1684881228943753,0.0013033039958436302,-0.012466046706083289,0.1334867471437809,0.0028431973409213944,0.0,0.0,0.0,0.0,0.0,0.0,-0.01157650483255873,0.14593143205760517,0.0020682832880474225,0.0,0.0,0.0,0.0,0.0,0.0,0.0,0.0,0.0,0.0,0.0,0.0,0.0,0.0,0.0,0.0,0.0,0.0,-0.0,-0.0,0.0,0.0,0.0,0.0,0.0,0.0,0.0,0.0,0.0,0.0,-0.013111934880811159,0.06278205530474512,0.00444814726660796,-0.014330917773522935,0.030269688371348146,0.0069557466140260284,-0.0,-0.0,0.0,-0.0,-0.0,0.0,-0.0,-0.0,0.0,-0.0,-0.0,0.0,-0.0,0.0,0.0,-0.0,0.0,0.0,-0.0,-0.0,0.0,-0.0,-0.0,0.0,-0.0,-0.0,0.0
-2 3 -2,-0.0,0.0,-0.0,-0.0,0.0,-0.0,-0.0,-0.0,-0.0,0.0,-0.0,-0.0,0.0,-0.0,-0.0,0.0,-0.0,-0.0,0.0,-0.0,-0.0,-0.0,0.0,-0.0,-0.0,0.0,-0.0,0.0,0.0,-0.0,-0.009596318485780077,2.607042200023061,-0.01035259724220302,-0.13938399009189492,6.934403029664195,0.024928882433416958,-0.06500230583040612,4.605842515145379,-0.003967549105884193,-0.10301530786732258,5.695544274675621,0.007650207375254764,-0.169433424732085,8.279157161867674,0.04435168774913121,-0.0009881359973221012,1.8294441929318408,-0.009904830230803354,-0.03184708978005651,3.5755300879821634,-0.009317591883623973,-0.003675250315042169,1.3295364671297167,-0.009784065575754704,-0.01141107077435515,1.0630808702432442,-0.010003624650156286,-0.008904073729225912,0.32197275913500406,-0.002655197768559566,-0.01394104774614199,0.504436339904038,-0.004333627080576337,0.0,0.0,-0.0,-0.020341039011920435,0.8106118838379122,-0.008382055314228934,-0.018422175328717712,0.6746656379200042,-0.0063967597324227,-0.0180024343294843,0.921731754082693,-0.009686079146753967,-0.0047111318806162955,0.15686628543890238,-0.0015318945667640608,-0.0,0.0,-0.0,-0.0,0.0,-0.0,-0.0,-0.0,-0.0,-0.0,0.0,-0.0,0.0,-0.0,-0.0,0.0,-0.0,-0.0,0.0,-0.0,-0.0,0.0009818235616916992,-0.12594065949133143,-0.0006200179518022971,0.0011588807960710176,-0.17732277342407962,-0.00035990791662622834,-0.0006890840153728282,-0.016790275778620464,-0.0008899507108827613,-0.005023304933759885,0.30905665504885693,-0.0013263289673765817,-0.0,0.0,-0.0,-0.009066868372566886,0.4590195199504077,-0.0018504394171611521,-0.018398055450537937,0.7431999943641058,-0.003916147408581129,-0.0,0.0,-0.0,-0.025608011650707335,0.8780608507055505,-0.0072608814652664186,-0.031272694972066147,1.0169598488411111,-0.010372463858939215,0.0,0.0,0.0,-0.028157460608899537,0.9544694217400049,-0.007926536578189576,0.0,0.0,0.0,0.0,0.0,0.0,-0.03410630767334167,1.136377704037161,-0.011882683011173923,-0.029564718635547868,1.0786781484219787,-0.01407659265935285,0.0,0.0,0.0,0.0,0.0,0.0,-0.03287022931710027,1.0831009481440173,-0.014214185254387432,0.0,0.0,0.0,0.0,0.0,0.0,0.0,0.0,0.0,0.0,0.0,0.0,0.0,0.0,0.0,0.0,0.0,0.0,0.0,0.0,0.0,0.0,0.0,0.0,0.0,0.0,0.0,0.0,0.0,0.0,-0.019702631288607827,0.9568311337929014,-0.014539767649189052,-0.005925793425916723,0.9186479627848236,-0.014214494266072238,-0.0,0.0,-0.0,0.0,0.0,-0.0,-0.0,-0.0,0.0,-0.014904317866487809,-0.0,0.0,-0.05057396078664222,0.0,0.0,-0.0,0.0,-0.0,-0.0,0.0,0.0,-0.06567266562528974,0.35187300486398093,0.0,-0.15348452089001394,1.1460352543542769,0.0
-2 3 -1,-0.0,-0.0,-0.0,0.0,-0.0,-0.0,0.0,-0.0,-0.0,0.0,-0.0,-0.0,0.0,-0.0,-0.0,0.0,-0.0,-0.0,0.0,-0.0,-0.0,-0.0,-0.0,-0.0,-0.0,-0.0,-0.0,-0.0,-0.0,-0.0,-0.03707249906320831,-3.308553665762448,0.06726955696291147,-0.1164597855780437,-3.133065244644366,0.11598983055120861,-0.07860128918804207,-3.0580946125851693,0.09448765990575801,-0.09844883321602423,-3.0022634682283016,0.1022808140019449,-0.13229719984529484,-3.409464689675455,0.1377078600331429,-0.02084551687153936,-3.160221306029941,0.0415673026363827,-0.05740621617009919,-3.2186747595782363,0.08479842622198655,-0.010456453364601553,-2.737048669469829,0.012086431793193013,-0.005308450863325757,-2.153580248472877,-0.014241160571467104,0.000226029608086071,-0.2650576988447452,-0.016201116102222825,-0.0008549662250955473,-0.4292102073811072,-0.024310022160032786,0.0,-0.0,0.0,-0.0027703882579388954,-1.0677628989938468,-0.036243667365015976,-0.0019625505212319495,-0.690570237571271,-0.03234550309750586,-0.003457385361247791,-1.5653419663901083,-0.0310916247056361,0.0010236742700297022,-0.17407509632100268,-0.009984529158090496,-0.0,-0.0,-0.0,-0.0,-0.0,-0.0,0.0,-0.0,-0.0,0.0,-0.0,-0.0,0.0,-0.0,-0.0,0.0,-0.0,-0.0,0.0,-0.0,-0.0,0.002613903677438084,-0.1430638266423007,-0.00373652855154338,0.002038797405015856,-0.11598414913473594,-0.0013871937697162546,0.002391278773133967,-0.14511035647664877,-0.005937860140777089,0.0010645273565582567,-0.12869279718268845,-0.01149554741651928,-0.0,-0.0,-0.0,0.00028916500691099714,-0.15263130101167036,-0.014609321114438962,-0.0012660568606160162,-0.3149706745504343,-0.02691871650638991,-0.0,-0.8332039637702435,-0.0,-0.0028808291123813565,-0.5995251618222532,-0.04006947038826719,-0.003933375054863474,-0.9621949579627208,-0.05414859060410801,0.0,0.0,0.0,-0.0038295191143992184,-0.6582898693372424,-0.043465165539815186,0.0,0.0,0.0,0.0,0.0,0.0,-0.005710714403968348,-1.2901526967103754,-0.06067891086030598,-0.00637521418414711,-1.734305780786714,-0.05852764007260665,0.0,0.0,0.0,0.0,0.0,0.0,-0.00624544525530772,-1.4911196298975802,-0.06520293644932858,0.0,0.0,0.0,0.0,0.0,0.0,0.0,0.0,0.0,0.0,0.0,0.0,0.0,0.0,0.0,0.0,0.0,0.0,-0.0,-0.0,0.0,0.0,0.0,0.0,0.0,0.0,0.0,0.0,0.0,0.0,-0.0036335609020736325,-2.325107548367647,-0.04630634170150227,0.0018067557828848088,-3.1249365787335948,-0.022792433288955253,-0.0,-1.5756099637213608,-0.0,-0.0,-1.3218548565515704,0.0,-0.0,-0.0,0.0,-0.0,-0.0,0.09174370627695383,-0.0,-0.0,0.04716084983117696,-0.05143594279305173,-0.9587769876630033,0.016427721492921776,-0.09549141888910682,-0.4129732444306149,0.07402316269105905,-0.09140544128121253,-0.2838228969317963,0.057657874007168666,-0.09944097620371191,-1.9354054629220105,0.1025600796808285
-2 3 1,-0.0,-0.0,-0.0,-0.0,-0.0,-0.0,0.0,-0.0,-0.0,0.0,-0.0,-0.0,0.0,-0.0,-0.0,0.0,-0.0,-0.0,0.0,-0.0,-0.0,-0.0,-0.0,-0.0,-0.0,-0.0,-0.0,-0.0,-0.0,-0.0,-0.03129525725442089,-4.501509413703496,0.047872511333843334,-0.05564737316406983,-7.499974639290733,0.06267332662946729,-0.04545117678132329,-5.907770571119415,0.05971964452113596,-0.050615781761864875,-6.678300234718813,0.05791241175982539,-0.060926916636306984,-8.298700985489669,0.07705759605610324,-0.023866138303732836,-3.726224543584692,0.026913309660664426,-0.038999836437518115,-5.201504291211971,0.058727154219702,-0.01807605743096141,-2.868373053896955,0.0010917127320148295,-0.01416644551696633,-2.032669425271386,-0.022096503398514936,-0.0017862541849652388,-0.17360386557059748,-0.017007650617849108,-0.003983476293338763,-0.2946152225051674,-0.025653643005161538,-0.0,-0.28245465413358967,0.0,-0.009128713955647526,-0.841693657532402,-0.03962932269297463,-0.006567498740526421,-0.5059336843244857,-0.034490669792979003,-0.011495510083402237,-1.3425116167025037,-0.03635979309631956,-0.00021105531199622652,-0.11501164542802082,-0.010434265574436512,-0.0,-0.0,-0.0,-0.0,-0.0,-0.0,0.0,-0.0,-0.0,-0.0,-0.0,-0.0,0.0,-0.0,-0.0,0.0,-0.0,-0.0,0.0,-0.0,-0.0,0.0021778329304314053,-0.11973528653094478,-0.0038199015549289866,0.0018801178486326593,-0.10779167162935578,-0.0014163296949042737,0.0016592677944619473,-0.10594161643493882,-0.006118567786918987,-0.00042268315436451654,-0.04938614449367668,-0.01193001978862807,-0.0,-0.0,-0.0,-0.001664851402393912,-0.0549659528679364,-0.015242935106172846,-0.004126763787822423,-0.18533157507183426,-0.028444690220760294,-0.0,-0.7767862186246421,-0.0,-0.00858076654199455,-0.3566578526933787,-0.041971714358719214,-0.010217610075467017,-0.6958194897532763,-0.056943781963989235,0.0,0.0,0.0,-0.008740968124819365,-0.45343221219436547,-0.04602510933756938,0.0,0.0,0.0,0.0,0.0,0.0,-0.013496632804106463,-0.9751978330430806,-0.06391678745910086,-0.016693990387210825,-1.3457403877816916,-0.06350701259110604,0.0,0.0,0.0,0.0,0.0,0.0,-0.01570078719761884,-1.1342030921456308,-0.06931527966573175,0.0,0.0,0.0,0.0,0.0,0.0,0.0,0.0,0.0,0.0,0.0,0.0,0.0,0.0,0.0,0.0,0.0,0.0,-0.0,-0.0,0.0,0.0,0.0,0.0,0.0,0.0,0.0,0.0,0.0,0.0,-0.015060968618736537,-1.9217486619559139,-0.05346312732934926,-0.013293544337150137,-2.7151958800131086,-0.03354647175845717,-0.0,-2.3636025786491084,-0.0,-0.0,-4.110667087650912,0.0,-0.00391327174048279,-0.0,0.0,-0.08311130802614933,-0.0,0.0,-0.09546288166147099,-5.961066349377824,0.0,-0.0315369770982239,-5.632926815488641,0.0,-0.04892428070536774,-6.429790878452766,0.0,-0.05010834474824242,-7.221930303629689,0.0,-0.0842366070935074,-9.394804730840827,0.0
-2 3 2,-0.0,0.0,-0.0,-0.0,0.0,-0.0,-0.0,0.0,-0.0,-0.0,-0.0,-0.0,0.0,-0.0,-0.0,0.0,-0.0,-0.0,0.0,-0.0,-0.0,-0.0,0.0,-0.0,-0.0,0.0,-0.0,0.0,-0.0,-0.0,0.03249934774845675,0.3291125964067086,-0.0273690561422685,0.03973592699323014,-1.015395205009086,-0.047347413750208275,0.04613311112939232,-0.20400029903812322,-0.0490089947033301,0.04531789534096408,-0.7134680813691913,-0.052046671594671884,0.031213365364328727,-0.9570776792889814,-0.03725820262998291,0.01873058796199137,0.3622770546118863,-0.016706719509084738,0.041812116401373806,0.18906324227382634,-0.03950753965399129,0.0025520130696916753,0.462676636369852,-0.009684460884265342,-0.011971536559785502,0.6356157710087746,-0.005943677706276805,-0.007550635762569066,0.4025421174640964,0.00037650046288875255,-0.013233797688132766,0.5986146170169472,-0.00012086703342779368,0.0,-0.0,-0.0,-0.022720090272983714,0.8303697953175037,-0.00242931806001912,-0.019184767720650062,0.7588782971802746,-0.00111054187266076,-0.020839328476020887,0.7832635570692908,-0.003925414935998452,-0.00345813767373066,0.21844002432862805,0.00044232813833383096,-0.0,0.0,-0.0,-0.008371284290399383,0.0,-0.0,-0.0,0.0,0.0,-0.0,0.0,-0.0,0.0,-0.0,-0.0,0.0,-0.0,-0.0,0.0,-0.0,-0.0,0.0012374568655080778,-0.08688524842826335,-4.238656105037864e-05,0.0011667674694621365,-0.16070995773779645,-0.00017190681175792652,0.00018152051796771666,0.037999833729890076,0.0002623464877715012,-0.0025063890128534843,0.4035895514561529,0.0013194429147522597,-0.0,0.0,-0.0,-0.006073237646597741,0.5630365994567623,0.0015258182512166612,-0.014137897133799161,0.8367707090597948,0.0014256234696403008,-0.0,0.0,-0.0,-0.023857213804154283,1.08771236943986,0.000554411699539242,-0.03396488172829678,1.2093666499288978,-0.002687044279117126,0.0,0.0,0.0,-0.025418244439722917,1.0845458416178582,-0.00026441562129077186,0.0,0.0,0.0,0.0,0.0,0.0,-0.04315788656854946,1.2964267610300642,-0.004730746181390988,-0.0388957902925063,1.0691273197405362,-0.00579873422052976,0.0,0.0,0.0,0.0,0.0,0.0,-0.0429910516538545,1.1510630741653467,-0.006167946898819848,0.0,0.0,0.0,0.0,0.0,0.0,0.0,0.0,0.0,0.0,0.0,0.0,0.0,0.0,0.0,0.0,0.0,0.0,0.0,-0.0,-0.0,0.0,0.0,0.0,0.0,0.0,0.0,0.0,0.0,0.0,-0.027832046105795875,0.7635815836237156,-0.007240474389714735,-0.012058919617005325,0.3446533918684847,-0.007067610378538063,0.0,-0.0,-0.0,0.0,-0.0,-0.0,0.0,-0.0,-0.0,-0.0,-1.4492907453697745,-0.0,-0.0,-0.8841926789029237,0.0,0.0,-0.0,-0.0,0.0,-0.0,-0.0,0.0,-0.5131290876938016,-0.0,-0.0,-2.072591052426351,-0.0
-2 3 3,-0.0,0.0,-0.0,-0.0,0.0,-0.0,-0.0,0.0,-0.0,0.0,-0.0,-0.0,0.0,-0.0,-0.0,0.0,-0.0,-0.0,0.0,-0.0,-0.0,-0.0,0.0,0.0,-0.0,0.0,0.0,-0.0,0.0,0.0,-0.03187067233259081,1.6197126555849184,0.011666677976850379,-0.0748052211951865,1.159461953541901,0.024046846542519755,-0.0542239132476194,1.6965254925731477,0.015271252394390478,-0.06543577169083638,1.4976183765694753,0.018966474365067446,-0.08187020718344012,0.7673377204147007,0.029611661020533933,-0.022939651164133597,1.3845948960767294,0.010038039650537166,-0.042563485324054975,1.7321747051895058,0.013076588062431248,-0.016001166859673444,1.0704971039326132,0.007739723212840618,-0.01090461506699311,0.7514485586519959,0.005182345287074903,0.00016656004746706647,0.10075796311443305,0.00011356495086025998,-0.0008416902680639442,0.15484924909102607,0.00030713714267491547,-0.0,0.0,0.0,-0.004559897936560564,0.32950615229666014,0.001595916804697653,-0.0024436087066260215,0.2252046017083703,0.0007476523177176867,-0.007257213474386318,0.49746699043769266,0.00304096923483908,0.0006165122576222519,0.056613704016237935,4.121354058587544e-05,-0.0,0.0,-0.0,-0.0,0.0,0.0,0.0,0.0,-0.0,-0.0,0.0,-0.0,0.0,-0.0,-0.0,0.0,-0.0,-0.0,0.0,-0.0,-0.0,0.0008290587829895168,-0.016213812425917237,-9.029462500351168e-06,0.0003834252260108068,-0.041963101979186936,-3.69479399081378e-05,0.001090220647584623,0.01691526719751324,1.927438899744109e-05,0.0018054961300887332,0.12091987494968667,0.00010862482238663914,-0.0,0.0,0.0,0.001403592084814258,0.15132639708859905,7.210970515867677e-05,-5.744021704494362e-05,0.18604033758172467,8.043904743643398e-05,-0.0,0.0,0.0,-0.0016379573523347222,0.2238639456214722,0.000130378951747675,-0.004789790676138117,0.3031458153685124,0.0005473659081552414,0.0,0.0,0.0,-0.001998614227449223,0.23282286135150035,0.00016159205106051148,0.0,0.0,0.0,0.0,0.0,0.0,-0.007693488554488826,0.3536427795354209,0.0014653162812910086,-0.00915222378161823,0.45280713878673995,0.0030437078007431446,0.0,0.0,0.0,0.0,0.0,0.0,-0.008481542237439037,0.37735369453076406,0.0022972947900436512,0.0,0.0,0.0,0.0,0.0,0.0,0.0,0.0,0.0,0.0,0.0,0.0,0.0,0.0,0.0,0.0,0.0,0.0,-0.0,0.0,0.0,0.0,0.0,0.0,0.0,0.0,0.0,0.0,0.0,0.0,-0.010218728819237894,0.6162417988192415,0.0042293988156206315,-0.011702979115786546,0.8412230722619649,0.006462065650105297,-0.0,0.0,0.0,-0.0,0.0,0.0,-0.0,0.0,0.0,-0.0,0.0,0.0,-0.0,-0.0,0.0,-0.0,0.0,0.0,-0.0,0.0,0.0,-0.0,0.0,0.0,-0.013462145976535467,0.0,0.0
-2 3 4,0.0,0.0,-0.0,0.0,0.0,-0.0,0.0,0.0,-0.0,0.0,0.0,-0.0,0.0,0.0,-0.0,0.0,-0.0,-0.0,0.0,-0.0,-0.0,-0.0,0.0,-0.0,-0.0,0.0,0.0,-0.0,0.0,0.0,-0.0004432457280927997,0.01713065583560726,1.7330280277575197e-06,-0.0007838545055674855,-0.01849673262618367,-8.639553039581756e-06,-0.0007064419507258771,0.006136402050053052,-3.823125299930134e-06,-0.0007776670183010586,-0.004638402728007997,-6.332314452337513e-06,-0.0007381027098586652,-0.03367359517529831,-1.1006744205020049e-05,-0.0003063876508824104,0.017419464370360377,3.3504432461662917e-06,-0.0005853538170653922,0.013388550680742076,-9.695132248769833e-07,-0.00019139386687546842,0.014885254476737832,3.424833414017845e-06,-0.00010535793315660178,0.011003593419963893,2.4575186830652837e-06,1.1989628394408137e-05,0.0009872905714257622,-2.2739855737875977e-07,1.0899231610596857e-05,0.00165276060228641,-2.236754197779928e-07,-0.0,0.0,0.0,-1.414926766487716e-05,0.004539524128129531,4.3542382434033664e-07,3.5540490735065666e-06,0.002746488654853276,-4.3459442583584076e-08,-4.807387570763807e-05,0.00730127267089515,1.297895776622499e-06,9.953887889992164e-06,0.0005694549478326213,-1.6486375271918708e-07,0.0,0.0,-0.0,0.0,0.0,-0.0,0.0,0.0,-0.0,0.0,0.0,-0.0,0.0,0.0,-0.0,0.0,-0.0,-0.0,0.0,-0.0,-0.0,4.82831372706411e-06,9.259385218711762e-05,-3.56012168131782e-08,1.7592637972665019e-06,-9.630275422923079e-05,-4.4152677998232244e-08,8.283228191864129e-06,0.0002878638567400999,-8.424532649287582e-08,1.7192362803030935e-05,0.0008926677140416932,-1.9206338652555646e-07,-0.0,0.0,0.0,1.9736920133562553e-05,0.0010834741003744527,-3.1921765295022536e-07,2.1719469521917815e-05,0.0014861551166814103,-4.148322215872954e-07,-0.0,0.0,0.0,2.3314918258060156e-05,0.0020593575739158293,-6.499962444831382e-07,6.962615678974955e-06,0.0034660409313424646,-5.368493289683014e-07,0.0,0.0,0.0,2.203420178059801e-05,0.002320446295027099,-6.945238003670664e-07,0.0,0.0,0.0,0.0,0.0,0.0,-1.040894043411993e-05,0.004695404819103982,1.1777334380660891e-07,-3.909964655187508e-05,0.007078744988702855,1.2606376577088007e-06,0.0,0.0,0.0,0.0,0.0,0.0,-2.4218485184126986e-05,0.00557402529766615,8.31768194783994e-07,0.0,0.0,0.0,0.0,0.0,0.0,0.0,0.0,0.0,0.0,0.0,0.0,0.0,0.0,0.0,0.0,0.0,0.0,-0.0,0.0,0.0,0.0,0.0,0.0,0.0,0.0,0.0,0.0,0.0,0.0,-6.994759015508572e-05,0.010594864561173051,1.9084735817368905e-06,-0.0001186141840758199,0.015095402151425517,3.7637951616027325e-06,-0.0,0.0,0.0,-0.0,0.0,0.0,-0.0,0.0,0.0,-0.0,-0.0,0.0,-0.0,-0.0,0.0,-0.0,0.0,0.0,-0.0,0.0,0.0,-0.0,-0.0,0.0,-0.0,-0.0,0.0
-2 4 -3,0.0,-0.0,-0.0,0.0,-0.0,-0.0,0.0,-0.0,0.0,0.0,-0.0,0.0,0.0,-0.0,0.0,0.0,-0.0,-0.0,0.0,-0.0,-0.0,0.0,-0.0,-0.0,0.0,-0.0,-0.0,0.0,-0.0,-0.0,-8.235226919234531e-05,-0.05028397195832348,-2.1540785580764774e-05,-0.00040509100656668643,-0.15903566757012255,-4.356113439320224e-05,-0.00033707238738615874,-0.09175905888855318,-4.332205343333752e-05,-0.0004116657812558555,-0.12201205107746531,-4.8436908900878377e-05,-0.00033852047784251385,-0.19857042520817322,-3.1252509948317966e-05,1.053352168016834e-05,-0.036190526641724084,-1.4992745950458876e-05,-0.00021051611198378626,-0.06838693493520824,-3.221029926489736e-05,5.664457619006393e-05,-0.02530296560908875,-1.2003897096100581e-05,6.661252877277932e-05,-0.016987189470257548,-1.0079133841640319e-05,2.2022028660436478e-05,-0.0006849039283212288,-2.379726043504327e-07,2.7349209861894893e-05,-0.0016363747166211712,-1.3079148937652368e-06,-0.0,-0.0,-0.0,4.574468212031135e-05,-0.006391216677246525,-5.199363242137187e-06,3.482506080553572e-05,-0.0034377579688684985,-2.9613316563362462e-06,5.8543881623679854e-05,-0.01079983264951466,-7.763798674400678e-06,1.7237445900962957e-05,-0.0002818791131172729,2.913075078738199e-07,0.0,-0.0,-0.0,0.0,-0.0,-0.0,0.0,-0.0,0.0,0.0,-0.0,-0.0,0.0,-0.0,0.0,0.0,-0.0,-0.0,0.0,-0.0,0.0,9.72257726380047e-06,-0.00020006713560272133,3.067695512724635e-07,3.7294155023271495e-06,-0.000321035487384898,-1.0656277825699898e-08,1.5380849563119657e-05,-0.00010593626469051946,7.054966995578715e-07,2.9696441082163285e-05,0.0002629709887151577,1.8033790709458362e-06,0.0,-0.0,-0.0,3.380086825805157e-05,0.00012964618030518257,1.6393142947441044e-06,3.255371975866487e-05,-0.0005857808824499754,-3.461985835514961e-07,0.0,-0.0,-0.0,2.842875243185686e-05,-0.0018131922969171414,-3.786319108578413e-06,3.229481938229557e-05,-0.004348514635315551,-5.344228183097809e-06,0.0,0.0,0.0,2.752797288352311e-05,-0.0022910876268712596,-4.5177456080317004e-06,0.0,0.0,0.0,0.0,0.0,0.0,4.730397010991954e-05,-0.007200376638554265,-5.363634707082467e-06,6.67827810864382e-05,-0.011681296999162757,-9.427468366821324e-06,0.0,0.0,0.0,0.0,0.0,0.0,5.590300687125848e-05,-0.00953783549481717,-7.051232639032901e-06,0.0,0.0,0.0,0.0,0.0,0.0,0.0,0.0,0.0,0.0,0.0,0.0,0.0,0.0,0.0,0.0,0.0,0.0,-0.0,-0.0,-0.0,0.0,0.0,0.0,0.0,0.0,0.0,0.0,0.0,0.0,9.220285917457259e-05,-0.016400762386492736,-1.455079112171713e-05,0.00012214137302569704,-0.02251979419456315,-2.0060494782246276e-05,0.0,-0.0,-0.0,0.0,-0.0,-0.0,-0.0,-0.0,-0.0,-0.0,-0.0,-0.0,-0.0,-0.0,-0.0,-0.0,-0.0,-0.0,-0.0,-0.0,-0.0,-0.0,-0.0,-0.0,-0.0,-0.0,-0.0
-2 4 -2,0.0,-0.0,0.0,0.0,-0.0,0.0,0.0,-0.0,0.0,0.0,-0.0,0.0,0.0,-0.0,0.0,0.0,-0.0,0.0,0.0,-0.0,0.0,0.0,-0.0,0.0,0.0,-0.0,-0.0,0.0,-0.0,-0.0,-0.020063610596342322,-0.2047306253676429,0.004512622483556585,-0.09824245717720051,0.1802311228607663,0.0028584148420686345,-0.05604261889022758,0.04069292449196586,0.0033370709405510473,-0.07773730692562578,0.14000721512879394,0.0026667741708761633,-0.11520648160903448,0.16734536961962235,0.003911503151485081,-0.008997473423978207,-0.2809583732635325,0.004033758610126521,-0.036064509880060526,-0.08786488836069946,0.004194298060826901,-0.0024855385309336163,-0.3062580891192157,0.0030208371031333094,0.0006880945105447994,-0.2881752339588275,0.0019516385750635596,0.0009498284584970974,-0.03628836714552543,0.000141119732901166,0.0012178219719786421,-0.06982902018204569,0.0002113977583314609,-0.0,-0.0,0.0,0.0018881866006472373,-0.18176515513147812,0.0006367398315647848,0.001567578035876768,-0.1204038113790545,0.0003557644929279752,0.0018169347683452553,-0.2420391510456218,0.0011414406871244466,0.0007474571457390069,-0.018671539022818824,0.00010203472353209134,0.0,-0.0,0.0,0.0,-0.0,0.0,0.0,-0.0,0.0,0.0,-0.0,0.0,0.0,-0.0,0.0,0.0,-0.0,0.0,0.0,-0.0,0.0,0.0005611176368148236,-0.012506894527828287,4.247909206321205e-05,0.00032386878425539516,-0.012237408899423876,1.6657465618323665e-05,0.0007323710314959316,-0.010280223602881954,8.799867262741649e-05,0.0010586134464944928,-0.0005058638525728929,0.00019536877270890954,0.0,-0.0,0.0,0.0012057541406289049,-0.007997750999901646,0.00021997951310172604,0.0012780889717477362,-0.04385169481386197,0.00017374222756687762,0.0,-0.0,0.0,0.00129414490113002,-0.09907807562494761,0.0001119480086849009,0.0018640712438804993,-0.1822933411756704,0.0003084500064223059,0.0,0.0,0.0,0.0012963166704724795,-0.11668490320152484,0.0001263677245550962,0.0,0.0,0.0,0.0,0.0,0.0,0.002692325889523902,-0.26930705689082224,0.000660106543713397,0.0031705152381074466,-0.34335943188181095,0.0010152089257753289,0.0,0.0,0.0,0.0,0.0,0.0,0.0029636215174599794,-0.31224626170108305,0.0008164506363968145,0.0,0.0,0.0,0.0,0.0,0.0,0.0,0.0,0.0,0.0,0.0,0.0,0.0,0.0,0.0,0.0,0.0,0.0,-0.0,-0.0,0.0,0.0,0.0,0.0,0.0,0.0,0.0,0.0,0.0,0.0,0.0036846122731304496,-0.3946149542986613,0.0014240957649283175,0.004056209423337536,-0.4340649499171624,0.0021255887325010085,-0.0,-0.0,0.0,-0.0,-0.0,0.0,-0.0,-0.0,0.0,-0.0,-0.0,0.0,-0.0,-0.0,0.0,-0.0,-0.0,0.0,-0.0,-0.0,0.0,-0.00043424679765617636,-0.0,0.0,-0.046310331362792,-0.0,0.0
-2 4 -1,0.0,-0.0,-0.0,0.0,-0.0,-0.0,0.0,-0.0,0.0,0.0,-0.0,0.0,0.0,-0.0,0.0,0.0,-0.0,0.0,0.0,-0.0,0.0,0.0,-0.0,-0.0,0.0,-0.0,-0.0,0.0,-8.910166510449393,-0.0,0.015300449335100233,-4.105851723417063,0.023406041882304773,-0.009395190960153985,-5.31830101078404,-0.025017458673824326,0.006113987032788946,-4.842878410215948,0.021379403830370257,-0.0013785470080736795,-5.11558016439917,0.0036156063385130283,-0.01628170349349541,-5.454349955758663,-0.058168337353556795,0.017234802728147584,-3.6128554011981255,0.015814916916788338,0.01175808626558499,-4.5074313921930695,0.026921317565797933,0.017995591577324627,-3.0202910646341876,0.008249104211892124,0.017543321817456256,-2.3845160329484023,0.002830186646992535,0.005092422002503393,-0.32600854800502094,-0.0005770497461500653,0.007244210932723904,-0.5477529625846206,-0.0008515557412689362,0.0,-8.125024692922938,0.0,0.01303424296138662,-1.2792024711357692,-0.0010476243135521405,0.009988398474888251,-0.8645438353965447,-0.0011020889798520957,0.015777191690127555,-1.7891808241084688,-4.570875274492983e-05,0.003538375483966708,-0.18601642678138294,-0.00034785842336433864,0.0,-0.0,-0.0,0.0,-0.0,-0.0,0.0,-0.0,0.0,0.0,-0.0,-0.0,0.0,-0.0,0.0,0.0,-0.0,0.0,0.0,-0.0,0.0,0.0020392789344069323,-0.061733420751023914,1.0489558193729458e-05,0.0011594165421602246,-0.03509537715146785,0.00018914583794764957,0.0028205658275540194,-0.0957726182879063,-0.00015069098205459878,0.004422523129311666,-0.17597276588615704,-0.0008052499234706384,0.0,-1.2373433660891062,-0.0,0.0054587177807816105,-0.2531418479403265,-0.0008288074214282535,0.007586538317176895,-0.4985497974901395,-0.0009084191015318144,0.0,-3.171248512221311,-0.0,0.009736438179997649,-0.8154335050352624,-0.0011297004839136747,0.013879299520288652,-1.2252697700644042,-0.0016280827497313264,0.0,0.0,0.0,0.010400265239306745,-0.908536413815271,-0.0012145205899215853,0.0,0.0,0.0,0.0,0.0,0.0,0.017712250105150505,-1.6386567635655769,-0.002294735952388488,0.020193613522394592,-2.1000534114430622,-0.002357382995080259,0.0,0.0,0.0,0.0,0.0,0.0,0.018954704065853728,-1.8575900636117757,-0.002362780542960651,0.0,0.0,0.0,0.0,0.0,0.0,0.0,0.0,0.0,0.0,0.0,0.0,0.0,0.0,0.0,0.0,0.0,0.0,-0.0,-1.8973095624317737,0.0,0.0,0.0,0.0,0.0,0.0,0.0,0.0,0.0,0.0,0.023006541642003345,-2.613892168929345,-0.0017176917944472288,0.02647550265629765,-3.2385461307991488,-0.0008315635325452652,0.0,-4.56679533463257,-0.0,0.0,-5.320534165927847,0.0,-0.0,-6.788411902368441,0.0,0.0,-9.430854257832399,0.0,-0.0,-7.611117952539992,0.0,-0.0,-5.50074594869403,0.0,-0.0,-5.713618735667968,0.0,-0.0,-5.58384284198789,0.0,-0.0,-5.875323189654566,-0.0
-2 4 1,0.0,-0.0,-0.0,0.0,-0.0,-0.0,0.0,-0.0,0.0,0.0,-0.0,0.0,0.0,-0.0,0.0,0.0,-0.0,0.0,0.0,-0.0,0.0,0.0,-0.0,-0.0,0.0,-0.0,-0.0,0.0,-0.0,-0.0,0.016009657598090747,-3.5898834552101793,0.02453146912684845,0.032529437333220335,-5.157120673440153,-0.009828400223739838,0.022416339723834885,-4.335737538912711,0.026258297238364214,0.02657525168418184,-4.736766127071997,0.012813615265089597,0.04054708642043467,-5.565101444007381,-0.036252628320864594,0.014189132955761541,-3.172146340152059,0.016425681043375478,0.018958382277445812,-3.960787058084734,0.029265180077820446,0.013624085880367584,-2.674026619178238,0.008631836104624244,0.013494593291142741,-2.1334129083208078,0.0030998543687054997,0.0050654087957884815,-0.31969961001742675,-0.0005615140115928912,0.006969024792185146,-0.5269745967192947,-0.0008074237934594825,0.0,-0.0,0.0,0.011293579085754759,-1.1812022719357593,-0.000897749187510967,0.009169485711843508,-0.8147518783152592,-0.0010098165228573524,0.01283176404681256,-1.6229684028664775,0.00015964548588527698,0.0035868482447712576,-0.1853706400633045,-0.0003443374355477868,0.0,-0.0,-0.0,0.0,-0.0,-0.0,0.0,-0.0,0.0,0.0,-0.0,-0.0,0.0,-0.0,0.0,0.0,-0.0,0.0,0.0,-0.0,0.0,0.0020440043677582348,-0.06236817629398208,5.29945243727358e-06,0.0011496557552215863,-0.035071664700071496,0.00018720290267446057,0.0028785435711320734,-0.09748959865000312,-0.00015314147747775913,0.004630357786932013,-0.18075207710656138,-0.0008020950618824739,0.0,-0.9540076730059286,-0.0,0.005685738598676961,-0.2581189821317123,-0.0008219760576078723,0.00780457095010103,-0.4965714987851999,-0.0009078071321598666,0.0,-2.572940226566778,-0.0,0.009400507781823197,-0.7964563422115075,-0.0011068540050396545,0.012958874952421356,-1.1650292089358834,-0.0014880668199682096,0.0,0.0,0.0,0.010158717335200835,-0.8830904844195431,-0.0011888739373016658,0.0,0.0,0.0,0.0,0.0,0.0,0.015914340874791204,-1.5316104998372808,-0.002008061429380879,0.01669734087619463,-1.9096601575746945,-0.00200077158170772,0.0,0.0,0.0,0.0,0.0,0.0,0.016378004216747503,-1.7163524028097332,-0.002026311542337333,0.0,0.0,0.0,0.0,0.0,0.0,0.0,0.0,0.0,0.0,0.0,0.0,0.0,0.0,0.0,0.0,0.0,0.0,-0.0,-0.0,0.0,0.0,0.0,0.0,0.0,0.0,0.0,0.0,0.0,0.0,0.017433650270744575,-2.318545457113262,-0.0013585681145490758,0.018057190691854328,-2.8328845017051245,-0.0005501552682416852,0.0,-3.496506553659782,-0.0,-0.0,-3.7736216694707205,0.0,-0.0,-0.0,0.0,-0.0,-0.0,0.0,-0.0,-0.0,0.0,-0.0,-3.4046912848047715,0.0,0.0,-3.3671444653755427,0.0,0.0,-3.5693853541524874,0.0,0.0,-4.279597714518767,0.0
-2 4 2,0.0,-0.0,0.0,0.0,-0.0,0.0,0.0,-0.0,0.0,0.0,-0.0,0.0,0.0,-0.0,0.0,0.0,-0.0,0.0,0.0,-0.0,0.0,0.0,-0.0,0.0,0.0,-0.0,0.0,0.0,-0.0,0.0,-0.008922637002376698,-0.6233641353301071,0.005149112692722337,-0.04525107758669644,-1.652008876052819,0.0012026461066143308,-0.02711074964093658,-0.9667318046922634,0.003683663027392674,-0.03706502748492454,-1.2714306317137347,0.00231571604890886,-0.05070574055504337,-2.0480639263073757,0.0004906099311587213,-0.003125643046728801,-0.5263253395261434,0.004648789022574793,-0.01720187244132238,-0.7569893787551373,0.004790964042944424,0.00012557920298534952,-0.43249017857693434,0.0035920824050262646,0.0014619158671721592,-0.3355356018406431,0.0024493698366835257,0.001055968745701724,-0.03008011828909319,0.00021535342168003241,0.0012456793565796198,-0.05962244654516073,0.0003387045689982584,0.0,-0.0,0.0,0.001644421356567526,-0.16889960414449157,0.0009311338559368158,0.0014416835108054921,-0.10629692124313485,0.0005568791347506604,0.00175492742136381,-0.24563918792394582,0.0015403434698588053,0.0008558169877544427,-0.015129811442570074,0.00014196771577178462,0.0,-0.0,0.0,0.0,-0.0,0.0,0.0,-0.0,0.0,0.0,-0.0,0.0,0.0,-0.0,0.0,0.0,-0.0,0.0,0.0,-0.0,0.0,0.0005865421762427202,-0.010980700725089443,5.2783907850538566e-05,0.0003206838840319279,-0.011339253176131497,1.9842939660997115e-05,0.0008166897068621088,-0.008327032779356414,0.00010526474227586786,0.0013026640912270158,0.002579079878202994,0.00023123177343697325,0.0,-0.0,0.0,0.001475931783906736,-0.003886898519465902,0.0002680611695628972,0.0016279711352939585,-0.03478389103190944,0.00028791667198281454,0.0,-0.0,0.0,0.0014316730549966423,-0.0833520402712643,0.00033278358811052893,0.0014987247021763165,-0.1551236340240762,0.0006023315271945894,0.0,0.0,0.0,0.0014585473239462337,-0.09938739961846739,0.00036570046892226224,0.0,0.0,0.0,0.0,0.0,0.0,0.001697904733998438,-0.2342029472174243,0.0009971270591702455,0.0022136159622074612,-0.30955683967482767,0.001522995411346243,0.0,0.0,0.0,0.0,0.0,0.0,0.001919663133066505,-0.27960192049087146,0.001224631625056586,0.0,0.0,0.0,0.0,0.0,0.0,0.0,0.0,0.0,0.0,0.0,0.0,0.0,0.0,0.0,0.0,0.0,0.0,-0.0,-0.0,0.0,0.0,0.0,0.0,0.0,0.0,0.0,0.0,0.0,0.0,0.002662299904785967,-0.36243433678146336,0.002095193966803612,0.003042759462189631,-0.4336585830076464,0.002927216961240948,0.0,-0.0,0.0,-0.0,-0.0,0.0,-0.0,-0.0,0.0,-0.0,-0.0,0.0,-0.0,-0.0,0.0,-0.0,-0.0,0.0,-0.0,-0.0,0.0,-0.0,-0.0,0.0,-0.0,-0.0,0.0
-2 4 3,0.0,-0.0,0.0,0.0,0.0,0.0,0.0,0.0,0.0,0.0,-0.0,0.0,0.0,-0.0,0.0,0.0,-0.0,0.0,0.0,-0.0,0.0,0.0,-0.0,0.0,0.0,0.0,0.0,0.0,0.0,0.0,0.0001905332092955747,-0.011185422664455203,4.702668439344328e-05,0.0005235699123372943,-0.0927974818336162,4.174961919642004e-05,0.00027416396449561766,-0.042498698229660306,4.152475117114663e-05,0.0003771358605348962,-0.06592827222637002,3.9477404869652034e-05,0.000678285076665453,-0.1192231009564324,4.69754914763402e-05,0.0001683844717456622,-0.0033925620148912115,4.365481960631127e-05,0.0002185013183520269,-0.024171211316870864,4.5437507485710036e-05,0.0001403665174766812,4.748213065299108e-05,3.594113191880986e-05,0.00010766278409916819,0.0007968677247065624,2.673181356143698e-05,2.1700226195621047e-05,0.00024737104637891305,2.745019570173431e-06,2.8066087064990605e-05,0.00022218071907554465,4.5965795175478985e-06,0.0,0.0,0.0,5.3575463969185155e-05,0.00023574585758198748,1.2169980067036673e-05,3.775916428524918e-05,0.00016820102423322495,7.623468621859917e-06,7.717460750715618e-05,0.0005318047601376458,1.8513537912371134e-05,1.6461888293315207e-05,0.00018905134799986797,1.6498253608206832e-06,0.0,-0.0,0.0,0.0,-0.0,0.0,0.0,-0.0,0.0,0.0,0.0,0.0,0.0,-0.0,0.0,0.0,-0.0,0.0,0.0,-0.0,0.0,8.660638577949217e-06,-8.920522238203725e-05,4.5671886641956373e-07,3.267755327262222e-06,-0.00023331299476643993,6.271778918362521e-08,1.4131419654737976e-05,8.4972312584415e-05,1.0127378025107759e-06,2.7879412391028134e-05,0.000660139673536525,2.511931444166894e-06,0.0,0.0,0.0,3.146453055843205e-05,0.0007332255853300297,2.9229509439990362e-06,3.297405942513845e-05,0.0006866391093780644,3.889989134956309e-06,0.0,0.0,0.0,3.1454739127039244e-05,0.0002858286080712882,5.107276801416552e-06,3.4697973672243455e-05,-0.000292635764531069,9.076440526227742e-06,0.0,0.0,0.0,3.18206554548194e-05,0.00014754353486216796,5.688209951287559e-06,0.0,0.0,0.0,0.0,0.0,0.0,4.704552232398639e-05,-0.0006930350151293508,1.4632765969855922e-05,8.314481640839597e-05,-0.00018059751193972358,2.1448606660120938e-05,0.0,0.0,0.0,0.0,0.0,0.0,6.311010220945575e-05,-0.0007106659767652771,1.8193263072049513e-05,0.0,0.0,0.0,0.0,0.0,0.0,0.0,0.0,0.0,0.0,0.0,0.0,0.0,0.0,0.0,0.0,0.0,0.0,0.0,-0.0,0.0,0.0,0.0,0.0,0.0,0.0,0.0,0.0,0.0,0.0,0.00011676505152729484,0.0008119630672683478,2.682879260127553e-05,0.00015755939599405137,0.002081519993181088,3.474309176415412e-05,0.0,-0.0,0.0,0.0,-0.0,0.0,0.0,-0.0,0.0,0.0,-0.0,0.0,0.0,-0.0,0.0,0.0,-0.0,0.0,0.0,-0.0,0.0,0.0,-0.0,0.0,0.0,-0.0,0.0
-1 1 -4,0.0,0.0,-0.0,0.0,0.0,-0.0,0.0,0.0,-0.0,0.0,0.0,-0.0,0.0,-0.0,0.0,0.0,-0.0,-0.0,0.0,-0.0,-0.0,0.0,0.0,-0.0,0.0,0.0,-0.0,0.0,0.0,-0.0,0.05431563211875595,4.390245642458514,-0.01039718874949305,0.020353208712844937,7.559499341922818,-0.019315388827264513,0.047983505643912606,6.431290277230666,-0.015015877172752547,0.03592145525287694,7.111670427573331,-0.01729024699761762,0.004444637300995958,7.805568377439224,-0.02083763637034569,0.04873560638611361,3.221688860669341,-0.008161814213284104,0.054328433648270565,5.508453651300824,-0.01269160360389781,0.03946918191301112,2.1845227821512756,-0.006052101367723966,0.029284147039507546,1.3900321899459553,-0.004212051121630847,0.006050282404086131,0.09151338404881959,-0.00023571428581405107,0.008329143024067957,0.15688072654205193,-0.0005021885948003252,0.0,0.0,-0.0,0.014854610084675975,0.49473199305478766,-0.0016981475419652334,0.011055777847683499,0.2797352018304111,-0.0009676963209521461,0.02074751259569487,0.8450081556078861,-0.0027595539341032254,0.004116238522916484,0.05399850187083129,-0.00010030635275826524,0.0,0.0,-0.0,0.0,0.0,-0.0,0.0,0.0,-0.0,0.0,0.0,-0.0,0.0,0.0,-0.0,0.0,-0.0,-0.0,0.0,-0.0,-0.0,0.0014888446328833124,-0.0007796326948452093,1.8244387244593948e-06,0.0005364537439102174,-0.03477420295504645,-1.3422863511611544e-06,0.002753908973575942,0.03440754075180323,-1.0154235927316564e-05,0.006135235147502551,0.15002514236973818,-4.1885037461187875e-05,0.0,0.0,-0.0,0.007379058763051051,0.13897980633585388,-0.00011016459889682418,0.009651917312038629,0.10108822008748833,-0.0003617897058851667,0.0,0.0,-0.0,0.013332712490863256,0.11539249830960702,-0.0005742538871255661,0.013632499557002693,0.30813359240445704,-0.001246867857274107,0.0,0.0,0.0,0.01374480087260381,0.1348418168156734,-0.0006953956921866106,0.0,0.0,0.0,0.0,0.0,0.0,0.015280584492564407,0.46391614700138,-0.0019866742590850853,0.017563935797167907,0.9136438503455164,-0.0030535130975038382,0.0,0.0,0.0,0.0,0.0,0.0,0.01618412502759576,0.7147773123234366,-0.0025289184580210536,0.0,0.0,0.0,0.0,0.0,0.0,0.0,0.0,0.0,0.0,0.0,0.0,0.0,0.0,0.0,0.0,0.0,0.0,0.1680685944089199,0.0,-0.0,0.0,0.0,0.0,0.0,0.0,0.0,0.0,0.0,0.0,0.024960539235114074,1.2138630712675698,-0.004133771463451635,0.03430866830584395,1.6585861950947425,-0.005552803428787299,0.02740471551358441,0.0,-0.0,0.0796675850731706,1.2470898813440399,-0.0,0.0572420555330719,0.0,-0.0,0.0,0.0,-0.0,-0.0,0.0,-0.0,0.09715656381545665,3.3248480696774765,-0.0,0.07836159135468294,5.2131217738520075,-0.0,0.044042518505867906,5.769797339808589,-0.0,0.0,7.639359433002757,-0.0
-1 1 -3,0.0,-0.0,-0.0,0.0,0.0,-0.0,0.0,-0.0,-0.0,0.0,-0.0,-0.0,0.0,-0.0,-0.0,0.0,-0.0,-0.0,0.0,-0.0,-0.0,0.0,0.0,-0.0,0.0,0.0,-0.0,0.0,0.0,-0.0,0.0356594106548899,-1.0710801950375752,-0.06762429725820189,0.08458555331907369,-2.937854180980642,-0.11617494333633145,0.0616353831377313,-2.3262592529747863,-0.09754341791222271,0.07544133677570998,-2.7422026517209304,-0.10899526496252349,0.08759553391084489,-2.9170238851569454,-0.11873205929414521,0.028192586537268076,-0.4160107385327494,-0.05272499817319143,0.047252251974187295,-1.743601070377709,-0.08319213876422811,0.02438261693327491,0.1045641942304959,-0.03998472843154825,0.02253001635489075,0.41708434479083717,-0.02982875488874617,0.0131870311567608,0.04444154910501161,-0.003703489578337805,0.01544114327582301,0.15947789016093802,-0.006273921872970929,0.0,-0.0,-0.0,0.019253538969810177,0.4477639125476604,-0.015279759170465635,0.017390928655477877,0.3046032215627037,-0.010098128591492651,0.02101145812080562,0.5140071128089385,-0.02179013349738755,0.010586209672016117,-0.04209134991915091,-0.002092047846971342,0.0,-0.0,-0.0,0.0,-0.0,-0.0,0.0,-0.0,-0.0,0.0,0.0,-0.0,0.0,-0.0,-0.0,0.0,-0.0,-0.0,0.0,-0.0,-0.0,0.006280256342495025,-0.20052926448318886,-0.0003467547497189495,0.002853598366022733,-0.2976447207166067,-5.446919484625279e-05,0.009860961048506037,-0.12497430231184903,-0.0010020230901783885,0.019833786557459394,0.16488359478613465,-0.0025798589484573855,0.0,0.0,-0.0,0.019242225988968045,0.13857522843999442,-0.0034869501202918363,0.01591106876690835,0.15462127261143524,-0.005953856359504967,0.0,0.0,-0.0,0.02049060927963593,0.22588825195764572,-0.008178706706717527,0.018350024711092507,0.5307165906362924,-0.013321107768454184,0.0,0.0,0.0,0.01984869117517685,0.29539218092136293,-0.009389030542624858,0.0,0.0,0.0,0.0,0.0,0.0,0.0199435919741247,0.4945324743909595,-0.019398632267471634,0.018958743122228755,1.2245544299961826,-0.026127169553574265,0.0,0.0,0.0,0.0,0.0,0.0,0.02062837238579694,0.9682484617638134,-0.022711453487713855,0.0,0.0,0.0,0.0,0.0,0.0,0.0,0.0,0.0,0.0,0.0,0.0,0.0,0.0,0.0,0.0,0.0,0.0,0.0,-0.0,-0.0,0.0,0.0,0.0,0.0,0.0,0.0,0.0,0.0,0.0,0.028150582598413205,0.9533463498379937,-0.03339880402926466,0.03382372840779965,0.7880883352034299,-0.040993259177941097,0.0,0.0,-0.0,0.0,-0.0,-0.0,0.0,-3.0327376714310583,-0.0,0.0,-1.6911929638938983,-0.0,-0.0,-0.21385949991343148,-0.0,0.0,-0.636510539961752,-0.0,0.023640882324218838,-1.738983715481426,-0.0,0.024900704187365258,-2.607340290009146,-0.0,0.004903894163404014,-2.7219360017564296,-0.0
-1 1 -2,-0.0,-0.0,-0.0,0.0,-0.0,0.0,0.0,-0.0,0.0,0.0,-0.0,0.0,0.0,-0.0,0.0,0.0,-0.0,0.0,0.0,-0.0,0.0,-0.0,-0.0,-0.0,-0.0,0.0,-0.0,-0.0,0.0,-0.0,-0.09884593854667469,4.290803994433172,-0.14231444973567656,-0.1622186142307249,4.65508463159822,-0.13411408673466402,-0.1457235611349838,5.307519355190155,-0.14851589720034272,-0.15834395268934714,5.209635428911603,-0.1431599121603915,-0.15962150279074444,3.794507960341395,-0.12269074424091377,-0.07121475673554888,3.466766512289077,-0.12762241951414932,-0.12496086408832048,4.960368677429112,-0.14877810697365684,-0.04573140165504792,2.6136955587263064,-0.1049884459732797,-0.025409579842723844,1.7984881555272596,-0.07799653709253535,0.001107025514994772,-0.3398233328220285,0.0026426054780548146,-0.00019679847424565952,-0.17587935534077292,-0.0019298862406018477,-0.00028508783479454285,1.6531758399574115,-0.0,-0.004958688239388347,0.5077502734052831,-0.028942689133849293,-0.001830682334317468,0.09585717238665399,-0.012174625018599582,-0.012007658145340947,1.0798891696465434,-0.05150858150071916,0.0021011105533749576,-0.42054176537453225,0.0036905519663809534,-0.0,-0.0,-0.0,-0.0,-0.0,-0.0,0.0,-0.6410824970164849,0.0,0.0,-0.0,0.0,0.0,-0.9380185742844097,0.0,0.0,-0.0,0.0,0.0,-0.7133815314885442,0.0,0.0035420851055190166,-0.5112380205268342,0.003545064262564637,0.001927907620966315,-0.4880059461965747,0.002556597050229319,0.004206495570007297,-0.5625567173036526,0.002833302704746186,0.006958365558089114,-0.6584468015257171,0.004425822217694753,-0.0,0.0,-0.0,0.0030748622386860196,-0.5680509068099578,0.006778086502194015,-0.006023277188439512,-0.04976772082935927,0.008662905289680826,-0.0,0.9877674028504233,-0.0,-0.005509601849276956,0.09129170146839817,0.007136977722568207,-0.004257356516247631,0.25356026157719463,-0.015645794698404443,0.0,0.0,0.0,-0.005992441733225512,0.17343707889056656,0.0018497970800084053,0.0,0.0,0.0,0.0,0.0,0.0,-0.0005157063062321072,0.3829247289468769,-0.039359638636571014,-0.005589793135083446,1.4495637819916036,-0.06886530352550707,0.0,0.0,0.0,0.0,0.0,0.0,8.75656907407333e-05,0.9127153964052032,-0.05172523271283632,0.0,0.0,0.0,0.0,0.0,0.0,0.0,0.0,0.0,0.0,0.0,0.0,0.0,0.0,0.0,0.0,2.6750362800125007,0.0,-0.0922864980916087,0.8907106679736104,-0.0,0.0,0.0,0.0,0.0,4.332613166680297,0.0,0.0,2.626919612838786,0.0,-0.010699801920957663,1.9131762873832847,-0.09910355476157613,-0.020919036432893955,2.7656823561061503,-0.12463339919834805,-0.0,2.250116383896491,-0.048008265325339895,-0.058212999907212314,1.994032584294201,-0.11166491794281111,-0.22716313341549507,0.0,-0.0,-0.21718100423988387,0.06263980150387459,-0.0,-0.15189121644234682,0.0,0.0,-0.12725808076364217,2.496911678021649,-0.1477767407339469,-0.16688904437067084,3.818115253354608,-0.1458322660715969,-0.20116266629918117,2.5391571501613406,-0.08931349878975835,-0.20783875879091412,0.1938226731294592,-0.0
-1 1 -1,-0.0,-0.0,0.04261594059763354,-0.0,0.0,0.046280136588574876,-0.0,-0.0,0.004778795555643233,-0.0,-0.0,0.004771853337898635,-0.0,0.0,0.001237998642608072,-0.0,0.0,0.0,-0.0,0.0,0.0,-0.0,-0.0,0.0010154404713930483,-0.0,-0.0,0.0,0.0,-0.0,0.019890496870272025,-0.0029199297574752565,0.1790387279463699,0.08889659700510011,0.001388019917576511,0.7875622581168583,0.06386756427222262,-0.0046128311698059666,0.4486048595321246,0.09053030742930877,-0.0027347477653176288,0.6167926801317362,0.07863001801396131,0.0069245578048843385,0.9395228936257984,0.05057870356601528,-0.0013363365832190824,0.09223172347521617,0.07504414702293305,-0.004382173611216237,0.2994996655058173,0.09471940670111041,-0.0003617538277328076,0.03852382421163313,0.05864112713954269,-0.0001344409784324511,0.011007824371822883,0.045318270982759826,-0.0010825541699091934,-0.00015547142884884905,0.026692877191238307,-0.0012371898995259627,-0.0007299596702436713,0.030210248932053044,0.0,0.0,0.0712518836941907,-0.0008533995785604373,-0.0023206866529775563,0.033665519168843284,-0.001169026297750416,-0.001723805364743498,0.03201951435173818,-0.0004152047040853443,0.00013094197000132262,0.03735750701499967,-0.0008207346729695235,3.4669979547242245e-05,0.021584448178635307,-0.0,-0.0,0.04339000645479938,-0.0,-0.0,0.02006971078284487,-0.0,-0.0,0.008980924784677886,-0.0,-0.0,0.039136521674999,-0.0,0.0,0.008348544687746182,-0.0,0.0,0.0,-0.0,0.0,0.0005363834458286927,-0.0003664621324494629,0.00011228837144886982,0.017230200966339877,-0.00016918489279774457,0.00010441473210363572,0.011074400507736514,-0.0006516797452114597,0.00011313598076657747,0.008913221019929005,-0.0013775426813428667,-8.990586193295269e-05,0.01703518258518651,-0.0,-0.0,0.0052490280768367195,-0.001427478190449734,-5.4511370522491256e-05,0.03535356763989605,-0.0018232793290000606,0.000594760343414003,0.06183244634136958,-0.0,-0.0,0.016228327762113515,-0.0022899111774268106,0.0004352554384715841,0.048154168665209246,-0.0018230812460633932,-0.0025839006433966533,0.027224111214905648,0.0,0.0,0.0,-0.0023197809295089247,8.80267752608341e-05,0.04075850075022382,0.0,0.0,0.025868922381622566,0.0,0.0,0.05881048807167181,-0.0006933994731197414,-0.006542103548128305,0.014160989911944047,6.574539177777677e-05,-0.0074348167512163135,0.035422011938443694,0.0,0.0,0.012724603703096202,0.0,0.0,0.066124344813541,1.5781117148839762e-05,-0.007651749717145852,0.026465448140828275,0.0,0.0,0.18726363038323993,0.0,0.0,0.14336630087835012,0.0,0.0,0.19586033230410474,0.0,0.0,0.1960166092065695,0.0,0.0,0.1757142230006623,0.0,0.0,0.11842306816413879,0.0,0.0,0.13382178238219544,0.0,0.0,0.15487350991366292,0.0,0.0,0.10533013672448059,0.0,0.0,0.1313121582515432,0.0006793394145915008,-0.008269584262393152,0.05204581239772362,0.001600841106496061,-0.009193294871640887,0.04825876842858417,-0.0,0.0,0.03848972824034998,-0.0,0.0,0.07633458538497945,-0.0,0.0,0.13871336951403387,0.0,0.0,0.11844754036496588,0.0,0.0,0.11218789229032887,-0.0,0.0,0.10496071042765191,-0.0,0.0,0.1144408616777116,-0.0,0.0,0.1180272768006424,-0.0,0.0,0.11215191358638742
-1 1 1,-0.0,0.0,0.0,-0.0,-0.0,0.0,0.0,-0.0,0.0,0.0,-0.0,0.0,0.0,-0.0,0.0,-0.0,-0.0,0.0,-0.0,-0.0,0.0,-0.0,0.0,0.0,-0.0,0.0,0.0,-0.0,0.0,0.0,-0.00984572616367934,0.004752407694681231,-0.006598933117416075,-0.02297091882686233,-0.2708269142576107,0.06431393614698695,-0.01688097284631569,-0.07741254119803828,0.02324619033084875,-0.020406621603003012,-0.16383636391637604,0.04252130234728013,-0.024192881920083887,-0.38011272829717946,0.08643414810595156,-0.007181592687965721,0.012455702486432593,-0.015236957387408394,-0.0131588428394385,-0.021689049109018994,0.006731404427008387,-0.005185763855187354,0.01309925906270135,-0.018495869859631486,-0.0037936748487160566,0.01275475088551201,-0.017402828137332974,-0.0003474715408444725,0.0025244891559912243,0.0009038863995429475,-0.0007942627805326167,0.004863628245176111,-0.0016269029534483118,-0.0,0.0,-0.0,-0.002085147254897798,0.010365297991267671,-0.008890065082932769,-0.0014006837394379616,0.0077157314759821955,-0.004774815776143799,-0.002836815787586694,0.012078731732620541,-0.013607484687287242,-0.00010045188574776857,0.0010228903153820946,0.0029087521216967054,-0.0,0.0,0.0,-0.0,0.0,0.0,0.0,-0.0,0.0,-0.0,0.0,0.0,0.0,-0.0,0.0,-0.0,-0.0,0.0,0.0,-0.0,0.0,2.8191928021636796e-05,-0.00018521446582402123,0.011175958997485195,-1.1214555398782716e-05,-0.0002572170839770431,0.009362901253140309,3.850346180145825e-05,3.0138430264942014e-05,-0.0040979589417039905,7.598409085892021e-05,0.00020002352644957978,-0.01368994680099634,-0.0,0.0,0.0,0.00011920391886297262,0.0007687818666396082,-0.0005550692575095019,-0.0002589706022459791,0.004315452266328208,0.013684975537714115,-0.0,0.0,0.0,-0.0013855511173502227,0.009086817221098628,-0.007493089197315958,-0.002592152733699643,0.012946330275377291,-0.013841554929691666,0.0,0.0,0.0,-0.0017172738905131164,0.010135377155148746,-0.012527932793762946,0.0,0.0,0.0,0.0,0.0,0.0,-0.003739824570287559,0.017330188742058036,-0.00603831137013077,-0.0031684560016911065,0.017809563612723192,-0.01714692430539504,0.0,0.0,0.0,0.0,0.0,0.0,-0.0035016428494099444,0.017915072884892667,-0.003695219699195307,0.0,0.0,0.0,0.0,0.0,0.0,0.0,0.0,0.0,0.0,0.0,0.0,0.0,0.0,0.0,0.0,0.0,0.0,-0.0,-0.0,0.0,0.0,0.0,0.0,0.0,0.0,0.0,0.0,0.0,0.0,-0.003168705196076601,0.016847490766565935,-0.02475015658888364,-0.004133835250378099,0.015297740937045506,-0.047789348031553415,-0.0,0.0,0.0,-0.0,0.0,-0.0,-0.0,-0.0,-0.0,-0.0,-0.0,0.0,-0.0,-0.0,0.0006422215941953807,-0.0,-0.0,-0.0,-0.0,-0.0,-0.0,-0.0,-0.0,0.0,-0.0,-0.0,0.0009144450574980255
-1 1 2,0.0,-4.610588832420983,-0.0,0.0,-2.267350529570467,-0.0,0.0,-3.6196813739980436,-0.0,0.0,-3.564857573812521,-0.0,0.0,-2.7728115863960765,0.0,0.0,-0.0,0.0,0.0,-0.0886087658439138,0.0,-0.0,-4.480821090502994,-0.0,-0.0,-3.917944493499381,-0.0,-0.0,-1.5227233562911604,-0.0,-0.017479737124844536,-5.786405953283641,-0.1655737455986981,-0.08097086472061156,-3.9347750084558437,-0.21202584772333544,-0.04585943375056228,-5.522820812457334,-0.19157689236253597,-0.06237673455157035,-4.81953269107346,-0.201125794491631,-0.09915478035243804,-3.0960506876818434,-0.22352407750626213,-0.0032433167757582315,-5.333412682925151,-0.14748889384788194,-0.0314043635581425,-5.863963566770405,-0.18052919243639634,0.010431943155636593,-4.626614863349761,-0.12863019250051433,0.021468891813831457,-3.858407686950802,-0.11042142179521323,0.021086503202566307,-1.4888257898830566,-0.01983532818967991,0.02628281781949379,-1.8837486473006253,-0.034690855035322606,-0.0,-4.119301282798862,-0.0,0.030867790591749617,-2.6949515214760145,-0.07317435088117331,0.029894109105920715,-2.2802171773988333,-0.0532521475039045,0.028308832606435734,-3.1998345320722543,-0.09233893295901457,0.015561968060076727,-1.126528820038069,-0.009781318355773018,0.0,-3.5677326887508185,-0.0,0.0,-3.710327404800239,-0.0,0.0,-2.617463616212698,-0.0,0.0,-2.7618083677744885,-0.0,0.0,-2.4635917127550164,0.0,0.0,-0.05215319427100528,0.0,0.0,-1.6171976714169563,0.0,0.007510390360884695,-0.6522763125476267,0.0007459427171840106,0.003321870830178039,-0.53289148680625,0.0014726932336690613,0.012274088146370848,-0.9030356565716245,-0.002898020299541368,0.025835030244255253,-1.5300024547580662,-0.009416967999500475,0.0,-3.146563637753244,-0.007761254209592901,0.026855258513892494,-1.7536763500420256,-0.014436756325765332,0.031348388096539954,-2.186946299793574,-0.03142419282480915,-0.0,-2.9585322795912377,-0.04905416217929968,0.04141564962263629,-2.8268906639249085,-0.061173772738071376,0.04070238880414359,-2.8534769793840735,-0.08345259517311653,0.0,-5.57458058887912,0.0,0.04440908266515804,-2.9970190317951824,-0.06624519526389068,0.0,-5.6958356664880005,0.0,0.0,-5.334282608199408,0.0,0.034633280619313485,-2.902374291859435,-0.10564283832708073,0.03321301028073248,-3.2273796088823854,-0.11743759394277,0.0,-6.634924148313806,0.0,0.0,-7.717384696958625,0.0,0.03516524295811679,-3.168502828848967,-0.11547585050199134,0.0,-12.70195902766179,0.0,0.0,-6.974115209206238,0.0,0.0,-11.631713624104572,0.0,0.0,-12.477140469017389,0.0,0.0,-10.409009577047595,0.0,0.0,-11.393199002166266,0.0,-0.0,-5.609163955619414,-0.052542913237883716,0.0,-10.035713675904505,0.0,0.0,-11.540821497450999,0.0,0.0,-11.39087385370489,0.0,0.030288809534325764,-3.3649986097592173,-0.11982271389100185,0.021953087714314916,-4.1629963062550726,-0.13913595470423762,-0.0,-3.8381789912382827,-0.09862908234391268,-0.005567053242129735,-4.320496499695711,-0.18547201428439694,-0.0,-3.325985350508067,-0.17482355876884276,-0.0,-3.7599250982484795,-0.012079753812999005,-0.018521687722798687,-4.016794960973933,-0.0,-0.039110048830278216,-5.43701814072258,-0.21736152828158892,-0.04552842038985079,-4.875754964967156,-0.1865704671293194,-0.07818991743007234,-5.501858096466778,-0.12753185419197108,-0.07695637448138934,-5.037380709341356,-0.11656562146378383
-1 1 3,0.1686881486422309,-0.0,-0.0,0.145196410174551,-0.0,-0.0,0.023658566107452924,-0.0,-0.0,0.0,-0.0,-0.0,0.0,-0.0,-0.0,0.0,-0.0,-0.0,0.0,-0.0,-0.0,0.21436492912117822,-0.0,-0.0,0.22184315525952925,0.0,-0.0,0.266261631086898,0.0,-0.0,0.15711633690396165,0.9574168907880243,-0.07784826009123419,0.24400037964503724,1.9378607743090641,-0.1214482441264803,0.1973560297627448,1.4450248968789565,-0.10381908458465529,0.22161501448879606,1.6610541810965087,-0.11374489091845909,0.2610257401809684,2.309465398885692,-0.1263955331584591,0.14124100629633907,0.6809487173305948,-0.0631469278548446,0.17537271965993115,1.2176389886072094,-0.09180936323509668,0.12617915641213004,0.3810514267202914,-0.049570611500664094,0.11159139108676557,0.038509841460295804,-0.038329185763016395,0.03930201504552932,-0.6191395227232739,-0.007084328334786953,0.05398819460503317,-0.7532193906277178,-0.011035490464843999,0.24066371087827296,0.0,-0.0,0.08363020114753499,-0.6197220645462364,-0.022190830278711455,0.06910844325594957,-0.7716408535664938,-0.016093945113460247,0.09756518514838108,-0.32149023680213834,-0.029428370313459237,0.02660809702278118,-0.4584504519312277,-0.0042413080187715686,0.11273098430954491,-0.0,-0.0,0.1351815352259669,-0.0,-0.0,0.024863423946902115,-0.0,-0.0,0.08819185555823295,-0.0,-0.0,0.0,-0.0,-0.0,0.0,-0.0,-0.0,0.0,-0.0,-0.0,0.009845960249636977,-0.26123349853692424,-0.0009186880057704612,0.003980540345369767,-0.29453091523604386,-0.0002501153743019209,0.017852699324713166,-0.3165992553767541,-0.0021547350518624038,0.039475616689769844,-0.37380363552180074,-0.0052704487566519334,0.16142131420232014,-0.0,-0.0,0.04573844844643016,-0.5964925262639191,-0.007094089486957941,0.06260198322013096,-1.1818979355595083,-0.011895544424233646,0.18348738909630286,0.0,-0.0,0.08655886985949346,-1.616168571699564,-0.01741734451591495,0.0954471222338228,-1.0102680271936524,-0.02244245194746162,0.0,0.0,0.0,0.0925660567050896,-1.5927847490002778,-0.018442099979244526,0.0,0.0,0.0,0.0,0.0,0.0,0.10131247271665404,-0.7825602672008541,-0.027994971236843677,0.10815181368625142,-0.1957523305625713,-0.03442637574220671,0.0,0.0,0.0,0.0,0.0,0.0,0.10674799538494863,-0.6032065530307997,-0.03152230644013571,0.0,0.0,0.0,0.0,0.0,0.0,0.0,0.0,0.0,0.0,0.0,0.0,0.0,0.0,0.0,0.0,0.0,0.0,0.18967729722567775,-0.0,-0.0,0.0,0.0,0.0,0.0,0.0,0.0,0.0,0.0,0.0,0.11737896462766975,0.6745145589308682,-0.03984132593267681,0.12723210206684726,1.1410941144559765,-0.0472860529441556,0.19420724318610844,0.0,-0.0,0.19982766078616532,0.0,-0.0,0.26887208298326665,-0.0,-0.0,0.30907858200881944,-0.0,-0.0,0.3412622184718459,-0.0,-0.0,0.19656563020804518,0.0,-0.0,0.21337562686438766,0.0,-0.0,0.22891082573273494,0.20034617855875414,-0.0,0.25443657620991367,1.7942806794265682,-0.0
-1 1 4,0.0,0.0,-0.0,0.0,0.0,-0.0,0.0,0.0,-0.0,0.0,0.0,-0.0,0.0,-0.0,-0.0,0.0,-0.0,-0.0,0.0,-0.0,-0.0,0.0,0.0,-0.0,0.0,0.0,-0.0,0.0,6.066068315389206,-0.0,0.034807515260702915,6.970734360667035,-0.01126161179106788,0.0036870389830782153,11.96638169407634,-0.020933159195402975,0.026526087399947718,9.442902627179564,-0.016431960835351922,0.01622605783106886,10.69838006886112,-0.018864639016233153,-0.008779145549508944,13.11892854025183,-0.022380735782262177,0.033021092226453365,5.61514784881716,-0.008716929419067092,0.03289114022184476,8.224797124562793,-0.013860843188097964,0.0290808109708969,4.205674023049508,-0.006357274979233686,0.02470637726291346,2.8988331261820237,-0.004362531462488027,0.008640728223802725,0.1482089595248348,-0.00029742547253498866,0.011928233882861633,0.298284685698896,-0.0005795356536910944,0.0,19.17331254608967,-0.0,0.017989191165948822,1.081115464355161,-0.0017742306924658981,0.015098258369758226,0.5868367317122432,-0.00104887379895273,0.02099761956520056,1.8414784835327895,-0.002845283968885207,0.00571327316954309,0.07507078891366198,-0.00014230678042285853,0.0,0.0,-0.0,0.0,0.0,-0.0,0.0,0.0,-0.0,0.0,0.0,-0.0,0.0,0.0,-0.0,0.0,-0.0,-0.0,0.0,-0.0,-0.0,0.0017748463284933923,0.00771074013645308,-1.0244560328758004e-05,0.0006216846381153803,-0.025163289810608613,-5.100937228808202e-06,0.0034863128022960344,0.039770522036439125,-3.466369854824937e-05,0.008039067845026532,0.14699696153920097,-9.999677353714353e-05,0.0,0.0,-0.0,0.010006490304335385,0.14469522104011528,-0.00018467904609793435,0.014618040496124864,0.1392053560657496,-0.000471395653990838,0.0,2.8726012621278816,-0.0,0.02035563109462889,0.22077944336249547,-0.0007602752039902267,0.021297760257345925,0.7089044473343541,-0.0013772840954614305,0.0,0.0,0.0,0.021412234903461946,0.3044238976404558,-0.0008532281008163326,0.0,0.0,0.0,0.0,0.0,0.0,0.022007597117116345,1.1561442338148038,-0.0020537670247146585,0.021352136762367725,1.9225409384241459,-0.003066168534352946,0.0,0.0,0.0,0.0,0.0,0.0,0.021909220468912378,1.5144831378350123,-0.002576095553631077,0.0,0.0,0.0,0.0,0.0,0.0,0.0,0.0,0.0,0.0,0.0,0.0,0.0,0.0,0.0,0.0,0.0,0.0,0.0,28.776043886980645,-0.0,0.0,0.0,0.0,0.0,0.0,0.0,0.0,0.0,0.0,0.02249137144671141,2.845785528101286,-0.004066319270097189,0.023788054578591723,3.9390307079977207,-0.0054621065051584485,0.0,6.463602455267348,-0.0,0.0,10.196463041946968,-0.0,0.0,40.761294839993965,-0.0,0.0,43.90093786764599,-0.0,-0.0,42.37674301571805,-0.0,0.0,13.553173616509827,-0.0,0.0,16.3120509402997,-0.0,0.0,18.028541320373243,-0.0,-0.0,18.79651072757186,-0.0
-1 2 -4,0.0,-0.0,-0.0,0.0,0.0,-0.0,0.0,0.0,-0.0,0.0,-0.0,-0.0,0.0,-0.0,0.0,0.0,-0.0,0.0,0.0,-0.0,0.0,0.0,-0.0,-0.0,0.0,0.0,-0.0,0.0,0.0,-0.0,0.011012505421203016,1.6644907907839497,-0.022243860930796427,0.019337164731141214,3.25650244551919,-0.039598970163081004,0.013900244938375425,2.704898381571703,-0.03264614386022886,0.016106444301636248,3.051828936057811,-0.036714542120310896,0.02327497347941869,3.334387791369541,-0.04113791245747956,0.00962022079477995,1.0877955067861473,-0.01673541928794137,0.012359893922456603,2.2292613664060172,-0.027701934019150814,0.008090313049934227,0.5945022652507918,-0.011692036398349244,0.006505950717618571,0.24685592409449797,-0.007578569940752494,0.002285498883809787,-0.0355403286119928,-0.0002833735194067458,0.0029001850106602695,-0.055869497464696424,-0.0006828390570623209,0.0,0.0,-0.0,0.004151409174082319,-0.04223737810293671,-0.002645285153913699,0.0034793064391598796,-0.06568038637419908,-0.001416388372869754,0.005133079985725059,0.04731855706039519,-0.004606239004863731,0.0016613545923711735,-0.019050784079557896,-9.489532847610136e-05,0.0,-0.0,-0.0,0.0,-0.0,-0.0,0.0,-0.0,-0.0,0.0,0.0,-0.0,0.0,-0.0,-0.0,0.0,-0.0,0.0,0.0,-0.0,0.0,0.0007214216707909741,-0.009224956419082024,1.8453570251415347e-05,0.0002643912709532768,-0.021719027142053125,5.806709943483681e-07,0.0012486769110969756,-0.0025883251805257604,2.513289866842338e-05,0.002653149607111796,0.026780951986738185,3.08432028495465e-05,0.0,-0.0,-0.0,0.0030850422708457313,-0.002370809597451187,-3.598791801686616e-05,0.003584506186806615,-0.08377919176693592,-0.0003735780537252388,0.0,0.0,-0.0,0.00462834657653022,-0.1446370207962801,-0.0007712388087655666,0.004069479619491441,-0.1399758837146855,-0.001830902199978364,0.0,0.0,0.0,0.004633349067679351,-0.1554888497567231,-0.0009529117588522,0.0,0.0,0.0,0.0,0.0,0.0,0.004190279464520962,-0.15294350971079831,-0.002942244533588768,0.0040669747586721565,-0.034978169768720854,-0.004651167933926915,0.0,0.0,0.0,0.0,0.0,0.0,0.004067790507966038,-0.09135354495784574,-0.003808459086119026,0.0,0.0,0.0,0.0,0.0,0.0,0.0,0.0,0.0,0.0,0.0,0.0,0.0,0.0,0.0,0.0,0.0,0.0,0.0,0.0,-0.0,0.0,0.0,0.0,0.0,0.0,0.0,0.0,0.0,0.0,0.005764960547719487,0.04717996921805907,-0.006443277233752244,0.00758242633112447,0.2007819323356754,-0.009001487275976503,0.0,0.0,-0.0,0.0,0.0,-0.0,0.0,0.0,-0.0,0.0,0.0,-0.0,-0.0,0.0,-0.0,0.0,0.0,-0.0,0.0,0.0,-0.0,0.0,0.0,-0.0,0.0,0.0,-0.0
-1 2 -3,-0.0,-0.0,-0.0,-0.0,0.0,-0.0,0.0,-0.0,-0.0,0.0,-0.0,-0.0,0.0,-0.0,-0.0,0.0,-0.0,-0.0,0.0,-0.0,-0.0,-0.0,-0.0,-0.0,-0.0,-0.0,-0.0,-0.0,-0.0,-0.0,-0.04014406102839784,-2.59049493266148,-0.02906758326591368,-0.002168666355489353,-2.4289557815544494,-0.047027488358767806,-0.0116812787372968,-2.953351723976503,-0.04305313833952098,-0.003454446913358434,-2.7338255576326564,-0.046342308668558485,-0.006523917917236431,-2.178503443744618,-0.04573775891310918,-0.05043248799218886,-2.1377184185139924,-0.02061442806223438,-0.02536083456334396,-2.914066458125338,-0.03706327190741581,-0.05279520573803476,-1.7076185362889884,-0.013352354583285733,-0.0479147844311795,-1.3280092360875748,-0.008105717524546236,-0.0034083803728919095,-0.10447617793377369,-0.0003172027739185429,-0.009998404280037884,-0.197003462321489,-0.0007144621230591657,-0.0,-0.0,-0.0,-0.028632647371120472,-0.6492390221741945,-0.0026686189357647302,-0.018670491777624018,-0.3818716657056722,-0.0014350794514242484,-0.03891860880694011,-0.9737613083930677,-0.004729845826946767,0.000647017422542595,-0.08731259820473,-0.000123106747614115,-0.0,-0.0,-0.0,-0.0,-0.0,-0.0,0.0,-0.0,-0.0,0.0,-0.0,-0.0,0.0,-0.0,-0.0,0.0,-0.0,-0.0,0.0,-0.0,-0.0,0.004537547874018673,-0.19420106841177356,-2.0631007435416757e-05,0.002270718735820553,-0.2571367613722339,-3.993071727870021e-05,0.005119355243900075,-0.12256507856641939,-1.161531427453715e-05,0.006962207589826275,0.15262354401141603,6.916455083527178e-05,-0.0,-0.0,-0.0,0.0026654737839000896,0.11871754188721444,-3.959505078732084e-05,-0.01148169729731438,0.013229290289001773,-0.00043751251651232004,-0.017561870260405215,-0.0,-0.0,-0.02210375681339431,-0.1940928183353272,-0.000937566731260728,-0.03333099199020474,-0.528468921828057,-0.0018994309709794957,0.0,0.0,0.0,-0.025926061827882513,-0.2522901628197966,-0.0011286560718047325,0.0,0.0,0.0,0.0,0.0,0.0,-0.04029432237172164,-1.054998627167278,-0.002750426530406297,-0.050169091171214174,-1.2028196931241162,-0.004508410068499213,0.0,0.0,0.0,0.0,0.0,0.0,-0.0444733067722266,-1.139761010215059,-0.003571487879057154,0.0,0.0,0.0,0.0,0.0,0.0,0.0,0.0,0.0,0.0,0.0,0.0,0.0,0.0,0.0,0.0,0.0,0.0,-0.0,-0.0,-0.0,0.0,0.0,0.0,0.0,0.0,0.0,0.0,0.0,0.0,-0.05723766437393086,-1.5474113667864384,-0.006405379240968578,-0.0679312125801609,-1.747073818053714,-0.009107717031836056,-0.03389082041409822,-0.0,-0.0,-0.029812203337490607,-0.0,-0.0,-0.0,-0.0,-0.0,-0.0,0.0,-0.0,-0.0,0.0,-0.0,-0.0024823887296535102,-0.0,-0.0,-0.0,-0.0,-0.0,-0.0,-0.6496876140302666,-0.0,-0.0,-1.9497055828278922,-0.0
-1 2 -2,-0.0,-0.0,0.0,-0.0,-0.0,0.0,0.0,-0.0,0.0,0.0,-0.0,0.0,0.0,-0.0,0.0,0.0,-0.0,0.0,0.0,-0.0,0.0,-0.0,-0.0,0.0,0.0,-0.0,0.0,0.0,-0.0,0.0,0.04118399514756568,0.7672847790576832,-0.12099567090380518,0.08940085975909068,0.8723300407403978,-0.25097591566897726,0.07162947474687216,0.6253768609162218,-0.202456927679056,0.08175477398133263,0.7177207684766025,-0.23157456333813253,0.09567499154638213,1.010382875095545,-0.26285230427517187,0.023274513598495274,0.874546806607886,-0.08069618022719517,0.057953946969665104,0.6519542838638412,-0.16401376761012879,0.007020650368812248,0.8940878011321598,-0.04839485128927359,-0.0045097861800623695,0.804612819542296,-0.025386883611977353,-0.00011163140055846108,-0.09701189216082509,0.007236668704308812,-0.003615744383136924,0.037538089484256014,0.006287650657751095,0.0,-0.0,-0.0,-0.010056386367538927,0.42178849866029156,-0.0014796345568137026,-0.007391651861518601,0.21520506687355687,0.003580520182455302,-0.009823760385541684,0.6317516504955024,-0.010434420743409084,0.0021307388433930035,-0.18262757224476509,0.006607193978825841,-0.0,-0.0,0.0,-0.0,-0.0,0.0,0.0,-0.0,0.0,0.0,-0.0,0.0,0.0,-0.0,0.0,0.0,-0.0,0.0,0.0,-0.0,0.0,0.004025037319486642,-0.30407883560149473,0.0030105492110944505,0.0019131605266708412,-0.31023020791256817,0.0007967306647385817,0.005045597969783805,-0.29946929739452843,0.00617582727098676,0.008287654246443602,-0.2225868893672476,0.014711521367692996,-0.0,0.0,-0.0,0.004996879791729247,-0.1938751676992098,0.015543596634741157,-0.004766403199830212,0.10757050851894828,0.013715413014506102,-0.0,0.0,-0.0,-0.013709127010032842,0.27471264367304177,0.004127517765669577,-0.018666079291835426,0.42638110467897783,-0.003097766316151275,0.0,0.0,0.0,-0.01638231684643045,0.3436463139413021,0.0017342282770465894,0.0,0.0,0.0,0.0,0.0,0.0,-0.018045430037480305,0.6181198203714648,-0.0033422018101865714,-0.017685157008226825,0.9163103252382307,-0.005499801550761041,0.0,0.0,0.0,0.0,0.0,0.0,-0.017228833352254346,0.7722171984871566,-0.0028904232370642567,0.0,0.0,0.0,0.0,0.0,0.0,0.0,0.0,0.0,0.0,0.0,0.0,0.0,0.0,0.0,0.0,0.0,0.0,0.0,-0.0,-0.0,0.0,0.0,0.0,0.0,0.0,0.0,0.0,0.0,0.0,-0.016627273671339895,1.0436197482183447,-0.013712612901063896,-0.012898507238347323,1.3110213170912703,-0.027770076631570856,0.0,0.0,-0.0,0.0,0.0,-0.0,0.0,0.0,-0.0,0.0,0.0,-0.0,0.0,0.0,-0.12225750607145174,0.02393494469431029,0.0,-0.025247282573647552,0.03855837190851761,0.0,-0.13930759174037957,0.029174143725344347,0.0,-0.210760918173823,0.04857408302390844,-0.0,-0.26900647641375164
-1 2 -1,-0.0,0.0,0.0,-0.0,0.0,0.0,-0.0,-0.0,0.0,-0.0,-0.0,0.0,-0.0,-0.0,0.0,-0.0,-0.0,0.0,-0.0,-0.0,0.0,-0.0,0.0,-0.0,-0.0,0.0,-0.0,-0.0,0.0,-0.225628190983914,-0.006543038301564874,0.24616812712863773,-0.072118335127057,-0.01185967679540626,0.6262289226132832,-0.16178934422816973,-0.011437454381566192,0.4476237934379034,-0.12246200761974614,-0.012386511925453099,0.5442429228671092,-0.14379706828473862,-0.01009954792664469,0.6850313329372894,-0.17707214475235716,-0.003931756250092439,0.1567317739069925,-0.04656993539674435,-0.009289571361206238,0.3458564158858277,-0.09807739178874603,-0.0020143895359302365,0.08655151788788275,-0.023684524431052473,-0.0009497921284065974,0.0397292546240626,-0.005565887336441802,-0.0005264028870423215,-0.003958789294602613,0.015536081355020059,-0.0006275935143192132,-0.0036022050771568224,0.016072706531075495,-0.0,0.0,-0.11880199157623446,-0.0005477184949880035,0.0016001604677994585,0.012830212754851193,-0.0006245377471143228,-0.0024744856549139124,0.015334700381522542,-0.0005629885932125607,0.013490722821196207,0.006507636959320777,-0.00037768090546022305,-0.0038913433416020026,0.013359684733561287,-0.0,-0.0,0.0,-0.0,-0.0,0.0,-0.0,-0.0,0.0,-0.0,-0.0,0.0,-0.0,-0.0,0.0,-0.0,-0.0,0.0,-0.0,-0.0,0.0,-0.00012637130170274592,-0.0035939600251966666,0.00689415488873527,-5.314100744347572e-05,-0.0018708667810961432,0.0036981952528615356,-0.0002599457722501289,-0.00484558938891104,0.012678075589558316,-0.0006143469290133837,-0.007430952945064475,0.023453151384193825,-0.0,0.0,-0.0,-0.000645963719362382,-0.007270794718912428,0.028095895266696105,-0.0009639552880269006,-0.002888458595778791,0.030628675039699366,-0.0,0.0,-0.039019988508576804,-0.0012584414255937151,-0.0016624291754033893,0.015146618404713487,-0.0010715738359740067,0.0006761995597829581,0.004429308574749123,0.0,0.0,0.0,-0.0012837551118478785,-0.00143716378861173,0.011044218484730497,0.0,0.0,0.0,0.0,0.0,0.0,-0.000467279410590258,0.0008115804812351537,0.0012714569717653772,8.344598224489164e-05,-0.005513715812766608,0.024190501519115542,0.0,0.0,0.0,0.0,0.0,0.0,0.00017257152913902735,-0.01059135297516163,0.02318114768621946,0.0,0.0,0.0,0.0,0.0,0.0,0.0,0.0,0.0,0.0,0.0,0.0,0.0,0.0,0.0,0.0,0.0,0.19887404290524546,-0.0,0.0,-0.0,0.0,0.0,0.19854562513034485,0.0,0.0,0.21549709394711808,0.0,0.0,0.20222759060379975,2.0274920259927594e-05,0.012461315371025147,0.02283298065336922,0.00043815553938480556,0.016650319182335577,-0.007238991641569286,-0.0,0.0,-0.0930356076697629,-0.0,0.0,-0.1062903565414242,-0.0,0.0,-0.0,-0.0,0.0,-0.0,-0.0,0.0,-0.19017897636315528,-0.0,0.0,-0.08859617284765046,-0.0,0.0,-0.10009349038364597,-0.0,0.0,-0.14648821736159173,-0.0,0.0,-0.15219227050105566
-1 2 1,-0.0,0.0,0.0,-0.0,0.0,0.0,0.0,0.0,0.0,0.0,0.0,0.0,0.0,-0.0,0.0,0.0,-0.0,0.0,0.0,-0.0,0.0,-0.0,0.0,-0.0,-0.0,0.0,-0.10434502433930656,-0.0,0.0,-0.0,-0.011687483566438759,0.307189699174391,-0.08352163454185456,-0.027483449340918717,0.7390969841841336,-0.19513807917276926,-0.02000471403908504,0.529205937222008,-0.15087313963837437,-0.02414956843494254,0.6403045959842246,-0.1766371879096095,-0.029584643441354332,0.8154352454052665,-0.20701261689414927,-0.008299954388506621,0.2119068374414582,-0.05044203856546536,-0.01568653016613624,0.4156610200718402,-0.11872742611416888,-0.005678315319830494,0.13716164800684671,-0.023769117640166083,-0.0038561334328229683,0.08600631659936336,-0.005281333752412154,-0.0006214383293053082,0.020415864442319093,0.01199281370853055,-0.0010381174607908287,0.028665321704128128,0.011889536355156315,-0.0,0.0,-0.13747870469857154,-0.002021658521176445,0.042578098394949304,0.009898356272831607,-0.0015069504108779813,0.035465799480241075,0.011308778115157387,-0.0027191494619879047,0.056562951485410275,0.005320455806154642,-0.00031565020358380124,0.012356520508948492,0.010836161215601324,-0.0,0.0,0.0,-0.0,0.0,-0.0,-0.0,0.0,0.0,-0.0,0.0,0.0,0.0,0.0,0.0,0.0,-0.0,0.0,0.0,-0.0,0.0,5.317281206205766e-06,0.000624186867331615,0.00621673927353596,7.2657008490874e-06,-0.0005651214333842748,0.0035072223339694983,-6.78149840527795e-05,0.004332816170236738,0.011132259569002007,-0.00027202082567903224,0.01480381249132438,0.01963835390213567,-0.0,0.0,-0.0,-0.0003972374219860396,0.021879335857258597,0.023350285178309442,-0.0010629195978205453,0.043495956395717614,0.023292321755214545,-0.0,0.0,-0.02619885616319868,-0.0020403158146288496,0.0601219421655103,0.006594003161921627,-0.002520554211795237,0.05228430770265947,-0.0007436945054701674,0.0,0.0,0.0,-0.0022403290039913083,0.06098942944471705,0.0022226767610496823,0.0,0.0,0.0,0.0,0.0,0.0,-0.0028996231492000066,0.04148812912743834,0.0007958902243330154,-0.002433179654602854,0.03635697112035354,0.02266396904618126,0.0,0.0,0.0,0.0,0.0,0.0,-0.002675542802191087,0.03824458127715686,0.021496976591828178,0.0,0.0,0.0,0.0,0.0,0.0,0.0,0.0,0.0,0.0,0.0,0.0,0.0,0.0,0.0,0.0,0.0,0.0,-0.0,0.0,-0.3131871910368518,0.0,0.0,0.0,0.0,0.0,0.0,0.0,0.0,0.0,-0.002206985019924358,0.027057125130857007,0.026956902976632946,-0.0031658027414988394,0.046733175192328655,-0.0011906751074069375,-0.0,0.0,-0.0695484522222778,-0.0,0.0,-0.11500670697254582,-0.0,0.0,-0.35206510283598313,-0.0,0.0,-0.352309068782969,-0.0,0.0,-0.16597111781773322,-0.0,0.0,-0.17272326911639993,-0.0,0.0,-0.22045956996330812,-0.0,0.0,-0.2146363269499265,-0.0,0.0,-0.24542265927128815
-1 2 2,-0.0,-0.0,0.0,0.0,-0.0,0.0,0.0,-0.0,0.0,0.0,-0.0,0.0,0.0,-0.0,0.0,0.0,-0.0,0.0,0.0,-0.0,0.0,-0.0,-0.0,0.0,-0.0,-0.0,0.0,-0.0,-1.44705697001667,-0.0,-0.04035539274582473,-4.564037911170195,-0.1393771273325909,-0.04115303781831012,-7.447804010661093,-0.29013290191538665,-0.040114580775698454,-6.371681101499845,-0.24893729842223497,-0.04040092839077798,-6.960920278780894,-0.2784939025441779,-0.04177520526270029,-7.880931454860523,-0.29001441523203786,-0.03933380395520773,-3.3705647553899794,-0.0811421682612991,-0.04034709279708357,-5.586974486940225,-0.2000403013914705,-0.03678035762975483,-2.170350356974604,-0.0368098770685359,-0.03207436904460132,-1.1654466316579266,-0.009219795322658122,0.005253377256112845,-0.20407008040120797,0.013786208404452716,0.000834845813595583,-0.13856054612472754,0.015329908447523426,-0.0,-6.05165369347421,-0.0,-0.01576628385548065,-0.17309949143497588,0.012296832797457908,-0.0065896227061960425,-0.09553791185769897,0.015040900261059843,-0.024825822121667354,-0.49737819704195907,0.005404973347771388,0.006640088896028977,-0.2452793329919364,0.010919935637782157,-0.0,-0.0,0.0,-0.0,-0.0,0.0,0.0,-0.0,0.0,0.0,-0.0,0.0,0.0,-0.0,0.0,0.0,-0.0,0.0,0.0,-0.0,0.0,0.005819807350904059,-0.30681437857409455,0.004465260931432857,0.002582040092884219,-0.31598251608500816,0.0013724226931994623,0.008428920321850872,-0.3182898146514866,0.008785546786529338,0.015908955839911643,-0.28720707539066453,0.02035192436463677,-0.0,-0.0,0.0,0.014043553681123262,-0.2998832529357859,0.02271989914630374,0.007669027044686408,-0.13648920401724085,0.025065754091561487,-0.0,-0.0,-0.0,-0.002978174165734683,0.029597115903341267,0.020657174723373778,-0.017764737343662573,0.19064946117152862,0.0138257271677517,0.0,0.0,0.0,-0.005402725568993845,0.029188342483042647,0.018609357245801962,0.0,0.0,0.0,0.0,0.0,0.0,-0.032298044649631076,0.3645559334630493,0.011456541526376204,-0.0391339288677707,0.043383957215617976,0.010652180839972231,0.0,0.0,0.0,0.0,0.0,0.0,-0.03750618721104129,0.2505385299561848,0.012101993898590447,0.0,0.0,0.0,0.0,0.0,0.0,0.0,0.0,0.0,0.0,0.0,0.0,0.0,0.0,0.0,0.0,0.0,0.0,-0.0,-6.9791847903776345,-0.0,0.0,0.0,0.0,0.0,0.0,0.0,0.0,0.0,0.0,-0.041839482831935726,-0.5373541931462489,0.004344299415356631,-0.04840437398415104,-1.320882432769443,-0.004639449519567183,-0.0,-1.9927792928215493,-0.0,-0.002899957446759729,-4.951929471568539,-0.0011858963510154813,-0.0,-7.313943266733484,-0.2935911752930219,-0.0030395849370614095,-6.808126275860423,-0.7217948831335753,-0.015902528516178908,-9.575542065793975,-0.6550053868259637,-0.012132608227191916,-6.55175963626909,-0.16163382664525866,-0.0272104349710951,-7.891715331613798,-0.3152569034919854,-0.021404471040911963,-8.656981547611624,-0.37470172795829576,-0.012517570235352011,-9.319422859582795,-0.37059686923115276
-1 2 3,-0.0,-0.0,-0.0,-0.0,-0.0,0.0,0.0,-0.0,0.0,0.0,-0.0,0.0,0.0,-0.0,0.0,0.0,-0.0,0.0,0.0,-0.0,0.0,-0.0,-0.0,-0.0,-0.0,-0.0,-0.0,-0.0,-0.0,-0.0,-0.04405110059192455,-1.640763899975698,-0.03558795196276108,-0.003936498926496671,-2.002602274470643,-0.06116571671296539,-0.03261736810943662,-2.0791117859127035,-0.05490317556882572,-0.020476618531058793,-2.0601186190431253,-0.059906685416655454,0.014542955311418209,-1.9836700950069401,-0.059478202266880435,-0.0426736583401,-1.3354679324902494,-0.024649277989860066,-0.0404040411868549,-1.9408101649172689,-0.0463694949703878,-0.035965374207631705,-1.171622501599128,-0.015448572059492056,-0.025785929397580995,-1.1272626674062336,-0.008779232638332612,0.008027249001139608,-0.328831761849923,0.0005224177607458323,0.00603593797119545,-0.503843462627647,0.0003536234321892664,-0.057831464659333344,-0.0,-0.0,-0.005716753575652586,-0.9373381735381321,-0.0017589200064792182,0.0014319202831163938,-0.7258752807484438,-0.0003020779648593026,-0.015048727058232094,-1.0756845940978295,-0.00441196743807744,0.007901530259697,-0.22403070091518767,0.0004511003541967604,-0.0,-0.0,-0.0,-0.0,-0.0,-0.0,0.0,-0.0,0.0,0.0,-0.0,0.0,0.0,-0.0,0.0,0.0,-0.0,0.0,0.0,-0.0,0.0,0.006131295868139971,-0.19984849925853088,0.00015395976871578916,0.002781431328099253,-0.2451800725896602,2.1737529126386897e-05,0.00882547353785796,-0.17441932966620313,0.000338312735255548,0.016221425159019184,-0.021543075105696207,0.0008776666018288005,-0.0,-0.0,-0.0,0.015092641303512035,-0.1226135201736535,0.0009914895504571186,0.01023447224369169,-0.47212288198212526,0.001121230515364135,-0.0,-0.0,-0.0,0.006205537092429487,-0.8741454141301389,0.0010813451996100297,-0.0031796527103411126,-1.0267844087060662,-3.7649645688025025e-05,0.0,0.0,0.0,0.005831804153283485,-0.94659118635001,0.0009487112835836621,0.0,0.0,0.0,0.0,0.0,0.0,-0.012923934680711598,-1.3889685184921505,-0.0013409773478907474,-0.02247972670746545,-1.6217279519134424,-0.0038753017597724557,0.0,0.0,0.0,0.0,0.0,0.0,-0.017184250971572505,-1.612727902703539,-0.002469107144929418,0.0,0.0,0.0,0.0,0.0,0.0,0.0,0.0,0.0,0.0,0.0,0.0,0.0,0.0,0.0,0.0,0.0,0.0,-0.0,-0.0,-0.0,0.0,0.0,0.0,0.0,0.0,0.0,0.0,0.0,0.0,-0.030251100490368367,-1.4335897166665326,-0.006996679420236121,-0.039834893022143034,-1.3162142451410441,-0.011034474349303035,-0.028972146162712736,-0.0,-0.0,-0.05897903435091873,-0.0,-0.0,-0.0,-0.0,-0.0,-0.0,-0.0,-0.0,-0.0,-0.0,-0.0,-0.042593368183614644,-0.11031684706072965,-0.0,-0.008785865423250456,-0.41466008215170486,-0.0,-0.0,-0.4525063675733369,-0.0,-0.0,-0.0,-0.0
-1 2 4,0.0,-0.0,-0.0,0.0,0.0,-0.0,0.0,0.0,-0.0,0.0,0.0,-0.0,0.0,-0.0,0.0,0.0,-0.0,0.0,0.0,-0.0,0.0,0.0,0.0,-0.0,0.0,0.0,-0.0,0.0,0.0,-0.0,-0.006793950470004708,3.1461500983548616,-0.0235429865905541,-0.0052662782083947,4.80226625852749,-0.042351148496775654,-0.011329160732169085,4.153028545744315,-0.03475751113160524,-0.010074033577415481,4.505528585520609,-0.0391912690966706,0.0020016578835380535,5.045439705389145,-0.04405940487486397,-0.003479224166933108,2.4659394270729904,-0.017671697604465166,-0.009758145778640922,3.711955875198453,-0.029404141632585472,-0.0003900163284556628,1.749242166598985,-0.012320039906866276,0.002106024385910597,1.1089833049110887,-0.00796067752098809,0.0032449778145839797,0.02912692016708577,-0.00027997743417949086,0.0041565045974657705,0.06136760995684389,-0.0006892627361987986,0.0,0.0,-0.0,0.004636308900502393,0.31611953450276414,-0.0027400008684252287,0.004704274137925673,0.14324273033275894,-0.0014507040687586025,0.0037955852969635846,0.6267477452063624,-0.004811788302424545,0.0022699128075213105,0.017040851336674618,-8.99619574850876e-05,0.0,0.0,-0.0,0.0,0.0,-0.0,0.0,0.0,-0.0,0.0,0.0,-0.0,0.0,0.0,-0.0,0.0,-0.0,0.0,0.0,-0.0,0.0,0.0008290252135120226,0.0026677526485106677,2.076370818047329e-05,0.00029961936415558296,-0.014169399339685881,1.4854523841456387e-06,0.0015327309465564085,0.016483551710981627,2.9513520109901897e-05,0.003395628247680162,0.06449660400430268,4.0031079296205016e-05,0.0,0.0,-0.0,0.00410200584786496,0.049713202000786924,-2.4653024686109364e-05,0.005522964959870784,0.00339324446542315,-0.0003573547700776281,0.0,0.0,-0.0,0.007263875839433917,-0.015480163777613883,-0.0007632670056313925,0.006685378247424698,0.1266506274078887,-0.0018548149172868953,0.0,0.0,0.0,0.007514249952708078,0.00609824323769025,-0.0009436429241396546,0.0,0.0,0.0,0.0,0.0,0.0,0.005992553839753869,0.25117092534577,-0.003014087320127479,0.0042739817588257414,0.5401935022232609,-0.0048192818372109775,0.0,0.0,0.0,0.0,0.0,0.0,0.005235556041001864,0.37715964899920335,-0.003923310797888703,0.0,0.0,0.0,0.0,0.0,0.0,0.0,0.0,0.0,0.0,0.0,0.0,0.0,0.0,0.0,0.0,0.0,0.0,0.0,0.0,-0.0,0.0,0.0,0.0,0.0,0.0,0.0,0.0,0.0,0.0,0.0030322738918826817,0.9260274685681446,-0.006742733245998776,0.0009865564267882848,1.4235695803806248,-0.009485225232301294,0.0,0.0,-0.0,0.0,0.0,-0.0,0.0,0.0,-0.0,-0.0,0.0,-0.0,-0.0,0.0,-0.0,0.0,1.1454653857442652,-0.0,-0.0,2.338490062895621,-0.0,-0.0,2.892721930238308,-0.0,-0.0,3.017467596139433,-0.0
-1 3 -4,0.0,-0.0,-0.0,0.0,0.0,-0.0,0.0,0.0,-0.0,0.0,-0.0,0.0,0.0,-0.0,0.0,0.0,-0.0,0.0,0.0,-0.0,0.0,0.0,-0.0,-0.0,0.0,-0.0,-0.0,0.0,-0.0,-0.0,-0.0012647355203877718,-0.01390893542149977,-0.0019427938862649442,-0.0040595295535006,-0.17081999591974292,-0.0036467015890469154,-0.0028486061995127597,-0.03478240128942371,-0.0029281816982084483,-0.003532539519903676,-0.08371884713009849,-0.0033379637993277084,-0.004429927060580904,-0.28444261325317055,-0.003836420539731308,-0.000559412025748504,-0.01826605909922197,-0.0014471340046543378,-0.002063218780566775,-0.016037522170239144,-0.0024504687111321687,-3.618549823443723e-05,-0.022468742635743694,-0.0010034430672403714,0.00027848855472956694,-0.02288640986843659,-0.0006453946456190936,0.00025469236839231166,-0.000641733299986673,-1.9508571870756797e-05,0.0003357527771000857,-0.003363551752254764,-5.2330714023678096e-05,0.0,-0.0,-0.0,0.0004450027981777354,-0.013739132483978045,-0.00021890714981214255,0.0004060709404521368,-0.007953053195262794,-0.00011404242198952591,0.00041941776450306876,-0.019359237816936114,-0.000387859717867228,0.00017807228569401623,0.0003371044634324373,-4.760775549600344e-06,0.0,-0.0,-0.0,0.0,-0.0,-0.0,0.0,0.0,-0.0,0.0,0.0,-0.0,0.0,-0.0,0.0,0.0,-0.0,0.0,0.0,-0.0,0.0,7.390560053328547e-05,-0.000396874585126058,2.7545670651682433e-06,2.5573348508836723e-05,-0.0020124337924516205,4.086662933503515e-07,0.00012572887217407466,0.0009531540753623929,4.473097523709077e-06,0.00026143684095944697,0.0053094216790836425,7.793906262559053e-06,0.0,-0.0,-0.0,0.00032198224338883595,0.004161715639606954,3.376254317253201e-06,0.0004140083458811899,-0.0002104220123167237,-2.2936615311906213e-05,0.0,-0.0,-0.0,0.0005420555421268519,-0.0052874349489279784,-5.719586757499029e-05,0.0005415135074933367,-0.012784168623967467,-0.00014747611398189194,0.0,0.0,0.0,0.0005546994157184295,-0.006947397944092687,-7.256134415493957e-05,0.0,0.0,0.0,0.0,0.0,0.0,0.0005920043620049637,-0.02279492350417917,-0.0002410350943380394,0.0005436727573976004,-0.029134817656026425,-0.0003886410320760585,0.0,0.0,0.0,0.0,0.0,0.0,0.0005661679291387917,-0.026965769645572266,-0.00031583372125464434,0.0,0.0,0.0,0.0,0.0,0.0,0.0,0.0,0.0,0.0,0.0,0.0,0.0,0.0,0.0,0.0,0.0,0.0,-0.0,-0.0,-0.0,0.0,0.0,0.0,0.0,0.0,0.0,0.0,0.0,0.0,0.0005637576603896709,-0.03336809843595518,-0.0005439249341706927,0.0005098497885554814,-0.03541464335702736,-0.0007653252544012849,0.0,-0.0,-0.0,0.0,-0.0,-0.0,-0.0,-0.0,-0.0,-0.0,-0.0,-0.0,-0.0,-0.0,-0.0,-0.0,-0.0,-0.0,-0.0,-0.0,-0.0,-0.0,-0.0,-0.0,-0.0,-0.0,-0.0
-1 3 -3,0.0,-0.0,0.0,0.0,0.0,0.0,0.0,0.0,0.0,0.0,-0.0,0.0,0.0,-0.0,0.0,0.0,-0.0,0.0,0.0,-0.0,0.0,0.0,-0.0,-0.0,0.0,-0.0,-0.0,0.0,-0.0,-0.0,-0.004971928693625315,0.6892904343158843,-0.00372941883583075,-0.0872369606265776,-0.32748028723702716,-0.00425996844342879,-0.02717121131311918,0.6566050994499802,-0.004471699623501456,-0.052651332973152824,0.2765882916021159,-0.00441475513789249,-0.12424508889047194,-1.0464121296979776,-0.004257946082629382,-0.00016375381477634745,0.42178696105363206,-0.0030323469164935607,-0.012419473074237863,0.7875393367888397,-0.0042417627481676915,0.0042922439492646585,0.09714871611984484,-0.002238414464623374,0.007956621376787723,-0.1568605433881672,-0.0014455464645612612,0.006164475138645029,0.010994704477691443,0.0002001902260232856,0.007404876208261675,-0.04894699202875134,0.0001473520244237188,0.0,0.0,-0.0,0.009726104323114037,-0.24438150313693904,-0.0002931340149301869,0.008675738463633058,-0.14891027316407227,-3.078171876684473e-06,0.009773709091721814,-0.26734758495621785,-0.0007719180119323333,0.00490676489970188,0.022691083849192186,0.0001849335784960927,0.0,-0.0,0.0,0.0,-0.0,0.0,0.0,-0.0,0.0,0.0,0.0,0.0,0.0,-0.0,0.0,0.0,-0.0,0.0,0.0,-0.0,0.0,0.0030512571556389444,-0.04369579838148919,6.158805567090676e-05,0.0012685387694962864,-0.08766513757986259,1.1369566056121993e-06,0.004560792822205534,0.014578253595529478,0.00016132404989991944,0.008428989420464661,0.20016782076673037,0.00043717549935206137,0.0,-0.0,-0.0,0.00912154003435663,0.18667733968320288,0.0004660318656523045,0.008620835721745717,0.0929109567931136,0.00044277791965176326,0.0,-0.0,-0.0,0.008425496066707215,-0.08155878235193988,0.00012298159142661038,0.008931126608701132,-0.34282204963958496,-0.00018209807199938438,0.0,0.0,0.0,0.008219037301728377,-0.1402949596677161,3.717608033355955e-05,0.0,0.0,0.0,0.0,0.0,0.0,0.012121382040775909,-0.5915968687647202,-0.00022297215969313504,0.013768288772147171,-0.6346216619660925,-0.0007238240837417392,0.0,0.0,0.0,0.0,0.0,0.0,0.013147967759011706,-0.6510973273177553,-0.00044780281988500225,0.0,0.0,0.0,0.0,0.0,0.0,0.0,0.0,0.0,0.0,0.0,0.0,0.0,0.0,0.0,0.0,0.0,0.0,0.0,0.0,-0.0,0.0,0.0,0.0,0.0,0.0,0.0,0.0,0.0,0.0,0.015313823346123944,-0.5827758620348212,-0.0012961734379896242,0.01531468324043875,-0.3656921167855911,-0.0019494267029543733,0.0,-0.0,-0.0,0.0,0.0,-0.0,0.0,0.0,-0.0,-0.0,0.0,0.0,-0.0,0.0,-0.0,-0.0,0.0,-0.0,-0.0,0.0,-0.0,-0.0,0.0,-0.0,-0.0024052075600098444,-0.0,-0.0
-1 3 -2,0.0,0.0,0.0,0.0,0.0,0.0,0.0,0.0,0.0,0.0,-0.0,0.0,0.0,-0.0,0.0,0.0,-0.0,0.0,0.0,-0.0,0.0,0.0,0.0,0.0,0.0,0.0,0.0,0.0,-0.0,0.0,0.06315109164366728,-1.2378844502272,0.025100594617636283,0.10872620024013611,-3.3691963345044957,0.0932566449469754,0.09319210539277882,-2.430135083184298,0.06226530885447673,0.1029664699796837,-2.946145470611889,0.08122521395995991,0.11222592305110309,-3.7203597118997087,0.09682606649329094,0.04980554801321234,-0.7576429084837937,0.0159215127713253,0.07904166492552114,-1.83380983153538,0.041674801418111466,0.041233237440790785,-0.4516412994203857,0.013768755102223505,0.036075338439300726,-0.2785145662993948,0.015185419473381347,0.01774419571064632,0.1619525472251035,0.009395956191556172,0.020822891831438435,0.17407038801718971,0.012195547589105467,0.0,-0.0,-0.0,0.027835317978447557,-0.024131375519356464,0.016333055950181564,0.02407535790304123,0.10095434663240409,0.014651582162695668,0.031922591810286824,-0.15343838501562992,0.016573131180136456,0.014424850923968991,0.08260708591493172,0.006592172262241161,0.0,0.0,0.0,0.010520256013715153,0.0,0.0,0.0,-0.0,0.0,0.004327399874815841,0.0,0.0,0.0,-0.0,0.0,0.0,-0.0,0.0,0.0,-0.0,0.0,0.009281307943559042,-0.19401714363014178,0.0017577500177623335,0.004471199096527943,-0.23111585497226317,0.0006811519886418189,0.013775581035009471,-0.06053334969213913,0.004249185087125986,0.024504208659873277,0.363405241400288,0.010683488757239611,0.018233349709039507,0.0,0.0,0.026217415824232187,0.44308111881725,0.012889449236217805,0.026195123666546725,0.6075269587061236,0.017591357625199044,0.02365924545177564,0.0,0.0,0.022605084557432605,0.49140518911656783,0.01846586393863394,0.02390263389586831,-0.0015841559678987877,0.01799024331951365,0.0,0.0,0.0,0.021565675800300044,0.4001539243957001,0.018359973800595387,0.0,0.0,0.0,0.0,0.0,0.0,0.0315584947260547,-0.42409207164447127,0.019743901542272388,0.03514493700097925,-0.5507987135490819,0.020736291471896956,0.0,0.0,0.0,0.0,0.0,0.0,0.03422879691016009,-0.5347214245114613,0.019793291367084027,0.0,0.0,0.0,0.0,0.0,0.0,0.0,0.0,0.0,0.0,0.0,0.0,0.0,0.0,0.0,0.0,0.0,0.0,0.041092801538019606,-0.0,-0.0,0.0,0.0,0.0,0.0,0.0,0.0,0.0,0.0,0.0,0.0388801171615573,-0.5053987007725699,0.0225469359574127,0.04689043301195843,-0.18394241372939507,0.023607469743623367,0.037223975408091324,-0.0,0.0,0.05131927911128122,-0.0,-0.0,0.018673574510087814,-0.0,-0.0,0.03909940332894655,-0.0,-0.0,0.0,-2.8773182658124252,0.0,0.086527506185377,-0.0,-0.0,0.11487884393368486,-0.0,-0.0,0.12814691066156542,-0.7375666560548089,0.0,0.10351360944960998,-0.9612839982774083,0.0
-1 3 -1,-0.0,-0.0,0.0,0.0,-0.0,0.0,0.0,-0.0,0.0,0.0,-0.0,0.0,0.0,-0.0,0.0,0.0,-0.0,0.0,0.0,-0.0,0.0,-0.0,-0.0,0.018068302126994788,-0.0,0.0,0.0,-0.0,0.0,0.0,-0.11723516617467965,3.0698252154319716,0.048855288895099803,-0.19032408027600123,3.2100364303685116,0.06696246714200761,-0.17023984023483493,3.8922380562403855,0.04747788871168278,-0.18425242045615364,3.7248838971302307,0.05434660843828894,-0.19093728519095718,2.5028396960821246,0.08168619131112226,-0.08461706200841267,2.271326767810525,0.050624957619302115,-0.14729609068648133,3.6570007621256044,0.0465795010906527,-0.05466430518497394,1.4388766941596443,0.04908763664310849,-0.0311881246669484,0.7303443227396059,0.04406726303564389,0.0013096940090557851,-0.12729405457349455,0.022120185060670296,3.792422817333859e-06,-0.1297077645598128,0.026889554044165265,-0.11874415653962003,0.0,0.0,-0.00668653793719169,-0.020525905309734603,0.03332323350205911,-0.002236368782597138,-0.11505854537166357,0.030203608764757837,-0.015554257366641865,0.2408452320915183,0.037994528649019525,0.002068410914087581,-0.12671226373656416,0.016325428321582503,0.0,-0.0,0.006720250641638117,-0.0,-0.0,0.015213708214896383,0.0,-0.0,0.0,0.0,-0.0,0.0,0.0,-0.0,0.0,0.0,-0.0,0.0,0.0,-0.0,0.0,0.0035576562731788153,-0.17046239356345513,0.00504381090645392,0.0021952443417402575,-0.11368584130275046,0.002889215052457613,0.0037469637602848154,-0.17825288728970426,0.011487557529279144,0.0032861274591581106,-0.16180614765580925,0.02598752641800364,-0.0,0.0,0.02588545717308185,0.002628575758570209,-0.14611647544509246,0.032731019214857236,-0.0004130976265388065,-0.06443477690936508,0.04249482299705881,-0.0,0.0,0.03449105614186033,-0.003334984128022529,-0.0240311438363494,0.04006450126665655,-0.0034900331943670602,-0.2209732897792696,0.03667660001837558,0.0,0.0,0.0,-0.003819780358926242,-0.04821164597486815,0.0386562221770321,0.0,0.0,0.0,0.0,0.0,0.0,-0.003331767338341588,-0.3800068704954699,0.033545447660271024,-0.009119233645883244,-0.1338050566229929,0.01932954267781957,0.0,0.0,0.0,0.0,0.0,0.0,-0.004015440602166314,-0.309542050869729,0.028268557696158332,0.0,0.0,0.0,0.0,0.0,0.0,0.0,0.0,0.0,0.0,0.0,0.0,0.0,0.0,0.0,0.0,0.0,0.0,-0.19869358669998577,0.0,0.0,0.0,0.0,0.0,0.0,0.0,0.0,0.0,0.0,0.0,-0.02126351965142051,0.3191827767368592,0.032589431706283534,-0.03330627097206396,0.949094407306889,0.058185619689704086,-0.041615445032156674,0.0,0.0,-0.1470244510378243,0.12387407188282426,0.0,-0.476782171412954,0.0,0.03172231666920523,-0.526094706288766,0.0,0.0,-0.39770424166534557,-0.0,0.0,-0.21787095136623158,1.867640762564351,0.009437100985095042,-0.26391720094936955,2.2702627976152083,0.0,-0.2823164843619622,1.3598635059074842,0.0,-0.304585708297014,0.0,0.0
-1 3 1,-0.0,-0.0,0.0,-0.0,-0.0,0.0,0.0,-0.0,0.0,0.0,-0.0,0.0,0.0,-0.0,0.0,0.0,-0.0,0.0,0.0,-0.0,0.0,-0.0,-0.0,0.0,-0.0,-0.0,0.0,-0.0,0.0,0.0,-0.11790975961904376,2.2505430279948895,0.050852799065428694,-0.2036124221505391,2.717875324302474,0.13010514545056762,-0.17308097925795646,3.007792042302816,0.06975547536930861,-0.1914578521380439,2.9819169230432725,0.09583850584214514,-0.21058676487018602,2.315575377717518,0.16437902226897483,-0.08595425588240067,1.6158397637887134,0.04993160773163756,-0.14814560086070733,2.7534100657234886,0.05556393485837131,-0.05687993079375547,0.9957738309241827,0.04772651217262818,-0.03423315293481648,0.49497234147019675,0.042508843918168074,-0.0016332453062022738,-0.14012784926613656,0.01806575119983523,-0.003858055501309304,-0.13440120280031723,0.022209682110189602,-0.08663520697993805,0.0,0.0,-0.01092903349340095,-0.034553329326434984,0.029987793328096476,-0.0065698005458201085,-0.11258513374867411,0.02581049241078234,-0.01930015061608456,0.15437405483030722,0.03581072015820284,0.00014710531875590597,-0.1411811414094947,0.013390094793880054,-0.0,-0.0,0.0,-0.0,-0.0,0.0,0.0,-0.0,0.0,0.0,-0.0,0.0,0.0,-0.0,0.0,0.0,-0.0,0.0,0.0,-0.0,0.0,0.003167061878944607,-0.17839032956117537,0.004165112949303889,0.0021146449985706838,-0.11763156228772643,0.0026301416386769047,0.0027917161505184823,-0.1921750467025266,0.009633436255135061,0.0008105746050262005,-0.19116168578365822,0.021560106381377286,-0.0,-0.0,0.0,-0.0008293931929355367,-0.17937164997660712,0.027137728180110912,-0.006189676802518279,-0.10077237379765477,0.03431042063021658,-0.0,0.0,0.005357689451159299,-0.01171789862365014,-0.04186246366775364,0.030140043592555024,-0.009561337109487596,-0.16215568657977347,0.030984193122004077,0.0,0.0,0.0,-0.012015488307291407,-0.04932654244634223,0.028924827114106207,0.0,0.0,0.0,0.0,0.0,0.0,-0.0072385065954979665,-0.25502560091646165,0.03321483617187357,-0.012295958459104292,-0.09632215614548756,0.0205558902540494,0.0,0.0,0.0,0.0,0.0,0.0,-0.008782085217514685,-0.21718411711215818,0.028137689273470188,0.0,0.0,0.0,0.0,0.0,0.0,0.0,0.0,0.0,0.0,0.0,0.0,0.0,0.0,0.0,0.0,0.0,0.0,-0.28760607222445234,0.0,0.011361107399296399,0.0,0.0,0.0,0.0,0.0,0.0,0.0,0.0,0.0,-0.01960151148462299,0.26135349497757304,0.038411019627165185,-0.033526520043184745,0.7146346593572434,0.06264471967098255,-0.061917184215196375,0.0,0.0,-0.13930587780936246,0.0,0.0,-0.26561881979999985,0.0,0.0,-0.2521935488525834,0.0,0.0,-0.36863775986507813,-0.0,0.04074253261452466,-0.2113238307498211,0.0,0.01681770229525268,-0.25160117659799597,0.0,0.022362591505203658,-0.28302902590839885,0.0,0.033759653394322554,-0.33406685583144197,0.0,0.09139724517421019
-1 3 2,0.0,-0.0,0.0,0.0,0.0,0.0,0.0,-0.0,0.0,0.0,-0.0,0.0,0.0,-0.0,0.0,0.0,-0.0,0.0,0.0,-0.0,0.0,0.0,-0.0,0.0,0.0,-0.0,0.0,0.0,-0.0,-0.0,-0.013563954133128072,-3.6205261933875104,-0.005904350152481495,-0.07396507446806969,-5.768259961554541,-0.02980312365795623,-0.04427927498772384,-4.817280452286142,-0.007041301756123413,-0.06138556386271616,-5.322110677146659,-0.015210922523116253,-0.07991594836877108,-6.155816429572856,-0.04769303330185864,-0.0025949880513569897,-2.90166877989116,-0.004881590114050446,-0.027346159656864377,-4.254001654130394,-0.005092527835558274,0.00673498687179207,-2.137645553843622,-5.2858814285074726e-05,0.014073223577999934,-1.4338794273138882,0.006458339909092496,0.017046289940038775,-0.010036425925627368,0.009220358864808962,0.018957416020070905,-0.06419645348678125,0.011651779018783818,0.0,-3.789005039203058,-0.0,0.02008183841505067,-0.48523308421847783,0.013569615244812335,0.019998450086923972,-0.2195786772659599,0.013331603885946983,0.01845911367550362,-0.8794541009949635,0.011438363132275794,0.014229436103192598,-0.029414871098209578,0.006576993957175112,0.0,0.0,0.0,0.0,-0.0,0.0,0.0,-0.0,0.0,0.0,0.0,0.0,0.0,-0.0,0.0,0.0,-0.0,0.0,0.0,-0.0,0.0,0.009334940651769439,-0.21493525266016641,0.0018907269392677963,0.00451557276764667,-0.23807218257894971,0.0007272163467654328,0.013822330563912914,-0.11670494533497959,0.004377732754962533,0.02457447952385768,0.21395231506635862,0.010805627518315321,0.0,-0.0,0.0,0.026077092563627835,0.2389276221999585,0.012908364451548882,0.025966187646796778,0.2646972867933318,0.017176193254071548,0.0,-0.0,0.0,0.020497386176865758,0.037441009456811704,0.0179489016165555,0.019047549538427622,-0.33590756923904835,0.01705128607307041,0.0,0.0,0.0,0.019709261460264645,-0.051620016614007724,0.017573115014704946,0.0,0.0,0.0,0.0,0.0,0.0,0.021508732804402415,-0.6582723239223818,0.017552169879621413,0.022281325345055312,-1.1345616901243551,0.01586236432594862,0.0,0.0,0.0,0.0,0.0,0.0,0.02140972445059975,-0.9704146413423602,0.016040088251654188,0.0,0.0,0.0,0.0,0.0,0.0,0.0,0.0,0.0,0.0,0.0,0.0,0.0,0.0,0.0,0.0,0.0,0.0,0.0,-7.252373059159108,-0.0,0.0,0.0,0.0,0.0,0.0,0.0,0.0,0.0,0.0,0.02372385661509655,-1.265774736537453,0.015017891809056596,0.020576051319238526,-1.5229295910599694,0.010405178042545565,0.0,-1.5501999541778062,-0.0,0.0,-3.6267939980255743,-0.0,0.0,-10.264617294743609,-0.0,-0.0,-10.358246065825805,-0.0,-0.0,-8.6999296808589,-0.0,-0.0,-4.964474955838206,-0.0,-0.0,-6.0010485217800955,-0.0,-0.02093401415086804,-6.33337270851902,-0.0,-0.07637410110988888,-3.601964151836046,-0.0
-1 3 3,0.0,-0.0,0.0,0.0,0.0,0.0,0.0,0.0,0.0,0.0,-0.0,0.0,0.0,-0.0,0.0,0.0,-0.0,0.0,0.0,-0.0,0.0,0.0,-0.0,0.0,0.0,0.0,-0.0,0.0,0.0,-0.0,-0.04344351466095091,1.8464263015855973,-0.004317083459896079,-0.16170864924319747,-0.2510342260141198,-0.011380809504401021,-0.09674806412361858,1.2371447546967047,-0.008541477736170467,-0.12937479312896005,0.5402756007757723,-0.010216458438393866,-0.1892253316744119,-1.0068510496574379,-0.012163301502730187,-0.02380171951544521,1.6405719146501407,-0.0024738952310771564,-0.06766125554057573,1.7064974413017682,-0.006462076528990122,-0.008410031754988067,1.1916799276244014,-0.001114103004393024,0.002530737427274693,0.6857054808896331,-0.00022145942650521666,0.008271682205493893,0.015080404598363044,0.0004115057616133395,0.010141328019137166,-0.0007478176673726308,0.0005139450144054368,-0.0,0.0,-0.0,0.011455452412878932,0.0698759934958074,0.0005297957365861799,0.011457809246009962,-0.0032159107908926597,0.0005733692010541628,0.008915725551221313,0.2896254080622925,0.00029559515625410287,0.006268475823371318,0.014588435488126036,0.0002969926365737919,0.0,-0.0,0.0,0.0,-0.0,0.0,0.0,-0.0,0.0,0.0,0.0,0.0,0.0,-0.0,0.0,0.0,-0.0,0.0,0.0,-0.0,0.0,0.0033231149362969925,-0.04323505125479962,8.725167484376097e-05,0.0013598696627475457,-0.08247231510352432,1.1041405450804105e-05,0.005229063015485169,0.0055198577487331965,0.00020722440051818166,0.010140199136050826,0.16634996584863215,0.0005345454953272645,0.0,-0.0,0.0,0.011432577275955074,0.15073558637258225,0.000606461209707153,0.012897375986304272,0.05506976641314891,0.0007581312648782343,0.0,0.0,-0.0,0.014077569962966592,-0.0889168304970295,0.0007368656024379891,0.014195582487619323,-0.15517567855677544,0.0006856695299701925,0.0,0.0,0.0,0.014423258895660564,-0.11652143387505992,0.0006982467929761935,0.0,0.0,0.0,0.0,0.0,0.0,0.015491755160982149,-0.19567795760710643,0.0008666670896445291,0.014586702362169933,-0.03454125930696627,0.0007123141554117455,0.0,0.0,0.0,0.0,0.0,0.0,0.0153777292326234,-0.17967420229040798,0.0008331010525952718,0.0,0.0,0.0,0.0,0.0,0.0,0.0,0.0,0.0,0.0,0.0,0.0,0.0,0.0,0.0,0.0,0.0,0.0,-0.0,0.0,-0.0,0.0,0.0,0.0,0.0,0.0,0.0,0.0,0.0,0.0,0.011783579178410823,0.3810392029104162,0.0002958692184446381,0.006014581483342582,0.9350374919864359,-0.00016748481273562988,0.0,0.0,-0.0,-0.0,0.0,-0.0,-0.0,0.0,-0.0,-0.0,0.0,-0.0,-0.3489123937971505,-0.0,-0.0,-0.0,0.0,-0.0,-0.061462012522981446,0.0,-0.0,-0.15395990360045525,-0.0,-0.0,-0.2519037532535607,0.0,-0.0
-1 3 4,0.0,0.0,-0.0,0.0,0.0,-0.0,0.0,0.0,-0.0,0.0,0.0,-0.0,0.0,-0.0,0.0,0.0,-0.0,0.0,0.0,-0.0,0.0,0.0,0.0,-0.0,-0.0,0.0,-0.0,-0.0,0.0,-0.0,-0.005470242481103751,0.20876180728732247,-0.0024063676263765365,-0.008591582485104178,0.005211505317161343,-0.00450877914794514,-0.007965257788515494,0.17981216681710058,-0.003609829969548825,-0.00855204690712063,0.10978494396379872,-0.004117278334761524,-0.008218520533545015,-0.11567110451640517,-0.0047585674223888305,-0.003942506539197963,0.1795235721271655,-0.0017981874417811812,-0.0068813694525801505,0.21136429374025786,-0.0030257357376118846,-0.0025048709499220787,0.1348333603631908,-0.0012490753809384165,-0.0013324253642134577,0.08866989796543238,-0.0008031559100912192,0.00020087526485845195,0.005456833672423467,-2.6151543787471108e-05,0.00022122304640611625,0.008656906929657388,-6.656265500702844e-05,-0.0,0.0,-0.0,-5.24591657457873e-05,0.028138737202117417,-0.00027193319463470747,0.00016187295184222236,0.01507386779284969,-0.00014240027271587063,-0.0005205302424433937,0.051932259816627,-0.0004819504262766526,0.00015112756437313138,0.003479541654002723,-7.66724077600102e-06,0.0,0.0,-0.0,0.0,0.0,-0.0,0.0,0.0,-0.0,0.0,0.0,-0.0,0.0,0.0,0.0,0.0,-0.0,0.0,0.0,-0.0,0.0,6.471522860367753e-05,0.0005143611490010348,2.6037400497674687e-06,2.2859301992783207e-05,-0.0012636461407907835,3.232979920465594e-07,0.00011151200547148227,0.0023485085091560875,3.932274634040575e-06,0.0002327160485267538,0.007966732332855978,5.9788974535341555e-06,-0.0,0.0,-0.0,0.00028363493490817383,0.008242178780173732,4.3290990874425606e-08,0.00036024532822848126,0.007580458784997612,-3.190437910340278e-05,-0.0,0.0,-0.0,0.00043497176877008723,0.007590953617606949,-7.29790124896535e-05,0.0003073251267976514,0.014657419380165652,-0.00018219575474613848,0.0,0.0,0.0,0.0004342627423392711,0.008617350654397303,-9.156993718096742e-05,0.0,0.0,0.0,0.0,0.0,0.0,0.0001540835769880987,0.02155145739458005,-0.0002966236270762732,-0.00025870147975398243,0.04120378917608087,-0.00047719147342135883,0.0,0.0,0.0,0.0,0.0,0.0,-3.393850621345103e-05,0.02885274396658935,-0.0003872023642299181,0.0,0.0,0.0,0.0,0.0,0.0,0.0,0.0,0.0,0.0,0.0,0.0,0.0,0.0,0.0,0.0,0.0,0.0,-0.0,0.0,-0.0,0.0,0.0,0.0,0.0,0.0,0.0,0.0,0.0,0.0,-0.0007617200597539633,0.07219468729637116,-0.0006726849085547411,-0.0015378554314911524,0.11383609173962307,-0.0009514552361897594,-0.0,0.0,-0.0,-0.0,0.0,-0.0,-0.0,0.0,-0.0,-0.0,0.0,-0.0,-0.0,0.0,-0.0,-0.0,0.0,-0.0,-0.0,0.0,-0.0,-0.0,0.0,-0.0,-0.0,0.0,-0.0
-1 4 -3,0.0,-0.0,0.0,0.0,-0.0,0.0,0.0,-0.0,0.0,0.0,-0.0,0.0,0.0,-0.0,0.0,0.0,-0.0,0.0,0.0,-0.0,0.0,0.0,-0.0,0.0,0.0,-0.0,0.0,0.0,-0.0,0.0,0.00021356659478965532,-0.36702918092059283,0.0003062272693669204,-0.0019304777629409104,-1.0112199098589012,0.0005670519193372558,-0.0010569591954063637,-0.626889050068638,0.0004293849074908083,-0.0015845173392357637,-0.8030979081229458,0.0004919108581459529,-0.002164149907838694,-1.2288987085619343,0.000643749823127374,0.0007095303443489685,-0.270932411407215,0.00023405028637768515,-0.00041418595286309726,-0.48389432758457784,0.00037169703814247056,0.0009936803473623796,-0.1931568432399995,0.00016845229488461345,0.0010581405279765622,-0.1324411716428798,0.00011991330783331444,0.00032009719318206554,-0.008027701471985175,2.6257435188661576e-05,0.00044271101191625345,-0.01680461016433029,3.6229351122944334e-05,0.0,-0.0,0.0,0.0007854303364669347,-0.054523583533170855,6.602888507948283e-05,0.0005999228001931832,-0.031772208433168005,4.930037810042289e-05,0.0009614912454931117,-0.0871385706563432,8.794639790958244e-05,0.0002249510451921851,-0.0037782368827818046,1.840583815106123e-05,0.0,-0.0,0.0,0.0,-0.0,0.0,0.0,-0.0,0.0,0.0,-0.0,0.0,0.0,-0.0,0.0,0.0,-0.0,0.0,0.0,-0.0,0.0,0.00010923849313065301,-0.002464023729035518,6.25942206389705e-06,4.299012807078137e-05,-0.0033204531473036286,1.840802506239994e-06,0.00017183970628900611,-0.0015823811479120208,1.3388532967513518e-05,0.00033028823100528617,0.0018610918538886877,3.16673276324746e-05,0.0,-0.0,0.0,0.0004003050633027846,-0.0002715693270653456,3.6869983402702676e-05,0.0004915007910403728,-0.009194598382968901,4.175560514383221e-05,0.0,-0.0,0.0,0.0005870850161133231,-0.022964011297156122,4.1613942448038856e-05,0.0007289791541948805,-0.044529841211975896,5.757475345866282e-05,0.0,0.0,0.0,0.0006118725681852166,-0.027763745377659986,4.305030312125384e-05,0.0,0.0,0.0,0.0,0.0,0.0,0.000960505590301767,-0.0656909088145277,8.441253653754838e-05,0.0012240311002137663,-0.09618836079522866,0.00010296470697838566,0.0,0.0,0.0,0.0,0.0,0.0,0.0010784669051080262,-0.08123415908503505,9.674583936904849e-05,0.0,0.0,0.0,0.0,0.0,0.0,0.0,0.0,0.0,0.0,0.0,0.0,0.0,0.0,0.0,0.0,0.0,0.0,-0.0,-0.0,0.0,0.0,0.0,0.0,0.0,0.0,0.0,0.0,0.0,0.0,0.0014944664926290106,-0.12808680361172067,0.00011279378295720302,0.0017720787078599701,-0.16794969767695825,0.00012538345553446187,0.0,-0.0,0.0,0.0,-0.0,0.0,-0.0,-0.0,0.0,-0.0,-0.0,0.0,-0.0,-0.0,0.0,-0.0,-0.0,0.0,-0.0,-0.0,0.0,-0.0,-0.0,0.0,-0.0,-0.0,0.0
-1 4 -2,0.0,-0.0,0.0,0.0,-0.0,0.0,0.0,-0.0,0.0,0.0,-0.0,0.0,0.0,-0.0,0.0,0.0,-0.0,0.0,0.0,-0.0,0.0,0.0,-0.0,0.0,0.0,-0.0,0.0,0.0,-0.0,0.0,-0.02689480000983269,-2.061311998198753,0.008973892678317996,-0.11622754507604567,-5.115710192715932,0.012982480099175374,-0.07229592344948416,-3.230159026640163,0.013227539686081173,-0.09531468390383578,-4.098278263652871,0.014012162793903707,-0.1345932958257845,-6.148416649442603,0.010418508529422266,-0.009086205688772555,-1.6548149059813646,0.006889356078805734,-0.04871366817550918,-2.5609542530536804,0.01127214679899276,0.0032652716667681044,-1.2831317276438372,0.0052547038250322095,0.010090160343627693,-0.946287100348759,0.004045041171597374,0.005687533253598519,-0.07642751292230084,0.0008098377560446463,0.00769830832096839,-0.15261735926636522,0.0011784862400798105,-0.0,-0.0,0.0,0.011933296368678882,-0.44713071018002837,0.002335807334627221,0.009975901512936217,-0.2764246728978083,0.0016860949189571454,0.012464616272587568,-0.667016088028845,0.003111825352119947,0.004090319662821915,-0.04002566634664399,0.0005437142752127507,0.0,-0.0,0.0,0.0,-0.0,0.0,0.0,-0.0,0.0,0.0,-0.0,0.0,0.0,-0.0,0.0,0.0,-0.0,0.0,0.0,-0.0,0.0,0.0023209208601238248,-0.03851516924658871,0.00017684403185337834,0.0011402516255333709,-0.0379700405539176,7.686244236315541e-05,0.0033774362709380248,-0.0282311884010893,0.00037629509533059624,0.005745464882970947,0.009885479460906886,0.0008329141854091938,0.0,-0.0,0.0,0.006807323465554685,-0.0007586195208653186,0.001029446762548067,0.008570207335471178,-0.07119257150377703,0.0013101622718434233,0.0,-0.0,0.0,0.010060469467594603,-0.19854805078611132,0.0014108685305430743,0.013511530706120595,-0.4186432113360818,0.0020831010864326618,0.0,0.0,0.0,0.010617931801542845,-0.24786199481451485,0.0014929790450001715,0.0,0.0,0.0,0.0,0.0,0.0,0.017226225920403206,-0.6280992944436391,0.0029465193849718607,0.01871714657464152,-0.8230629764606032,0.0037760234101840012,0.0,0.0,0.0,0.0,0.0,0.0,0.01838296390787451,-0.7226206168581767,0.0035715942243610675,0.0,0.0,0.0,0.0,0.0,0.0,0.0,0.0,0.0,0.0,0.0,0.0,0.0,0.0,0.0,0.0,0.0,0.0,-0.0,-0.0,0.0,0.0,0.0,0.0,0.0,0.0,0.0,0.0,0.0,0.0,0.018104635161162043,-0.9818990586770571,0.004450708790069791,0.01687144055642985,-1.136719960120231,0.0050857817161364645,0.0,-0.0,0.0,-0.0,-0.0,0.0,-0.0,-0.0,0.0,-0.0,-0.0,0.0,-0.0,-0.0,0.0,-0.0,-0.0,0.0,-0.0,-0.0,0.0,-0.062396165635647774,-1.9052235077486057,0.0,-0.09841801584819111,-3.535504450842374,0.0
-1 4 -1,0.0,-0.0,0.0,0.0,-0.0,0.0,0.0,-0.0,0.0,0.0,-0.0,0.0,0.0,-0.0,0.0,0.0,-0.0,0.0,0.0,-0.0,0.0,0.0,-0.0,0.0,0.0,-0.0,-0.0,-0.0,-0.0,0.0,-0.04287750121595005,-1.4340746003941143,-0.009817176244349784,-0.08112303050840589,-0.3720900970004311,-0.05339959157360999,-0.061746283811860155,-1.2222485575233701,-0.021891996956132875,-0.07036102872081798,-0.8760168189854762,-0.033527467388688705,-0.09383976705983635,0.18089599555962932,-0.08021413327644769,-0.030291499013116698,-1.4047483380978016,-0.0046256306722895065,-0.05328633200440388,-1.389832744324626,-0.015128458355779627,-0.017414946347616804,-1.3131423809935865,0.00018395064116554522,-0.006666990101028551,-1.175140463797513,0.0036961789905053722,0.005639483487433915,-0.341826601469123,0.0020955474921347493,0.006142472121315821,-0.4886785636884507,0.003134552413614839,-0.0,-0.0,-0.0,0.004545614443652836,-0.8478669176127004,0.005269772650942695,0.006037136021202019,-0.6657785116744835,0.004318274502102662,0.0006179430336153444,-1.0175356373434044,0.005309491792712082,0.004911250829551585,-0.23592396045867528,0.0013152222968427648,0.0,-0.0,0.0,0.0,-0.0,0.0,0.0,-0.0,0.0,0.0,-0.0,0.0,0.0,-0.0,0.0,0.0,-0.0,0.0,0.0,-0.0,0.0,0.0045713093966366775,-0.14466447865084198,0.0004060317245859753,0.0026954124764897286,-0.08768554398792384,0.00015046981964319698,0.005512290020726392,-0.18829064400682102,0.0008645124044886884,0.006791256843908966,-0.27893228934305275,0.0015809393377926569,0.0,-0.0,0.0,0.007286173277321329,-0.33542205043664325,0.0022417821874589146,0.007570869395914022,-0.5038955466344982,0.003566929406879368,0.0,-0.0,0.0,0.006441976478711015,-0.6751377544113413,0.00471732635414345,0.00854395820036634,-0.9854017504252885,0.00641610107842678,0.0,0.0,0.0,0.006477234439595451,-0.7396913003255756,0.00508559001218282,0.0,0.0,0.0,0.0,0.0,0.0,0.009621240428613563,-1.2556111801886953,0.0073107829732874646,0.0038059260768688384,-1.2807374501253102,0.008915627665245689,0.0,0.0,0.0,0.0,0.0,0.0,0.0068194450992224214,-1.2607021933482685,0.009242005161605346,0.0,0.0,0.0,0.0,0.0,0.0,0.0,0.0,0.0,0.0,0.0,0.0,0.0,0.0,0.0,0.0,0.0,0.0,-0.0,-0.0,-0.0,0.0,0.0,0.0,0.0,0.0,0.0,0.0,0.0,0.0,-0.0028193998513469814,-1.2850200590997056,0.009395750567802582,-0.009403339154615529,-1.223952692617746,0.007287364495989599,-0.0,-0.0,0.0,-0.0,-0.0,-0.0,-0.0,-0.0,-0.0,-0.0,-0.0,-0.0,-0.0,0.0,-0.0,-0.002987946870446984,-0.0,-0.0,-0.017392630624313458,-0.0,-0.0,-0.017456456297508947,-0.0,-0.0,-0.05081450543602129,-0.0,-0.0
-1 4 1,0.0,-0.0,0.0,0.0,-0.0,0.0,0.0,-0.0,0.0,0.0,-0.0,0.0,0.0,-0.0,0.0,0.0,-0.0,0.0,0.0,-0.0,0.0,0.0,-0.0,0.0,-0.0,-0.0,-0.0,-0.0,-0.0,-0.0,-0.0646646818768841,-1.2364940461633054,-0.013494562854982956,-0.11147250117817575,0.7070372275154178,-0.02731842446976039,-0.08378728106920974,-0.7856615268660743,-0.017347250491973037,-0.09565165544401966,-0.17923149140063682,-0.01955359679314079,-0.129557335558383,1.7161679344233076,-0.041495960003200424,-0.052126252240180505,-1.2463143575260442,-0.008573946498260637,-0.07447546244974797,-1.108262136350461,-0.016348230955753603,-0.03726925306602666,-1.174059569521208,-0.002946997389200756,-0.022661784472294146,-1.0570547693603276,0.001694580649102277,0.004575552108714135,-0.3668476475067446,0.0020104690789132596,0.0038257630266070766,-0.5045683952309169,0.0030124068793163576,-0.0,-0.0,-0.0,-0.002915723942131976,-0.8008630455095916,0.004799458512572006,0.0016450960730530482,-0.6563489376451415,0.004107342511284216,-0.010874710989495726,-0.9310768285885627,0.004259604163345774,0.0045029191676922205,-0.2583352452333136,0.0012596748499189574,0.0,-0.0,0.0,0.0,-0.0,0.0,0.0,-0.0,0.0,0.0,-0.0,0.0,0.0,-0.0,0.0,0.0,-0.0,0.0,0.0,-0.0,0.0,0.004575278004760345,-0.15285417659941739,0.00038775080234148206,0.0026906768269947174,-0.09016048435926066,0.00014573109589233307,0.00552062729778644,-0.2049744620038872,0.0008358433999643992,0.006813162796846124,-0.31826307491756495,0.0015195707919798485,0.0,-0.0,0.0,0.007070753138614348,-0.3845017565632123,0.00216157649597041,0.006192785938713477,-0.5641944098141632,0.003383825693510903,-0.0,-0.0,-0.0,0.003002504076163999,-0.7410878916409569,0.004432202501619789,0.002540120006529007,-0.9568138067671963,0.006316051195189078,0.0,0.0,0.0,0.0025030461622801417,-0.7848489117553873,0.0047956071930854655,0.0,0.0,0.0,0.0,0.0,0.0,0.0007148721523999689,-1.1300488915674582,0.007403577463239424,-0.009318374514166434,-1.1235999975750623,0.008480285603568206,0.0,0.0,0.0,0.0,0.0,0.0,-0.004170486111276352,-1.125237682694992,0.009182483690139891,0.0,0.0,0.0,0.0,0.0,0.0,0.0,0.0,0.0,0.0,0.0,0.0,0.0,0.0,0.0,0.0,0.0,0.0,-0.0,-0.0,-0.0,0.0,0.0,0.0,0.0,0.0,0.0,0.0,0.0,0.0,-0.02062722760339242,-1.063596319563677,0.008104962018942261,-0.03414550160428441,-1.0044273803376516,0.004547599120634644,-0.0,-0.0,0.0,-0.052906018177772976,-0.0,-0.0,-0.04596780279295733,-0.0,-0.0,-0.027686164033544722,0.0,-0.0,-0.0679484721314564,0.0,-0.0,-0.10036388439641805,-0.0,-0.0,-0.11432423324680967,-0.0,-0.0,-0.11559276850052837,-0.0,-0.0,-0.14654815289992115,0.0,-0.0
-1 4 2,0.0,-0.0,0.0,0.0,-0.0,0.0,0.0,-0.0,0.0,0.0,-0.0,0.0,0.0,-0.0,0.0,0.0,-0.0,0.0,0.0,-0.0,0.0,0.0,-0.0,0.0,0.0,-0.0,0.0,0.0,-0.0,0.0,-0.029418623220228465,-2.23708998053883,0.008119495423992892,-0.1026179322995526,-5.48858419948505,0.00900164285395616,-0.06459382274259495,-3.575216683864996,0.011983191581095362,-0.08372382729703318,-4.497825017066613,0.01158184523273971,-0.12069190095662313,-6.419457376745346,0.004865264048682451,-0.015395966248609066,-1.7663622687199099,0.005659474100310555,-0.04612001442067631,-2.8167039300513563,0.010542646512673743,-0.0047473005483476835,-1.3365079529876205,0.0037872551346437864,0.0022645659139179865,-0.9509948818982773,0.0026141611953537456,0.004533826202018466,-0.08565031563122376,0.0007026005557162048,0.0056646712643736215,-0.1543038295604448,0.0009225430094539158,-0.0,-0.0,0.0,0.007091967154951984,-0.4228046221780481,0.0015047849807654696,0.0066967721924628435,-0.2644243183057238,0.0011846362041847585,0.005949552892461842,-0.6448806313647159,0.0019334834008628524,0.003485201500173065,-0.05022650713927974,0.0005101049526713335,0.0,-0.0,0.0,0.0,-0.0,0.0,0.0,-0.0,0.0,0.0,-0.0,0.0,0.0,-0.0,0.0,0.0,-0.0,0.0,0.0,-0.0,0.0,0.0022155164169155453,-0.04266333827589294,0.00019064947208665206,0.0011051263200759227,-0.03903740311171673,8.179674087281292e-05,0.0031486602508786193,-0.037532446634371074,0.0003898614659449468,0.005205194930593702,-0.01276693100444586,0.0008494685353396844,0.0,-0.0,0.0,0.005969984730263599,-0.02725760374085055,0.0010152608868449842,0.006836395782045429,-0.09337007244334773,0.0011772481597404876,0.0,-0.0,0.0,0.006927613476903248,-0.2155409910688424,0.0010954795961265072,0.008741639129827904,-0.38181135903008584,0.0013960327793250806,0.0,0.0,0.0,0.007168982190918155,-0.25075195044946985,0.00110001566747637,0.0,0.0,0.0,0.0,0.0,0.0,0.01064344486632806,-0.5429911694298902,0.0018018452172137544,0.010849790098118107,-0.7339756805517411,0.0021584871735432156,0.0,0.0,0.0,0.0,0.0,0.0,0.010948064010631028,-0.6400255398618675,0.0021201065484287274,0.0,0.0,0.0,0.0,0.0,0.0,0.0,0.0,0.0,0.0,0.0,0.0,0.0,0.0,0.0,0.0,0.0,0.0,-0.0,-0.0,0.0,0.0,0.0,0.0,0.0,0.0,0.0,0.0,0.0,0.0,0.008824072721328149,-0.8784848813216795,0.0024624894645440937,0.004593078639166765,-1.0870295771034444,0.0024747740449846227,0.0,-0.0,0.0,-0.0,-0.0,0.0,-0.0,-0.0,0.0,-0.0,-0.0,0.0,-0.0,-0.31337351032452915,0.0,-0.0,-0.0,0.0,-0.0,-1.091494808193063,0.0,-0.035880502109957906,-3.6463695650290244,0.0,-0.07054778975743538,-5.24673025318186,0.0
-1 4 3,0.0,-0.0,0.0,0.0,-0.0,0.0,0.0,-0.0,0.0,0.0,-0.0,0.0,0.0,-0.0,0.0,0.0,-0.0,0.0,0.0,-0.0,0.0,0.0,-0.0,0.0,0.0,-0.0,0.0,0.0,0.0,0.0,-0.0004203246384155682,-0.08188947990307108,0.0003762101436556027,-0.0006689005751572009,-0.561258091966167,0.00039750877036172746,-0.000932591184407639,-0.2782361359552186,0.000439076469590741,-0.0008789399784657234,-0.41330527483810403,0.00042571975935151187,-0.0004543528435407397,-0.705201635249412,0.00036090730133837346,-5.914845685419714e-07,-0.02979175424486814,0.00030647348787517264,-0.0007660649601151267,-0.16575894659448456,0.0004245467884805111,0.00036910809319218334,-0.00611974120786095,0.00023638168797835004,0.0006021593882826736,-0.0006275081630629378,0.00017906527331466366,0.0002970146482201647,-0.000647974698752499,3.2838534697935843e-05,0.00040136489197879153,-0.0017268616472719826,4.919975781688726e-05,0.0,-0.0,0.0,0.0006281784345926604,-0.0033550538118255566,0.00010049302133486958,0.000519394485050493,-0.0030070527877906895,7.178273585777304e-05,0.000676590079075234,-0.001980805160674763,0.00013530679533693538,0.00021064158988086604,-0.00032847727461632835,2.1386315934560555e-05,0.0,-0.0,0.0,0.0,-0.0,0.0,0.0,-0.0,0.0,0.0,-0.0,0.0,0.0,-0.0,0.0,0.0,-0.0,0.0,0.0,-0.0,0.0,0.00010248653680256494,-0.0018867523264616318,6.775062092443352e-06,4.118847504053033e-05,-0.002821588121195403,2.1217294519574883e-06,0.000161452361899622,-0.0005850578037550666,1.4172890799890235e-05,0.0003101634866956501,0.003994513039721399,3.3163866587237795e-05,0.0,-0.0,0.0,0.0003732681713305262,0.0035712772446475274,3.921427201336604e-05,0.00046616981943218216,0.0006939704986088537,5.0485074983703466e-05,0.0,-0.0,0.0,0.0005504906693719466,-0.004804213759609823,6.13827503275321e-05,0.0006580629822695296,-0.008608910535342918,9.16074849910793e-05,0.0,0.0,0.0,0.0005763688132812621,-0.006011868623649804,6.605807994663839e-05,0.0,0.0,0.0,0.0,0.0,0.0,0.0008158803670314033,-0.009493601268059537,0.00013040529226383574,0.0009908606539125741,-0.007958510522198326,0.00016855980352301859,0.0,0.0,0.0,0.0,0.0,0.0,0.0008933008415728449,-0.010033734046119356,0.00015228039867429803,0.0,0.0,0.0,0.0,0.0,0.0,0.0,0.0,0.0,0.0,0.0,0.0,0.0,0.0,0.0,0.0,0.0,0.0,-0.0,-0.0,0.0,0.0,0.0,0.0,0.0,0.0,0.0,0.0,0.0,0.0,0.0010897908360208313,-0.0022353875130956837,0.00019091331581864253,0.0011038298049952412,0.005518043018447662,0.00021325397551579903,0.0,-0.0,0.0,-0.0,-0.0,0.0,-0.0,-0.0,0.0,-0.0,-0.0,0.0,-0.0,-0.0,0.0,-0.0,-0.0,0.0,-0.0,-0.0,0.0,-0.0,-0.0,0.0,-0.0,-0.0,0.0
1 1 -4,0.0,0.0,-0.0,0.0,0.0,-0.0,0.0,0.0,-0.0,0.0,-0.0,-0.0,0.0,-0.0,0.0,0.0,-0.0,0.0,0.0,-0.0,0.0,0.0,0.0,-0.0,0.0,0.0,-0.0,0.0,0.0,-0.0,0.034540937794457334,1.5998632218901223,-0.0036377162514717445,0.0002515067375121615,0.8047087168106092,-0.007698154687916344,0.02256210744855175,1.5348860832480298,-0.00514131624889257,0.011287005822859157,1.2268866014953141,-0.006316539808014225,-0.008467109029775838,0.37825500144284147,-0.009076923886381962,0.032443697852801955,1.4028460875957156,-0.003082716370229561,0.03107519794625139,1.6595742009127032,-0.004267656298251714,0.02620032993874925,1.1304812180662687,-0.0024675695795387848,0.01862317519044783,0.8427216082838138,-0.0018097704832611818,0.003624865487874369,0.0677736272903011,-0.00010256783897396977,0.004822984534757154,0.12462944865107956,-0.0002203305150230419,0.0,0.0,-0.0,0.008394646004834826,0.3739003016833625,-0.0007524929959072066,0.0062153103795842875,0.22212053490074166,-0.00042737644747800954,0.012351542447182685,0.5832769640957371,-0.0012155645801568526,0.0025262485275219277,0.03426014171636966,-4.3061869988503405e-05,0.0,0.0,-0.0,0.0,0.0,-0.0,0.0,0.0,-0.0,0.0,0.0,-0.0,0.0,-0.0,-0.0,0.0,-0.0,0.0,0.0,-0.0,0.0,0.0009540565784821671,-0.008903663420071916,1.7958456646753829e-06,0.00032586958022106993,-0.034941322043711504,7.547977690550832e-07,0.0017301981305339156,0.01588584687418761,-4.610251193098268e-06,0.0037740355880283376,0.09380510907317104,-2.0629500855771762e-05,0.0,0.0,-0.0,0.004649277461299071,0.08817382130695658,-4.630129622477388e-05,0.006001028070255865,0.0818656511567642,-0.0001498659064976242,0.0,0.0,-0.0,0.007887249613843426,0.12954234860452538,-0.0002562420493292088,0.007200458973681061,0.24896281922278962,-0.0005446264571763359,0.0,0.0,0.0,0.008003219008112843,0.1471152423082175,-0.0003090028062661875,0.0,0.0,0.0,0.0,0.0,0.0,0.007534973361378105,0.40296043771643303,-0.0008678138706537959,0.008702038857382147,0.6797404317739435,-0.00136125327980404,0.0,0.0,0.0,0.0,0.0,0.0,0.00782755165389106,0.5720416774006645,-0.0011091538847126919,0.0,0.0,0.0,0.0,0.0,0.0,0.0,0.0,0.0,0.0,0.0,0.0,0.0,0.0,0.0,0.0,0.0,0.0,0.0,0.0,-0.0,0.0,0.0,0.0,0.0,0.0,0.0,0.0,0.0,0.0,0.013209734777772854,0.9401873605990468,-0.0018820961420349662,0.019401609205627137,1.246132407262028,-0.002542225116398372,0.0,0.0,-0.0,0.005057517541301093,0.0,-0.0,0.0,0.0,-0.0,0.0,0.0,-0.0,-0.0,-0.0,-0.0,0.005088351846319466,0.0,-0.0,0.0,0.0,-0.0,0.0,0.0,-0.0,0.0,0.0,-0.0
1 1 -3,0.03484638126511926,0.0,-0.0,0.0,0.0,-0.0,0.0,0.0,-0.0,0.0,-0.0,-0.0,0.0,-0.0,-0.0,0.0,-0.0,-0.0,0.0,-0.0,-0.0,0.07134339765342909,0.0,-0.0,0.020569755711230705,0.0,-0.0,0.07135924302788789,0.0,-0.0,0.013094331949073836,-0.3248188726113714,-0.018297243126065545,-0.05044085686260662,-0.1532817998719467,-0.04048825875309093,-0.0114824417780302,-0.8248819035736508,-0.028319253467131284,-0.02990525922071847,-0.6235018009540906,-0.03453040133160762,-0.06993127633633062,0.4457981199877174,-0.045472868094626036,0.020379046572526333,0.09455198146153951,-0.015077123359649095,0.0028552262336862437,-0.6977601570915144,-0.02272103933210918,0.025485532402714534,0.38860577758138176,-0.012665240277047,0.028397036647011428,0.5133988331113685,-0.010590141285752969,0.017257223740845602,0.21725994229126927,-0.0019064337316410287,0.022072477439551014,0.3100351361447263,-0.003078615631014614,0.09983746298224903,0.0,-0.0,0.02818004637490704,0.46945947732158216,-0.00655484180983369,0.025827759759096063,0.3958799761092582,-0.0046601977489063385,0.02913898839152508,0.5196712264700727,-0.008572738239578262,0.01228977841320128,0.12634378925310202,-0.0011103651867585898,0.021526424340068906,0.0,-0.0,0.041547971236255865,0.0,-0.0,0.0,0.0,-0.0,0.0,0.0,-0.0,0.0,-0.0,-0.0,0.0,-0.0,-0.0,0.0,-0.0,-0.0,0.004936103164822067,-0.006209690999420657,-0.00017304911658860584,0.0018002564187473175,-0.15944473962872588,-3.6214388690469875e-05,0.008765862535253351,0.09016870480320094,-0.0005384371608053184,0.018860515109074008,0.384200152452705,-0.001401196102774493,0.04809717679958697,0.0,-0.0,0.022574111866710257,0.3026516504801698,-0.001896520636029477,0.028285773807106094,0.3548998657683682,-0.0032718266933981755,0.05959342652538175,0.0,-0.0,0.03664557622931559,0.5646900108829166,-0.004318863990638118,0.033612955719340205,0.5055293375517317,-0.006377446360095786,0.0,0.0,0.0,0.03711910687759366,0.5646511871517895,-0.00481509087519777,0.0,0.0,0.0,0.0,0.0,0.0,0.03320601995235743,0.49180621918703354,-0.008813990224229216,0.027184585913679726,0.5988509538415967,-0.0109886807409298,0.0,0.0,0.0,0.0,0.0,0.0,0.030047301427744613,0.6025450643097723,-0.009938344503770197,0.0,0.0,0.0,0.0,0.0,0.0,0.0,0.0,0.0,0.0,0.0,0.0,0.0,0.0,0.0,0.0,0.0,0.0,0.06466390019787432,0.0,-0.0,0.0,0.0,0.0,0.18089332179279421,0.0,0.0,0.0,0.0,0.0,0.030975619138753303,0.7382966108687126,-0.013237910802867753,0.03232912769417263,0.7519101559166451,-0.014864915868565792,0.06510867506409168,0.0,-0.0,0.06433025557600573,0.0,-0.0,0.0634548983363057,-0.0,-0.0,0.012899621775087395,-0.0,-0.0,-0.00572261993818551,-0.01890437184548549,-0.0,0.05440066065526066,0.0,-0.0,0.0394689689563041,-0.0,-0.0,0.010953130333169293,-0.0,-0.0,-0.0,0.0,-0.0
1 1 -2,0.0,-0.0,-0.0,0.0,-1.5880062267840995,-0.0,0.0,-0.47096978551273216,-0.0,0.0,-0.0,0.0,0.0,-0.0,0.0,0.0,-0.0,0.0,0.0,-0.0,0.0,0.06984607690418014,-0.0,-0.0,0.16821987308905714,0.0,-0.0,0.0,0.0,-0.0,0.015218027763918389,0.9370927296455771,-0.048858182079098124,0.05166473293594849,1.5213130841874947,-0.11365358323663349,0.0200829830695827,1.616807021699257,-0.07530555626209552,0.03260714411350413,1.6761189196486415,-0.09366636178344555,0.07420128366222184,1.2072052476036557,-0.13316556613366115,0.01890197863975108,0.47498667224802404,-0.04004704200980452,0.01474167259094451,1.3512466563085026,-0.06024257600084113,0.023267185853938485,0.06172587035550775,-0.032421205196202826,0.026500362584236156,-0.24947410955381116,-0.02534504425468979,0.013986188211928041,-0.6464377754213416,-0.002863583989783399,0.018593242872783883,-0.6777669869534424,-0.0049880318838544145,0.0,0.0,-0.0,0.026246908238033266,-0.5762247411269341,-0.013042306101832433,0.0229897861083005,-0.6501245810457195,-0.008334967109185918,0.027561225985147344,-0.45261971738578965,-0.018821812368425034,0.009875733738608304,-0.5566106186795858,-0.0014868696626504153,0.0,-0.8186328664819228,-0.0,0.03160845467047565,-0.0,-0.0,0.0,-0.41373471948686,-0.0,0.0,-0.9248768011833953,-0.0,0.0,-0.0,0.0,0.0,-0.0,0.0,0.0,-0.0,0.0,0.0045033179302201454,-0.2894550115448667,0.0010208175761987988,0.0018080467590898895,-0.29928380285927203,0.0007991448621622011,0.00739610240413649,-0.45064096334575937,-0.0006572439764497337,0.014878706891638246,-0.8624795814951864,-0.0028691861511450745,0.051403590699961976,-0.0,-0.0,0.01752246245576842,-1.13249578563111,-0.004022710514293124,0.021272275860572846,-0.9915122983840237,-0.0067047437660099915,0.04453480122442095,0.0,-0.0,0.027853127913130916,-0.6555952675576664,-0.004598455095841195,0.030813943530099093,-0.6735762933568832,-0.008919312033456887,0.0,0.0,0.0,0.028904960309045918,-0.628500918256806,-0.005295777323039219,0.0,0.0,0.0,0.0,0.0,0.0,0.037897924014260134,-0.4782545176061048,-0.015895677495656575,0.03197031842378256,-0.4079083056002915,-0.02547787900558596,0.0,0.0,0.0,0.0,0.0,0.0,0.036159274130053924,-0.36846359562962006,-0.02053616746514276,0.0,0.0,0.0,0.0,0.0,0.0,0.0,0.0,0.0,0.0,0.0,0.0,0.0,0.0,0.0,0.0,0.0,0.0,0.0,0.0,-0.0,0.0,0.0,0.0,0.0,0.0,0.0,0.0,0.0,0.0,0.029950783331178798,-0.38998921411468795,-0.03445379532844701,0.027620320247682493,-0.3479877608806631,-0.036587742162491096,0.021165687241170256,0.0,-0.0,0.0,0.0,-0.0,0.0,0.0,-0.0,0.0,0.0,-0.0,0.0,0.0,-0.0,0.0,0.0,-0.0,0.0,0.2315626564429629,-0.0,0.0,2.3294256051057225,-0.0,0.0,3.1555427710387995,-0.0
1 1 -1,0.0,-0.0,0.040194909493749174,-0.0,-0.0,0.0,-0.0,-0.0,0.0,-0.0,-0.0,0.0,-0.0,-0.0,0.0,0.0,-0.0,0.0,0.0,-0.0,0.0,0.0,-0.0,0.1395571361636957,0.0,0.0,0.09984371725633293,0.0,0.0,0.004346924978665711,0.006576938491119451,0.3089792908206517,-0.0008552637705580524,0.015329735386329582,0.7883634863594555,-0.1852427553958603,0.01074957060218034,0.5428352985477444,-0.1010592159856453,0.013326159072115335,0.6660909172341596,-0.14493926255359574,0.01626554531424524,0.899380867015779,-0.22190342397604518,0.005210468194594847,0.20686614065782682,0.04586516102307625,0.008373242342383012,0.42292552451435794,-0.05225042792149717,0.0040436435001403,0.12342104706835044,0.07991232233764926,0.0030627489504543005,0.06232922395412147,0.09714646325266417,0.00018471411046616017,-0.01333623742877449,0.03583933098361482,0.0005506079955729817,-0.013733198499508402,0.0520614183620943,0.0,0.0,-0.0,0.0016610702385234774,0.0006998953304884599,0.08767822906451696,0.0010709074376890266,-0.010001959002674456,0.07060677131219438,0.002296937077182004,0.02290545474112955,0.09833399032901805,8.26178327813085e-06,-0.010724771225373762,0.02408953367394384,0.0,-0.0,0.07434961969607438,0.0,-0.0,0.13826619323845865,-0.0,-0.0,0.0,-0.0,-0.0,0.0,-0.0,-0.0,0.0,0.0,-0.0,0.0,-0.0,-0.0,0.0,-6.21007839003699e-06,-0.003506955086660891,0.017192781372507147,3.5825209741732917e-05,-0.002001645735923228,0.009476167922368673,-5.751709577354924e-05,-0.007810122056581563,0.013016327331277337,-0.0002118488073074407,-0.019691564627676586,0.025808876620820383,0.0,0.0,0.1653211200913414,-0.0003109513627233944,-0.023627741155690163,0.029109122965621403,-9.203115150880694e-05,-0.023483798158480666,0.04712074367737478,0.0,0.0,0.1344392245628833,0.0009348571034541335,-0.020240018045936833,0.08566637615739603,0.002117960854766769,-0.014526427555541739,0.11091531124967119,0.0,0.0,0.0,0.0012505278618780429,-0.019133197850657473,0.0946877020624284,0.0,0.0,0.0,0.0,0.0,0.0,0.0033340894247866483,-0.003499337247731601,0.12221037960770065,0.0025563112962891568,0.01164671993749391,0.13054585759440504,0.0,0.0,0.0,0.0,0.0,0.0,0.003030913594564367,0.0036313141332732536,0.12412199409838799,0.0,0.0,0.0,0.0,0.0,0.0,0.0,0.0,0.0,0.0,0.0,0.0,0.0,0.0,0.0,0.0,0.0,0.0,0.0,0.0,-0.1145596532874735,0.0,0.0,0.0,0.0,0.0,0.0,0.0,0.0,0.0,0.0023330622109937645,0.03314489029084385,0.12892866011004273,0.0032492178474155917,0.06677550008834701,0.14293593018890272,0.0,0.0,0.06220943334893274,0.0,0.0,-0.0,0.0,0.0,-0.12261402663372388,0.0,0.0,-0.12492830834473981,0.0,0.0,-0.12460412547722005,0.0,0.0,-0.049717507289339144,0.0,0.0,-0.055033875043753636,0.0,0.0,-0.07622142095595139,0.0,0.0,-0.11612681076492243
1 1 1,0.0,-0.0,0.0,0.0,-0.0,0.0,0.0,-0.0,0.0,0.0,-0.0,0.0,0.0,-0.0,0.0,0.0,-0.0,0.0,0.0,-0.0,0.0,0.0,-0.0,0.0,0.0,-0.0,0.0,-0.0,-0.0,0.0,-0.0006922649147169701,-0.2908338890140329,0.026166287977862482,-0.009707052908264614,-0.5896103382930106,0.021294125855175986,-0.0026964941419802984,-0.5179469857927417,0.03140852062391519,-0.005574296226028216,-0.5825044000148228,0.030941914382674546,-0.014517862058667078,-0.5468387815152185,0.0023585947315836854,-0.0006920207286132054,-0.18316349827886205,0.02970788741231257,-0.0011758376466540397,-0.4116429237732627,0.027929833424296883,-0.0006959936202856067,-0.10536562780729491,0.03787747093790181,-0.00044749347234005604,-0.05837994844927882,0.04535676925560256,0.001290979374606806,-0.013106853565122648,0.011765022740161493,0.0013833903234045028,-0.014575044936946039,0.019783321952069898,-0.0,-0.0,-0.004553283385129805,0.0007029929673073073,-0.021705812533541254,0.04105642896158295,0.0011877806918973788,-0.01659110300855496,0.030691331596515666,7.774965116830053e-05,-0.03360147943892316,0.046810177919042455,0.0010297522806008714,-0.010839812131722488,0.007832725824812616,0.0,-0.0,0.0,0.0,-0.0,0.0184876819350607,0.0,-0.0,0.0,0.0,-0.0,0.0,0.0,-0.0,0.0,0.0,-0.0,0.0,0.0,-0.0,0.0,0.0005289597903008783,-0.0035740594921024175,0.012488457690918327,0.0002483305894877694,-0.002612403565194264,0.008058563066276038,0.0008815647892177672,-0.008186320526984587,0.002959348405750867,0.0017699142515784736,-0.021248358425351076,0.0019860579395031114,0.0,-0.0,0.032307791501489234,0.0018315163585516537,-0.026272705607894808,-0.00036341127025978326,0.0021732519522775617,-0.019543876798132687,0.0034205809542902197,-0.0,-0.0,0.012687842032973571,0.002462638881656877,-0.01118341441016065,0.02865323581524153,0.001675811406787918,-0.011528206271320802,0.05810552414938897,0.0,0.0,0.0,0.0024282161208549332,-0.010073851229408837,0.03795835372982047,0.0,0.0,0.0,0.0,0.0,0.0,0.0001669027079804074,-0.014478200426222183,0.07698498098909888,-0.0005828779019651948,-0.02231146308076801,0.06856555489861961,0.0,0.0,0.0,0.0,0.0,0.0,-0.0006256849651012875,-0.018860687418437248,0.07115191505397636,0.0,0.0,0.32960995143099875,0.0,0.0,0.0,0.0,0.0,0.0,0.0,0.0,0.0,0.0,0.0,0.439797929264712,0.0,0.0,0.5638811508512173,-0.0,-0.0,-0.003313170822068372,0.0,0.0,0.537412357503782,0.0,0.0,0.5904706311545125,0.0,0.0,0.5630638766180003,-0.0012356283059981694,-0.036469241703490876,0.0624460972999605,-0.002384000989708563,-0.06547967825077859,0.06687586128375396,-0.0,-0.0,0.0,-0.0,-0.0,-0.0,-0.0,-0.0,-0.018531714842108846,-0.0,-0.0,-0.0,-0.0,-0.0,-0.0,0.0,-0.0,-0.0,0.0,-0.0,-0.0,0.0,-0.0,-0.0,-0.0,-0.0,0.0
1 1 2,0.0,-1.1702524060718489,-0.0,0.0,-0.0,-0.0,0.0,-0.0,-0.0,0.0,-0.0,-0.0,0.0,-0.0,0.0,0.0,-0.0,0.0,0.0,-0.0,0.0,0.0,-0.0,-0.0,0.0,-0.0,0.0,0.0,-4.270505932389563,0.0,0.01975539841615593,-4.770913542776838,0.03703759450049768,0.0273496482352105,-8.14883437742317,0.1928162713785768,0.029820450843337218,-6.486857248317282,0.09178849263467559,0.030918132744733727,-7.3303498618496405,0.13766268054293035,0.020882973808838093,-8.909974158465232,0.2483544274689876,0.017785887564111702,-3.8835470063247954,0.02166614499776261,0.024990048886457446,-5.632928546619893,0.058911085743392023,0.020509837802771866,-2.976955489697012,0.009326279024294217,0.02617961368281978,-2.123252056439085,-0.001092823430988354,0.024114305239959992,-0.5034436027315468,-0.008671428583526928,0.030234218234731464,-0.5575101701125121,-0.012105205323122278,0.0,-6.66139542712063,-0.0,0.03463304141523701,-0.941510444720159,-0.013423004077791241,0.034106143418343095,-0.673415695979552,-0.01417356554814047,0.03166510583008043,-1.4238561968243026,-0.008993883916207064,0.01740193039490946,-0.4419277413507284,-0.005232600051190435,0.040517100566437925,-0.6745736790247612,-0.0,0.042457429661548564,-0.7138892101124781,-0.0,0.0,-0.0,-0.0,0.023782186724548827,-0.0,-0.0,0.0,-0.0,-0.0,0.0,-0.0,0.0,0.0,-0.0,0.0,0.007239376768149118,-0.23934210493116098,0.00027489370111932483,0.002836315824891237,-0.28338898738994023,0.0005434684060443147,0.01266280453953068,-0.36059134059699516,-0.002251784857011586,0.026757669865823105,-0.6717236034726217,-0.006902633602157715,0.019393213291252986,-0.0,-0.0,0.03164172325516756,-0.9185875617784492,-0.010297667230297214,0.040980619206973844,-0.7198318117999403,-0.018283875560901594,0.0,-0.782272500919373,0.0,0.04981539334131409,-0.35049062356309324,-0.02432030883447962,0.04597361620020909,-0.4168188755761552,-0.022336607807361738,0.0,0.0,0.0,0.05079321692872474,-0.28611859541769297,-0.023888970888331054,0.0,0.0,0.0,0.0,0.0,0.0,0.040993288740127316,-0.5967636243798468,-0.02140320682427929,0.034505555731910276,-1.4042362538687336,-0.013843134922881964,0.0,0.0,0.0,0.0,0.0,0.0,0.037223671451914984,-1.0125591373444989,-0.019738815183786094,0.0,0.0,0.0,0.0,0.0,0.0,0.0,0.0,0.0,0.0,0.0,0.0,0.0,0.0,0.0,0.0,0.0,0.0,0.0,-5.627592202098406,-0.0,0.0,0.0,0.0,0.0,0.0,0.0,0.0,0.0,0.0,0.02874319198478842,-1.9270264454441501,-0.002135839045934725,0.017350790373799323,-3.1154810926424297,0.011091717677322182,0.0,-2.9053322766802934,0.0,0.0,-4.660706146286797,0.0,0.0,-5.360314457391881,-0.0,0.0,-5.582646835823977,-0.0,0.0,-3.406489417802443,0.0,0.0,-5.003614189859013,0.0,0.0,-6.275086965394379,0.0,0.016709909692446078,-6.162141244886301,0.0,0.0,-7.192361135952304,0.0
1 1 3,0.030266620476385276,0.0,-0.0,0.0,0.0,-0.0,0.0,0.0,-0.0,0.0,0.0,-0.0,0.0,-0.0,-0.0,0.0,-0.0,-0.0,0.0,-0.0,-0.0,0.0,0.0,-0.0,0.0,0.0,-0.0,0.0,0.0,-0.0,0.006346916824158362,3.852017179910076,-0.016236185794940242,-0.01562828842212307,8.34370137661267,-0.02186066996900818,-0.001321268149314173,5.620811079374089,-0.018023503683318915,-0.007347315672026884,6.899816424623186,-0.019743088972104826,-0.024871753924168415,9.7461980735007,-0.023997464498397753,0.011405353349699339,3.243949817629321,-0.015651062876593656,0.002741537787923634,4.613843711473673,-0.01689576648084967,0.01880602957387272,2.734759148456098,-0.014746598157354913,0.027249334778803157,2.324398359907798,-0.013419685318852756,0.024132851252917177,0.7756017693897064,-0.0037749252182295114,0.031387878764651586,1.1156356776769534,-0.005651007261597345,0.0,0.0,-0.0,0.03738394668227486,1.7343064833897965,-0.009866193109072987,0.03632359022896879,1.4448086835243696,-0.007763217573920494,0.03411805749597732,2.0073335330373587,-0.011772537116985083,0.016661352650822452,0.4768768412174079,-0.0023101542433069354,0.0377217411622261,0.0,-0.0,0.04139969413119981,0.0,-0.0,0.0,0.0,-0.0,0.007583912084302476,0.0,-0.0,0.0,0.0,-0.0,0.0,-0.0,-0.0,0.0,-0.0,-0.0,0.00583252578752868,0.08410389472743286,-0.0004805959054024415,0.002082232236923629,-0.12119835348535192,-0.00013610699468710565,0.010931133401977709,0.2762909202636554,-0.0011807354495110734,0.024369973740634456,0.8227913120438898,-0.0029310012873075848,0.034518682017876536,0.0,-0.0,0.029986905226280128,0.8934376698659231,-0.003941017745967122,0.04151362444518317,1.3096483224486029,-0.0066354689611560665,0.02342968214140995,0.0,-0.0,0.05492524891708868,1.9159689734154097,-0.009402325341288521,0.05198522865186876,2.207292678816518,-0.011240903211432677,0.0,0.0,0.0,0.05680854225250627,2.0721792641966714,-0.00984727263714228,0.0,0.0,0.0,0.0,0.0,0.0,0.04789602402171182,2.2514911595756253,-0.013086606094471433,0.03599609734171735,2.045153539197455,-0.01460065564929875,0.0,0.0,0.0,0.0,0.0,0.0,0.04238803031706094,2.1547775020960427,-0.014091485588708043,0.0,5.613977362171181,0.0,0.0,0.0,0.0,0.0,7.081346133689208,0.0,0.0,8.108067289310963,0.0,0.0,9.447343391633371,0.0,0.0,8.863832948557915,0.0,0.0,0.0,-0.0,0.0,9.138419042873052,0.0,0.0,8.19411834165611,0.0,0.0,9.080161807158841,0.0,0.029172653315905604,2.2666448420944665,-0.01520344913185127,0.017960363394432282,2.251672386541492,-0.015952601974106705,0.017059455962547595,0.0,-0.0,0.0,0.6232599089052344,-0.0,0.0,0.0,-0.0,0.0,0.0,-0.0,-0.0,0.0,-0.0,0.0,2.031406576631557,-0.0,0.0,2.9880751208680785,-0.0,0.0,4.558756684856191,-0.0,-0.0020974335114485516,7.263289442032354,-0.0
1 1 4,0.0,0.0,-0.0,0.0,0.0,-0.0,0.0,0.0,-0.0,0.0,0.0,-0.0,0.0,-0.0,-0.0,0.0,-0.0,-0.0,0.0,-0.0,-0.0,0.0,0.0,-0.0,0.0,0.0,-0.0,0.0,0.0,-0.0,0.008686796890782089,4.098792142715935,-0.0031604360114809204,-0.010316459425829939,2.4747616218185553,-0.0059494105529642365,0.0017495795931694957,4.1468726838727274,-0.004238237940181498,-0.004273261036022621,3.4845603215661636,-0.005034173173321937,-0.015169246462940158,1.341132420166239,-0.006836908886290638,0.008875487579780175,3.521604894164356,-0.0027084513667328526,0.0063485581787008465,4.3467378261027365,-0.0036293673246613665,0.007779427328566206,2.7810087098233613,-0.002188081536967078,0.006443563080633643,2.0375733199316217,-0.0016347010128049126,0.0032588667253031257,0.18267159768117308,-0.00015544966911459147,0.004141126098449071,0.32738410200334506,-0.0002816766783736113,0.0,0.0,-0.0,0.005067044627334434,0.9092548588784783,-0.0007567616276471349,0.004725185796191771,0.5595150983454983,-0.00047626015517120124,0.005522331202081941,1.4003545864503766,-0.001141547888041891,0.0022885501224393133,0.09610519701140438,-8.001177076721658e-05,0.0,0.0,-0.0,0.0,0.0,-0.0,0.0,0.0,-0.0,0.0,0.0,-0.0,0.0,0.0,-0.0,0.0,-0.0,-0.0,0.0,-0.0,-0.0,0.0008133941132658182,0.004468174536615866,-8.616778642967208e-06,0.0002780880807593853,-0.026542337390230635,-2.6155655023063866e-06,0.0015262795102836738,0.04088813208721787,-2.6241059462349092e-05,0.0034007944520069405,0.14999291661648848,-7.216740697528713e-05,0.0,0.0,-0.0,0.004212358953673199,0.17584881430894356,-0.00011341546399082303,0.005665814075751845,0.25094427433819755,-0.00025184231208141904,0.0,0.0,-0.0,0.007410660350733955,0.4125314231434929,-0.00040431678476741565,0.00627408110565513,0.7250209330291146,-0.0006458678599342803,0.0,0.0,0.0,0.0075499024120092234,0.4790144453838874,-0.0004479767403947125,0.0,0.0,0.0,0.0,0.0,0.0,0.005344235749333706,1.0589138606199757,-0.0009032889865274999,0.0038323136701587128,1.5028500095230268,-0.0012817461390644243,0.0,0.0,0.0,0.0,0.0,0.0,0.004505454107379232,1.2937347633234664,-0.0010980840000181383,0.0,0.0,0.0,0.0,0.0,0.0,0.0,0.0,0.0,0.0,0.0,0.0,0.0,0.0,0.0,0.0,0.0,0.0,0.0,0.0,-0.0,0.0,0.0,0.0,0.0,0.0,0.0,0.0,0.0,0.0,0.004042918481071981,2.0835090350158834,-0.001644958170696187,0.004276764472783274,2.7932267225235603,-0.002140714576817671,0.0,2.636185953872698,-0.0,0.0,4.943038926665644,-0.0,0.0,0.0,-0.0,0.0,0.0,-0.0,-0.0,0.0,-0.0,0.0,5.950684523073415,-0.0,0.0,4.99476130170703,-0.0,0.0,3.105951394849013,-0.0,-0.0,0.06621727092627308,-0.0
1 2 -4,0.0,-0.0,-0.0,0.0,-0.0,-0.0,0.0,-0.0,-0.0,0.0,-0.0,0.0,0.0,-0.0,0.0,0.0,-0.0,0.0,0.0,-0.0,0.0,0.0,-0.0,-0.0,0.0,-0.0,-0.0,0.0,-0.0,-0.0,0.008089302289525827,0.3597091151713129,-0.0018284944344728992,0.02198457912120142,0.8738542479483845,-0.0030478375174662806,0.006980809849186368,0.6095413230437083,-0.0026845746621824776,0.01206576861699686,0.7276498974620453,-0.0029499000165939386,0.034769625853731986,1.0350850923877557,-0.0029998014723477996,0.009797755570316398,0.20165205118476545,-0.0013711081814620234,0.00633415740595337,0.4966729353195642,-0.0022883835630055946,0.009909425760259659,0.05551306601246019,-0.0009629414019537517,0.008493009544167485,-0.04713761270059733,-0.0006328026180266208,0.001976406899787307,-0.040488426288841695,-1.591463299392416e-05,0.002743891521994537,-0.06546930532723114,-5.146110756593625e-05,0.0,-0.0,-0.0,0.004893239728928516,-0.10634960341877606,-0.00022516920736310322,0.0036696228049340716,-0.09097358587975099,-0.0001173809272810924,0.006559966675874229,-0.09739453341693571,-0.00039054170586696156,0.0013381512439265065,-0.02298242412842743,-3.8098282307902297e-07,0.0,-0.0,-0.0,0.0,-0.0,-0.0,0.0,-0.0,0.0,0.0,-0.0,-0.0,0.0,-0.0,0.0,0.0,-0.0,0.0,0.0,-0.0,0.0,0.0005129433701029212,-0.011172934947173687,6.405065449333507e-06,0.00017433783334954938,-0.020757581010458253,1.5008585069243774e-06,0.0008955820490981942,-0.007157325502226532,1.0059481844375512e-05,0.0018978613017704544,0.009342367988885963,1.8744041451038408e-05,0.0,-0.0,-0.0,0.0023820339866758686,-0.013607712027142775,1.3755964787309059e-05,0.0032376390973371367,-0.07516202095429839,-2.0053197080633242e-05,0.0,-0.0,-0.0,0.004329093205473092,-0.13549170721876527,-5.767990179628768e-05,0.004517444589710001,-0.1646876562762102,-0.00015766645181755515,0.0,0.0,0.0,0.004468451703250911,-0.14901681768996608,-7.579037658613088e-05,0.0,0.0,0.0,0.0,0.0,0.0,0.005235961671101528,-0.1770583215950497,-0.00026013553179980356,0.006227525661512498,-0.15253576394710713,-0.0004166516891360799,0.0,0.0,0.0,0.0,0.0,0.0,0.00559720582050714,-0.1543228100201639,-0.00034121394873199584,0.0,0.0,0.0,0.0,0.0,0.0,0.0,0.0,0.0,0.0,0.0,0.0,0.0,0.0,0.0,0.0,0.0,0.0,0.0,0.0,-0.0,0.0,0.0,0.0,0.0,0.0,0.0,0.0,0.0,0.0,0.008445030644424227,-0.1482440080814272,-0.0005749021612588822,0.011278350400456315,-0.11959671579981064,-0.0007828215277837637,0.0,0.0,-0.0,0.0,0.0,-0.0,0.0,0.0,-0.0,-0.0,0.0,-0.0,-0.0,0.0,-0.0,0.0,0.0,-0.0,0.0,0.0,-0.0,0.0,0.0,-0.0,0.0,0.0,-0.0
1 2 -3,0.0,-0.0,-0.0,0.0,-0.0,-0.0,0.0,-0.0,-0.0,0.0,-0.0,0.0,0.0,-0.0,0.0,0.0,-0.0,0.0,0.0,-0.0,0.0,0.0,-2.9247017634306824,-0.0,0.0,-0.811996903396076,-0.0,0.0,-0.5291793801948209,-0.0,-0.05236683982918122,-0.47726093632250244,0.005022893023875516,-0.08748751039660847,3.149758510091989,0.01033621656736926,-0.07788675465160028,1.581147793309883,0.004783367824060475,-0.08345404596780368,2.43236624067873,0.006559337549092075,-0.09155727604382576,3.7371588596313727,0.01514553860064448,-0.032171416175303405,-1.4249781379155015,0.0047986077093867124,-0.06809306835650708,0.5901739522032895,0.004665942171154515,-0.011906113714435765,-2.0181423387936532,0.0037469278967365107,0.003992116890042274,-2.1627639692771377,0.0023576529727841406,0.01295519406771455,-0.29178256873734887,9.92156990685404e-06,0.01577711662710118,-0.5989928179894197,3.376201174963228e-05,-0.0,-0.0,0.0,0.017553918566487636,-1.5093931001141805,0.0004899827714970585,0.01770348845810195,-1.0254568311937893,0.0001523434215856114,0.013588765426244664,-1.939789081572276,0.001200853522914881,0.00989817114288396,-0.11750777293250915,1.2630940226412135e-05,0.0,-0.0,-0.0,0.0,-1.7969710956532847,-0.0,0.0,-0.0,-0.0,0.0,-0.0,-0.0,0.0,-0.0,0.0,0.0,-0.0,0.0,0.0,-0.0,0.0,0.005440268827795947,-0.005814252782658427,2.71082624186326e-05,0.0021265781758309497,-0.11388862884408263,2.9013625594301416e-07,0.008400397446364418,0.038453297020746055,3.466986431067926e-05,0.01603140222099094,0.18251204963891202,6.008888294576838e-05,0.0,-3.1304146266113233,0.0,0.01833167099314775,-0.008646754273827537,3.199775104289014e-05,0.01985293288942146,-0.46708738048001475,-7.639465105414088e-05,0.0,-3.4771311898469337,0.0,0.02138522184619338,-1.0578966392422964,-6.798231216633995e-05,0.021689020031328547,-1.709824172217769,-1.971231056615736e-05,0.0,0.0,0.0,0.021290794605225816,-1.2374128891292557,-8.663839349212016e-05,0.0,0.0,0.0,0.0,0.0,0.0,0.025953832475712573,-2.2344497404137638,0.0001247997093356729,0.020764089716759564,-2.666416651735863,0.0007202344510436359,0.0,0.0,0.0,0.0,0.0,0.0,0.023967566469245073,-2.439563549398941,0.0003168785388879628,0.0,0.0,0.0,0.0,0.0,0.0,0.0,0.0,0.0,0.0,0.0,0.0,0.0,0.0,0.0,0.0,0.0,0.0,-0.0,0.0,0.0,0.0,0.0,0.0,0.0,0.0,0.0,0.0,0.0,0.0,0.01533929265908338,-3.1323614810967184,0.0014691616561860836,0.005962326058552909,-3.528522388909269,0.0029465139639031994,0.0,-2.1303582821351776,0.0,-0.0,-0.0,0.0,-0.0,0.0,0.0,-0.0,0.0,0.0,-0.0019765407813671946,4.236504317019724,0.0,-0.038415405836328506,0.0,0.0,-0.06214611642632966,0.0,0.0,-0.05901712153064337,2.04708238775326,0.0,-0.06619225614593716,3.2700074085917556,0.0
1 2 -2,0.13604393118309352,-0.0,-0.0,0.1266907329775505,-0.0,-0.0,0.12393740675580033,-0.0,-0.0,0.0929993468887949,-0.0,-0.0,0.011679729034206398,-0.0,-0.0,0.0,-0.0,0.0,0.0,-0.0,0.0,0.10924863262244587,-0.0,-0.0,0.0020214323871358252,-0.0,-0.0,0.04056537653432718,-0.0,-0.0,0.08584382779069462,0.32189008381112666,-0.06918786903582444,0.09855316373684953,-0.5269585806526097,-0.1275251023860391,0.09458502069030122,-0.3415730276030181,-0.09973299632452405,0.09764817835805054,-0.5672816004836678,-0.11444433324396458,0.09648239844488808,-0.2032067220222447,-0.13833077308690941,0.07913684877508737,0.45980152619513603,-0.05417860986428745,0.09070300615774221,0.008155791801029533,-0.08442598670667488,0.07072456413118822,0.3742784046886899,-0.039766155425735486,0.061839720961944525,0.1586117944638067,-0.027059418260406653,0.028379350804122194,-0.0065835757866838755,-0.002256256173309891,0.03410956212929542,-0.06799632956751646,-0.0037485973987066053,0.08182802797106128,-0.0,-0.0,0.04659545017659463,-0.13536471456464946,-0.010494927523710194,0.040142836635437745,-0.1289532090099871,-0.006272176894287862,0.05369909264165713,-0.0397616138455527,-0.017224195111148737,0.02268216750061434,0.021174609998698794,-0.0013386998349356651,0.07311679727325836,-0.0,-0.0,0.076166668855084,-0.0,-0.0,0.06447792914004405,-0.0,-0.0,0.07290396652523544,-0.0,-0.0,0.042720727868413244,-0.0,-0.0,0.0,-0.0,0.0,0.0053618918656581985,-0.0,-0.0,0.014961720487688249,0.04920607900539254,-0.00020699761803398057,0.0069542743035563015,-0.15153364234228878,2.239756472223642e-05,0.021551150740188332,0.12165301855965349,-0.00068727010922622,0.03734675781420839,0.2893221430287125,-0.001970060068950143,0.07004828046305363,-0.0,-0.0,0.040233374014085645,0.09916402990700288,-0.002575587893153176,0.040841769193033194,0.06594900394855074,-0.003565600777156223,0.059603291126845766,-0.0,-0.0,0.03842745348812433,-0.19549417480188927,-0.004377103016972669,0.04380135537010778,-0.5463952247925504,-0.00723363779135306,0.0,0.0,0.0,0.038107749125740026,-0.3129532390882047,-0.004913099988788628,0.0,0.0,0.0,0.0,0.0,0.0,0.05723525260228114,-0.5255503146798306,-0.01062724846218607,0.0628196997720744,-0.17036547485245657,-0.016710703144051514,0.21338207393227177,0.0,0.0,0.0,0.0,0.0,0.06054649477784389,-0.30369910496445424,-0.013650432576643489,0.1410955355491481,0.0,0.0,0.22061225398075712,0.0,0.0,0.17928842848162352,0.0,0.0,0.18237317783126575,0.0,0.0,0.19324158375274833,-6.559963561502703,0.0,0.20255480365553163,-7.668768924546692,0.0,0.10931058620098918,0.0,-0.0,0.1916869691342108,-6.800626532508319,0.0,0.17047931208703632,-8.55830984838232,0.0,0.22848394297659505,-8.372881041151082,0.0,0.059249860704611,-0.09238081234506303,-0.024640139087678887,0.05963519002048051,0.2445382435643258,-0.03406823477786051,0.06011034288270597,0.0,-0.0,0.059787089510358986,0.0,-0.0,0.14526680422770955,0.0,-0.0,0.2122565131595553,0.0,-0.0,0.19855289260874331,0.0,-0.0,0.07486455520690657,0.0,-0.0,0.08665544113399223,0.0,-0.0,0.09418754689360337,0.0,-0.0,0.07211116836769471,0.0,-0.0
1 2 -1,0.0,-0.0,-0.0,-0.0,-0.0,-0.0,0.0,-0.0,-0.0,0.0,0.0,-0.0,0.0,0.0,-0.0,0.0,0.0,0.0,0.0,0.0,0.0,0.0,-0.0,-0.0,0.0,0.0,-0.0,0.0,0.0,-0.0,0.06449109750713461,3.9212093862479502,-0.14776111989958068,0.13394683100824947,3.863071025189696,-0.3542674082874814,0.10473821756668963,4.523144877971118,-0.25008372966143616,0.12290844770347811,4.3068780765396175,-0.3024839518923735,0.13696496927253185,3.305719158379238,-0.402795129924659,0.04916751942924275,3.147617395173536,-0.10373437063273858,0.08382235073347838,4.408959714193711,-0.19787908961289646,0.03806621743822638,2.275646940097543,-0.06919780503096812,0.029691940226835883,1.4724284638020815,-0.04451512949729089,0.0020078189610277584,-0.1306633305868257,-0.004050129906846628,0.004035478238889813,-0.10179467205508808,-0.006401527933198019,0.0,2.3635179431281728,-0.0,0.015026325799779978,0.34960523422254136,-0.01706320279756593,0.008549587197862673,0.046981604659163304,-0.010362772464584129,0.02226678902892572,0.8228917110571051,-0.027866620030016127,0.0017926866529389465,-0.09222615964962474,-0.002515018692213541,0.0,-0.0,-0.0,0.0,-0.0,-0.0,0.0,-0.0,-0.0,0.0,-0.0,-0.0,0.0,0.0,-0.0,0.0,0.0,0.0,0.0,0.0,0.0,0.005044730394415445,0.08719673277429484,-0.00026448781360094453,0.0032251812828561024,0.04085676984520132,0.00023425272815820274,0.004054837876868414,0.019162456086652402,-0.0013424691169003863,-0.00020542011101484935,-0.22684793167126627,-0.004404223928778573,0.0,0.0,-0.0,-0.0016174642027633637,-0.3248488807352205,-0.005424465493755425,-0.003645542668591665,-0.3779376558385522,-0.006373991779315114,0.0,0.0,-0.0,-0.0001089694745428408,-0.33882625815986,-0.007306851662422531,0.01228051139254413,-0.017499063998470562,-0.01111413693623945,0.0,0.0,0.0,0.0021410983514686174,-0.29542759509243793,-0.007775202499270109,0.0,0.0,0.0,0.0,0.0,0.0,0.022883210176947753,0.35962929859959436,-0.01683038155345102,0.03609615066421113,1.0418801826546011,-0.02696179963251942,0.0,0.0,0.0,0.0,0.0,0.0,0.03241219868550354,0.7987056446597549,-0.02139518595047226,0.0,0.0,0.0,0.0,0.0,0.0,0.0,0.0,0.0,0.0,0.0,0.0,0.0,0.0,0.0,0.0,0.0,0.0,0.04589007697917032,4.360061623381331,-0.0,0.0,0.0,0.0,0.0,0.0,0.0,0.0,0.0,0.0,0.03774537464082652,1.4724917174665797,-0.040414214141976344,0.04245762552543711,2.1784096796586314,-0.05747234806271655,0.0,1.3852121636056385,-0.0,0.01907481959873114,4.48454585673843,-0.023353262221201595,0.17061498672565328,0.2478052499352806,-0.0,0.242148028041562,0.0,-0.3165647660364557,0.22066573214735194,0.0,-0.8536589202356908,0.062440638295255244,5.14260399955222,-0.13632205520638016,0.11065409782235483,5.564807954819316,-0.24454827326879325,0.10830673872028179,5.270880920426824,-0.34383307490589127,0.14761548792152387,3.4142499130494612,-0.4317774344177427
1 2 1,0.0,-0.0,-0.0,0.0,-0.0,-0.0,0.0,-0.0,-0.0,0.0,0.0,-0.0,0.0,0.0,-0.0,0.0,0.0,0.0,0.0,0.0,0.0,-0.0,-0.0,-0.0,-0.0,-0.0,-0.0,-0.0,0.0,-0.0,0.04553110611557446,1.623396610928608,-0.13894937119604436,0.06409396370563192,0.11294544213005389,-0.32796819491068135,0.06408604516462436,0.995385654630217,-0.23364918093254294,0.06732942728698399,0.5020003323791883,-0.281101467543443,0.05559278121869799,-0.11286127222344644,-0.37256419325371093,0.035375993825538375,1.5261135961560433,-0.09757373446167954,0.055887253198926345,1.4253212427313042,-0.18568802725896882,0.026424720428482342,1.2052923711760888,-0.06500916402535069,0.018851168518861892,0.8002703206274889,-0.041683176391592726,0.0009394061739821842,-0.16687990099597574,-0.004143478791618033,0.0013241909559945286,-0.1657464731857712,-0.006311808166695333,0.0,0.0,-0.0,0.00747164320649659,0.1277987700356976,-0.01597539774318368,0.0035457993712606152,-0.07082966910185398,-0.009882320439137213,0.012597603627097161,0.4235025986503676,-0.02600211219895493,0.0016455351118301533,-0.11220033185665339,-0.0026521369359267287,0.0,-0.0,-0.0,0.0,-0.0,-0.0,0.0,-0.0,-0.0,0.0,-0.0,-0.0,0.0,0.0,-0.0,0.0,0.0,0.0,0.0,0.0,0.0,0.005482826658105112,0.08609546953225658,-0.00035955560729982627,0.0034412150515638084,0.038254579217476194,0.00019517384610058685,0.004652781057294215,0.01459547173184733,-0.0014949678678092169,0.0007646818231460125,-0.2430596040888505,-0.004704055535454354,0.0,-0.0,-0.0,-0.0011543831890142213,-0.3584738353700853,-0.005740873291977433,-0.0051567459392171,-0.43982233607794174,-0.0066975084882137615,0.0,0.0,-0.0,-0.005662748727712554,-0.45712251477846383,-0.007329730729172367,0.004369581974133331,-0.10082488818939893,-0.010455355635379892,0.0,0.0,0.0,-0.003957308334111295,-0.40103773434456713,-0.007767405367951655,0.0,0.0,0.0,0.0,0.0,0.0,0.011422701066397601,0.24796909994190175,-0.015326577169896419,0.02247699555232748,0.6792950457094508,-0.02442447912730106,0.0,0.0,0.0,0.0,0.0,0.0,0.018442591913908693,0.5473774144525879,-0.0193568062506149,0.0,0.0,0.0,0.0,0.0,0.0,0.0,0.0,0.0,0.0,0.0,0.0,0.0,0.0,0.0,0.0,0.0,0.0,0.0,0.0,-0.0,0.0,0.0,0.0,0.0,0.0,0.0,0.0,0.0,0.0,0.02460956000215395,0.9151178376695387,-0.03679447398997395,0.023442978148386796,1.1652351262001335,-0.05271736165670079,0.0,0.0,-0.0,0.0,0.0,-0.0,0.0,0.0,-0.0,0.0,-0.0,-0.0,-0.0,-0.0,-0.0,0.0,0.0,-0.09473336448238745,0.0,0.0,-0.20118477644283198,0.0,0.0,-0.28811608142222717,0.016753546027818988,0.0,-0.3639166857888523
1 2 2,0.03890397667426861,-0.0,-0.0,0.042052644386468975,-0.0,-0.0,0.04262226334578234,-0.0,-0.0,0.02090231020475599,-0.0,-0.0,0.0,-0.0,-0.0,0.0,-0.0,-0.0,0.0,-0.0,-0.0,0.06723595276237226,-1.5302702299441522,-0.0,0.11373062884887297,-4.961033405459941,-0.0,0.09649813486738389,-4.3798731319472894,-0.0,0.06111134995455919,-4.068473435575014,-0.05665138439636813,0.10958974030103162,-6.878369566717021,-0.07273584514662916,0.08187917615992485,-5.95461666578451,-0.06591704368747542,0.09581178393118844,-6.5822691181605935,-0.06954547277613347,0.12050606022728137,-6.83660690219287,-0.07552158809659333,0.05378153026591452,-3.0526979208919975,-0.04927398697676723,0.07019383204558853,-5.084195328376413,-0.061838583400164515,0.04772680431471099,-2.2007929709540464,-0.03961293808522566,0.04299112086143066,-1.5824830250908664,-0.02929960278593272,0.02595993992479822,-0.2261354879459385,-0.003993935671972102,0.029807370954734288,-0.38989846961732033,-0.006205539674572949,0.041066620358897694,-0.31672911588515196,-0.0,0.036325657460203775,-0.8475970094855805,-0.013842617199060924,0.03319511725088219,-0.5986680495865855,-0.009324344139708946,0.03939901469326925,-1.1571451099185839,-0.020406638170360814,0.02140338169636183,-0.11949558487783088,-0.00242346921224008,0.05260069443458274,-0.0,-0.0,0.059064285264684914,-0.5657116331949794,-0.0,0.04841280415085816,-0.0,-0.0,0.05198987785814762,-0.0,-0.0,0.03529275840222705,-0.0,-0.0,0.0,-0.0,-0.0,0.002735549065722621,-0.0,-0.0,0.01471363081263945,0.01747347431422684,-0.00044088914858249865,0.0069492147841539965,-0.1589476836836747,-4.5748838100093106e-05,0.020969650847598994,0.04565523532483166,-0.0012246520033063954,0.035937066803877066,0.09717865258499218,-0.0033049455381213124,0.06087530324457243,-1.7616525973910218,-0.0,0.03818165388803208,-0.15415298591038284,-0.004391602528985134,0.03790837724962807,-0.3474299611967736,-0.006720281442720805,0.06353655643175557,-3.1731842832649377,-0.0,0.032370412883433564,-0.7574277099814591,-0.009244946257644817,0.03336760227135579,-1.0029219045062578,-0.01198833754078508,0.0,0.0,0.0,0.03188808841579123,-0.8329220146179964,-0.009798309013427134,0.0,0.0,0.0,0.0,0.0,0.0,0.040260868806743254,-1.0368315872216793,-0.014984260474614533,0.04786102482123011,-1.2658377431843337,-0.02068795179137492,0.0,0.0,0.0,0.0,0.0,0.0,0.042688268945244814,-1.1928031028576644,-0.01801471162897926,0.0,0.0,0.0,0.0,0.0,0.0,0.0,0.0,0.0,0.0,0.0,0.0,0.0,0.0,0.0,0.0,0.0,0.0,0.004075463781267553,-0.0,-0.0,0.0,0.0,0.0,0.0,0.0,0.0,0.0,0.0,0.0,0.04675246642447976,-1.3598766463197174,-0.02739441853343876,0.04130946386914665,-1.8357741088332757,-0.03652709970994248,0.04629116217684801,-2.372200657642137,-0.0,0.028511994358331027,-1.6921103759412368,-0.0,0.0,-0.0,-0.0,0.0,-0.0,-0.0,0.045178224098638566,-1.869342375763449,-0.0,0.05458181655010289,-2.2467508044059077,-0.0,0.07580014591338145,-3.0636284591834637,-0.0,0.07647753843506447,-4.407284225924089,-0.0,0.16683323927609744,-7.580332699640389,-0.0
1 2 3,0.0,-0.0,-0.0,0.0,-0.0,-0.0,0.0,-0.0,-0.0,0.0,-0.0,-0.0,0.0,-0.0,-0.0,0.0,-0.0,-0.0,0.0,-0.0,-0.0,0.0,-0.0,-0.0,0.0,-0.0,-0.0,-0.0,-0.0,-0.0,-0.06924523147864212,1.0673052374243104,0.0038151471318809064,-0.08800258562686397,2.160076255588251,0.013910987581300426,-0.09667408990152002,2.0278141459153725,0.006278604534823317,-0.09575018133840706,2.1423426675421324,0.009329634929614186,-0.07742403769738618,2.1725905279480044,0.01909097309932406,-0.04393215973501182,0.30108378632240584,0.0029091069041507875,-0.08791617123260426,1.685451309071524,0.00469058020030961,-0.017724706789032447,-0.3804484063454754,0.0017392249863043836,0.003777139098118778,-0.800502556198638,0.0005655567845357897,0.01674505160201161,-0.11475979936672791,-0.00047862954432090535,0.02112335680411731,-0.29693948815601434,-0.0006808916625897691,-0.0,-0.0,-0.0,0.023624181691726046,-0.7901543803009389,-0.0007194641568727399,0.024045823904508462,-0.5459804012983497,-0.0008048221594200979,0.017526679703268162,-0.9149534775409265,-0.0002879778798322412,0.012202367149741636,-0.020458658784735132,-0.000290131701265284,0.0,-0.0,-0.0,0.004354385877212366,-0.20482555025334528,-0.0,0.0,-0.0,-0.0,0.0,-0.0,-0.0,0.0,-0.0,-0.0,0.0,-0.0,-0.0,0.0,-0.0,-0.0,0.005810452447313115,0.016051594110159325,-4.454823883032108e-05,0.0022593616878662176,-0.09986484508849824,-1.9821527174937278e-05,0.009375715585812862,0.07817184320307739,-0.00012154494115485616,0.01860679130331232,0.27035928204377657,-0.00031843598906080423,0.0005816969759928416,-0.876595064445643,-0.0,0.021973686268341005,0.1294351924369147,-0.0004744034262575953,0.027345645465368665,-0.20108717730555006,-0.0009271508613210429,0.0,-0.2169047300236184,-0.0,0.03225889107122224,-0.620768693903195,-0.0013745607223758151,0.032635237272900894,-0.9755057809344633,-0.0014120905041490105,0.0,0.0,0.0,0.033165335348565125,-0.706217263257954,-0.0014109854387061205,0.0,0.0,0.0,0.0,0.0,0.0,0.0344763787510745,-1.2973496628336805,-0.001310595357744248,0.02796236555660659,-1.6202541053811481,-0.0008947261705931754,0.0,0.0,0.0,0.0,0.0,0.0,0.03187738508602958,-1.5002834820189348,-0.0012336820641640094,0.0,0.0,0.0,0.0,0.0,0.0,0.0,0.0,0.0,0.0,0.0,0.0,0.0,0.0,0.0,0.0,0.0,0.0,-0.0273220513775204,0.0,-0.0,0.0,0.0,0.0,0.0,0.0,0.0,0.0,0.0,0.0,0.01875416252493082,-1.6280886919175332,-0.0001687123065986674,0.004518739161870155,-1.6083174805706562,0.0009562627972167287,-0.0,-0.0,0.0,-0.0023419799086610194,-0.0,0.0,-0.03970881401830812,0.0,0.0,-0.06483052182268911,0.0,0.0,-0.0,0.0,0.0,-0.08107748157889655,0.0,0.0,-0.10883410905354013,0.11196124389646345,0.0,-0.11939691957155585,0.0,0.0,-0.09272785237776587,0.0,0.0
1 2 4,0.0,-0.0,-0.0,0.0,-0.0,-0.0,0.0,-0.0,-0.0,0.0,-0.0,-0.0,0.0,-0.0,0.0,0.0,-0.0,0.0,0.0,-0.0,0.0,0.0,-0.0,-0.0,0.0,0.0,-0.0,0.0,0.0,-0.0,-0.003909344051171898,1.9632422162712388,-0.0018506554728495396,0.0172524251467253,1.9322526408504739,-0.0028377392459259,-0.0020722211843092917,2.3036803776606187,-0.00260394469115707,0.005352330170867087,2.1890002783892606,-0.002802525048722193,0.03144414252036034,1.5995299428354053,-0.0027346555288583524,-0.0015540402070436023,1.5553469000755926,-0.0014142580409946726,-0.00473860586201365,2.2305232791952725,-0.002268110332504027,0.0006658046339260682,1.1001949816882144,-0.001010609046995425,0.0020407025695118345,0.6903367927308404,-0.0006766929472512566,0.0016816900150320314,0.007924559828579926,-3.0655319722579355e-05,0.002184519514713395,0.02708082307604775,-7.267494479714268e-05,0.0,0.0,-0.0,0.0027448855563393937,0.185860686167795,-0.00025807846390989874,0.0025644896621528604,0.07756779248606728,-0.00014484108851715304,0.0026368571033073152,0.3826297633159247,-0.0004287439760273378,0.00116929723642826,0.0015329406617741166,-9.578132911467375e-06,0.0,-0.0,-0.0,0.0,-0.0,-0.0,0.0,-0.0,-0.0,0.0,0.0,-0.0,0.0,-0.0,0.0,0.0,-0.0,0.0,0.0,-0.0,0.0,0.00043918953970599906,-0.006246314171194474,4.151701288222229e-06,0.00015099356538907517,-0.016680853926869042,8.105714980678084e-07,0.0007838305271354233,0.0015797799434518636,5.350244604668383e-06,0.0016830690836071027,0.028465789024701215,7.403385459911948e-06,0.0,0.0,-0.0,0.0021088876199741873,0.01883646097269397,-1.6135185556594992e-06,0.0029131451403324807,-0.009536780995731745,-4.591247223307539e-05,0.0,0.0,-0.0,0.003792494506491388,-0.02023853669936473,-9.781686948239536e-05,0.0034571319690595,0.05472851932503315,-0.00019945185802547672,0.0,0.0,0.0,0.0038888328192727075,-0.010563710427146381,-0.00011567909968386814,0.0,0.0,0.0,0.0,0.0,0.0,0.003240474276060048,0.1508987934488762,-0.0003024230159828312,0.002792873787784485,0.312750622882101,-0.0004563247989979868,0.0,0.0,0.0,0.0,0.0,0.0,0.0029344628026007156,0.23093463391598262,-0.00038401720405209787,0.0,0.0,0.0,0.0,0.0,0.0,0.0,0.0,0.0,0.0,0.0,0.0,0.0,0.0,0.0,0.0,0.0,0.0,-0.0,0.0,-0.0,0.0,0.0,0.0,0.0,0.0,0.0,0.0,0.0,0.0,0.0029835697491176942,0.5469735709057442,-0.0006078436679064149,0.00298342778238577,0.870925487894881,-0.0008195225683637459,0.0,0.0,-0.0,0.0,0.0,-0.0,-0.0,0.0,-0.0,-0.0,0.0,-0.0,0.0,0.0,-0.0,-0.0,0.0,-0.0,-0.0,0.0,-0.0,-0.0,0.0,-0.0,0.0,0.0,-0.0
1 3 -4,0.0,-0.0,-0.0,0.0,-0.0,-0.0,0.0,-0.0,-0.0,0.0,-0.0,0.0,0.0,-0.0,0.0,0.0,-0.0,0.0,0.0,-0.0,0.0,0.0,-0.0,-0.0,0.0,-0.0,-0.0,0.0,-0.0,-0.0,-0.0003933126110365537,-0.13230560861644905,-0.0008571665648710669,-0.0007489818122580146,-0.1682045222511596,-0.001595836276532678,-0.001264709680803693,-0.15138136345087605,-0.001282056282603103,-0.0011998842450076815,-0.15703396032849928,-0.001460790818553567,-6.144655034337562e-05,-0.1868477179091473,-0.0016778421461015954,0.000143176324112413,-0.11486363169257437,-0.0006424981443314474,-0.0009451617221104924,-0.14452969881309535,-0.0010755697699151583,0.00047122522613374376,-0.09420976865584774,-0.0004473678964584505,0.0005690739163604542,-0.07281893345511284,-0.0002875308419586759,0.00019630493576471253,-0.006248386106017728,-7.549024742526176e-06,0.00027233952132902744,-0.012552855221812426,-2.1636635512137836e-05,0.0,-0.0,-0.0,0.0004469404410460991,-0.035926461833579025,-9.551436463792414e-05,0.00035704351377932993,-0.02239276261289186,-4.872149650464474e-05,0.0005311585671308097,-0.05293924695776991,-0.00017158429297954475,0.00013276184855712516,-0.0028653326659401706,-1.4220700258082716e-06,0.0,-0.0,-0.0,0.0,-0.0,-0.0,0.0,-0.0,0.0,0.0,-0.0,-0.0,0.0,-0.0,0.0,0.0,-0.0,0.0,0.0,-0.0,0.0,5.322051004228629e-05,-0.0008184487122992869,1.4083844403920069e-06,1.7935836816208375e-05,-0.0018866257980265735,3.191929298824824e-07,8.970648873109857e-05,-0.00042079371579672526,2.3344231394938344e-06,0.00018448590152901598,0.0010685264848276053,4.228664670500399e-06,0.0,-0.0,-0.0,0.00023448380224958603,-0.0014244079319042323,2.567223595149263e-06,0.0003218248537403737,-0.008939817580450371,-8.241857943074602e-06,0.0,-0.0,-0.0,0.0004238286663231225,-0.018953349195011942,-2.2510915429087378e-05,0.0004679519306826735,-0.032548589328506856,-6.187938880171356e-05,0.0,0.0,0.0,0.00044015151207859275,-0.022172628774312968,-2.9154729645135007e-05,0.0,0.0,0.0,0.0,0.0,0.0,0.0005522167087735755,-0.046769378542284766,-0.00010330975902105189,0.0006028719849626638,-0.06303209883237577,-0.0001697596781768848,0.0,0.0,0.0,0.0,0.0,0.0,0.0005681857110536307,-0.05494252288373966,-0.00013669180967037747,0.0,0.0,0.0,0.0,0.0,0.0,0.0,0.0,0.0,0.0,0.0,0.0,0.0,0.0,0.0,0.0,0.0,0.0,-0.0,-0.0,-0.0,0.0,0.0,0.0,0.0,0.0,0.0,0.0,0.0,0.0,0.0007109031879431001,-0.08056958389102677,-0.00024156791432264024,0.0008301694690122835,-0.10117062484678833,-0.0003442981983404533,0.0,-0.0,-0.0,0.0,-0.0,-0.0,-0.0,-0.0,-0.0,-0.0,-0.0,-0.0,-0.0,-0.0,-0.0,-0.0,-0.0,-0.0,-0.0,-0.0,-0.0,-0.0,-0.0,-0.0,-0.0,-0.0,-0.0
1 3 -3,0.0,-0.0,0.0,0.0,-0.0,0.0,0.0,-0.0,0.0,0.0,-0.0,0.0,0.0,-0.0,0.0,0.0,-0.0,0.0,0.0,-0.0,0.0,0.0,-0.0,0.0,0.0,-0.0,0.0,0.0,-0.0,0.0,0.0019814006134551776,0.24335800024274484,0.0032068017003480313,-0.07337790536520578,0.5249230421866106,0.006420286268351826,-0.027613830791231357,0.7259031073475053,0.0048106382953625616,-0.04866222862156783,0.7334519266798499,0.0056210837151683,-0.09815653011695911,0.1606579819195543,0.007138126217269707,0.011538309843798965,-0.08665811905810146,0.002488321723716161,-0.010999438238900719,0.5393575971803098,0.004002484450037029,0.01727048835146159,-0.3690645905195358,0.0019290937483237346,0.01930526298716409,-0.5346365697251455,0.0015451524435126363,0.007826707743525943,-0.026776429807168777,0.0004511927812878463,0.010394199569267022,-0.1324763434780609,0.0006341793920984711,0.0,-0.0,0.0,0.01623117798627968,-0.4492536178717681,0.0010545997831551389,0.013291121589560508,-0.28698580031232845,0.0008395168669377448,0.018566229520513084,-0.5531508451569023,0.0012779316732106185,0.005646212316284881,0.02080900352889242,0.00030048761232656526,0.0,-0.0,0.0,0.0,-0.0,0.0,0.0,0.0,0.0,0.0,0.0,0.0,0.0,-0.0,0.0,0.0,-0.0,0.0,0.0,-0.0,0.0,0.0028644242276569367,0.017105230951763518,9.6257009616215e-05,0.0011367475461302968,-0.04009496918139204,3.97579733996282e-05,0.004470249106297299,0.06339403608788056,0.00019211550356088497,0.008561012593910601,0.19488928985640883,0.00043202806563197977,0.0,-0.0,0.0,0.010075344263898773,0.1466867855212873,0.0005326843066368961,0.012088063645692398,-0.02394937146654991,0.0007758927506690708,0.0,-0.0,0.0,0.014090873334990473,-0.278260767404902,0.0009656215288362667,0.016530883207508566,-0.5661373472857748,0.001122955400111572,0.0,0.0,0.0,0.014504107037822301,-0.357590674110471,0.0010054744096520756,0.0,0.0,0.0,0.0,0.0,0.0,0.02079041903384772,-0.7792638811776144,0.0013172196552198414,0.023526466954221947,-0.9484489890972925,0.0015303438868485956,0.0,0.0,0.0,0.0,0.0,0.0,0.022150419041277052,-0.8744747408021523,0.0014224241266610487,0.0,0.0,0.0,0.0,0.0,0.0,0.0,0.0,0.0,0.0,0.0,0.0,0.0,0.0,0.0,0.0,0.0,0.0,-0.0,0.0,0.0,0.0,0.0,0.0,0.0,0.0,0.0,0.0,0.0,0.0,0.025713947181544135,-1.0627564569614847,0.0016721988684193997,0.02769507808096689,-1.0295919524033748,0.0017977500368410533,0.0,-0.0,0.0,0.0,-0.0,0.0,-0.0,0.0,0.0,-0.0,0.0,0.0,-0.0,0.0,0.0,-0.0,0.0,0.0,-0.0,0.0,0.0,-0.0,0.0,0.0,-0.001064017057369709,0.0,0.0
1 3 -2,0.0,0.0,0.0,0.0,0.0,0.0,0.0,0.0,0.0,0.0,0.0,0.0,0.0,-0.0,0.0,0.0,-0.0,0.0,0.0,-0.0,0.0,0.046373911185630674,0.0,0.0,0.18794887756977866,0.0,-0.0,0.1820975990887683,-0.0,-0.0,0.08202569422445725,1.355121224889898,-0.02806905309542245,0.14503978506900203,4.870484120612055,-0.05178026497338882,0.10057602535294383,3.0090300304664592,-0.037907267971479384,0.12022136035214782,3.995130668318538,-0.043961149123676026,0.170378494572313,5.555448271532602,-0.06029766867860741,0.07782512120128562,0.8847755831921058,-0.0215452936124545,0.08830823499687768,2.0760633673591267,-0.03309054351091988,0.07218566099440087,0.5927914660958699,-0.013291898010272734,0.0641552946242233,0.3977761383233543,-0.004716161122143053,0.023165526121591853,0.2722398907983085,0.004810374040232962,0.029359095109481325,0.2666706043795337,0.006348877602099674,0.14268056445892918,0.0,-0.0,0.045416070305298414,0.21780347809199574,0.005984928460158908,0.03679855202549035,0.23103103327349145,0.007088646557526919,0.05479575037830298,0.27073010777741546,0.0021018000186266636,0.017904005043903062,0.22555326345277615,0.003247761332448079,0.048614278613033426,0.0,0.0,0.06146389747858211,0.0,0.0,0.02906511949748513,0.0,0.0,0.041403364067371856,0.0,0.0,0.007374877047488158,0.0,0.0,0.0,-0.0,0.0,0.0,-0.0,0.0,0.011955550834736707,0.053107363145987546,0.0011796451791038654,0.005811944119950271,-0.0854243376687273,0.0007196571764905592,0.0166970547589141,0.2049768962258675,0.0020741195323378367,0.027483310611845127,0.6008667474212072,0.003952313319447056,0.084878041457753,0.0,0.0,0.030113274013517655,0.6023886036260715,0.005239741865611807,0.03317000590734687,0.551688040407929,0.008932418675826427,0.10369761047246925,0.0,-0.0,0.03431414479539161,0.268065245814354,0.011767749332814848,0.04439580634598268,-0.05055732148966599,0.01191049592010602,0.0,0.0,0.0,0.035362424931796366,0.1587551543182937,0.012149306168069824,0.0,0.0,0.0,0.0,0.0,0.0,0.056937194172882816,-0.14125175907318427,0.010437447205160186,0.06567039484609698,0.0005538249905220004,0.006863593242502942,0.0,0.0,0.0,0.0,0.0,0.0,0.06171717128705672,-0.0017617662603727495,0.009257249088336403,0.0,0.0,0.0,0.0,0.0,0.0,0.0,0.0,0.0,0.0,0.0,0.0,0.0,0.0,0.0,0.0,0.0,0.0,0.1128509870076414,0.0,-0.0,0.0,0.0,0.0,0.0,0.0,0.0,0.0,0.0,0.0,0.06757613614993144,0.19007703051072947,0.00051548350314792,0.07427081561281026,0.7532390839252918,-0.010278266824653132,0.11116374163643275,0.0,-0.0,0.11822981181877033,0.0,-0.0,0.07852227163726741,4.4589316524788405,-0.0,0.02262422419009105,7.39004248104017,-0.0,0.11118490393853295,10.534912206382419,-0.0,0.11196461819658018,0.0,-0.0,0.09700171259163255,1.0488668925917148,-0.0,0.12042942553370266,3.013173582470742,-0.0,0.21872878185301298,5.336912200509272,-0.0
1 3 -1,0.0,-0.0,0.0,0.0,-0.0,0.0,0.0,-0.0,0.0,0.0,-0.0,0.0,0.0,-0.0,0.0,0.0,-0.0,0.0,0.0,-0.0,0.0,0.0,-0.0,0.0,0.0,-0.0,-0.0,0.0,-0.0,-0.0,-0.020865633705623263,0.7812837428654744,-0.10926557163947101,-0.00965772750530366,-0.5667385362665383,-0.33150835966334435,-0.024828680112882442,0.3671007309725994,-0.21022873631555192,-0.019571175595306113,-0.08869822022451845,-0.2694192002310695,0.002637083210843724,-0.9752617922678187,-0.39005876174719123,-0.014394389082397483,0.6122145784811474,-0.06830401458134014,-0.02491550182011793,0.689392237224565,-0.15666636800690328,-0.007021122345907875,0.24842616411700158,-0.03345845583188276,-0.00016823579893763987,-0.1819327663092514,-0.004287750610545181,0.003616475335778379,-0.7452824568500711,0.020727303167821527,0.0042587577626003225,-0.8909913882516968,0.028602790110397812,0.0,0.0,-0.08696130293336038,0.006543683172289526,-0.8210463791460907,0.03066945566947445,0.005787800737190737,-0.9303379829254955,0.03335618718613674,0.004687213600531118,-0.5612727128067775,0.017912438540757983,0.003995599254096192,-0.5582181348454712,0.013412239563726417,0.0,-1.5756532604937803,0.0,0.0,-1.4334941045669127,0.0,0.0,-0.0,0.0,0.0,-0.30237801983270873,0.0,0.0,-0.0,0.0,0.0,-0.0,0.0,0.0,-0.0,0.0,0.008421148790841345,-0.24272570673593333,0.005572762633618674,0.0054225463010749595,-0.14100394091394208,0.003973445075027077,0.007615755123239735,-0.41264322658190744,0.00829197730993139,0.0028738360795726825,-0.8528134284399818,0.012470790182819168,0.0,-0.23189419557992003,0.0,0.0010676699867468154,-1.0207566707386588,0.01818924943124567,-0.002278547191788595,-1.3067312342453345,0.038089907482218875,0.0,-0.0,-0.0,-0.0021227914778931415,-1.3988082175702845,0.057114423533285955,0.011237735309136883,-1.3524974397247376,0.06067831056425033,0.0,0.0,0.0,-0.0003076409092490108,-1.4058759357585031,0.06033233426183916,0.0,0.0,0.0,0.0,0.0,0.0,0.021065746219795265,-1.2080365686525851,0.049926446982927544,0.01727494064290231,-0.4719150591330118,0.03602282623686663,0.0,0.0,0.0,0.0,0.0,0.0,0.02305426319354007,-0.6424264041543691,0.04547527017688634,0.0,0.0,0.0,0.0,0.0,0.0,0.0,0.0,0.0,0.0,0.0,0.0,0.0,0.0,0.0,0.0,0.0,0.0,0.0,-0.0,-0.31256403780446734,0.0,0.0,0.0,0.0,0.0,0.0,0.0,0.0,0.0,0.003746152135420342,-0.06317187867111895,0.008799512654196063,-0.009931538073444606,0.6720774953667382,-0.04015398910447233,0.0,0.0,-0.025594428961905637,0.0,0.0,-0.10401848195127851,0.0,0.0,-0.46839777898526797,0.0,-0.0,-0.4287353095246858,0.0,-0.0,-0.4623111056885688,0.0,0.0,-0.16480909981663627,0.0,0.0,-0.21779939879095297,0.0,-0.0,-0.2937248933358713,0.0,-0.0,-0.3973832745711407
1 3 1,0.0,-2.0783366544425133,0.0,0.0,-2.251811953497511,0.0,0.0,-0.0,0.0,0.0,-0.0,0.0,0.0,-0.0,0.0,0.0,-0.0,0.0,0.0,-0.0,0.0,0.0,-1.5489573614986307,0.0,-0.0,-0.023716761145571072,-0.0,-0.0,-0.0,-0.0,-0.03422736928505276,0.7888781806941302,-0.08919550625717938,-0.01667084253775382,-0.9060319681271264,-0.14130624256327298,-0.02938460380646991,0.3067260368147873,-0.13265180401336377,-0.024416889730040976,-0.28444315248271096,-0.14097485410519925,-0.006472378902627761,-1.4119008378557332,-0.1371432727536115,-0.03229721586638384,0.603936820895623,-0.059624829673939776,-0.03268134513518919,0.6964567285686536,-0.11482316521807415,-0.02586452920190153,0.24076893357158105,-0.029340080304738378,-0.016391354443663648,-0.177740732174546,-0.001034149841209725,0.003602001242423297,-0.880957227419043,0.02155068350527585,0.0030140469072861393,-1.0264843303032531,0.030132941114055872,-0.0,0.0,-0.11371116944849033,-0.0006006653356565698,-0.8589425969991407,0.03391263334641059,0.0022324782391837843,-1.0258125767751332,0.035817233932714174,-0.0070395369928156586,-0.5609116691730777,0.02135972820380988,0.004459323604018726,-0.6636679475050531,0.013822689316189725,0.0,-1.7463008789570902,0.0,0.0,-1.8793567347032976,0.0,0.0,-0.0,0.0,0.0,-1.251353881000931,0.0,0.0,-0.0,0.0,0.0,-0.0,0.0,0.0,-0.0,0.0,0.008832132801457204,-0.2755899281011455,0.00558748977416143,0.005579154032424591,-0.15095484663936456,0.003955576853154198,0.00838855757113341,-0.48137140716314175,0.00844270267529746,0.00456012774558017,-1.0174663814432494,0.012957299312518438,0.0,-1.7169233124218954,0.0,0.002684313307842477,-1.2316593619111855,0.01885822909526014,-0.0017565930484648626,-1.6100717440102696,0.03915602997807425,-0.0,-0.15299510234927732,-0.0,-0.00458918173310127,-1.7610778998845358,0.058844953184583056,0.0065161720132872625,-1.3980108964781606,0.06465672636005863,0.0,0.0,0.0,-0.003163411991879415,-1.7097647743520563,0.06244172782615636,0.0,0.0,0.0,0.0,0.0,0.0,0.0132141673856757,-0.9412280255452533,0.05624739266511979,0.0031167462778495677,-0.26357691229875835,0.04309742442758115,0.0,0.0,0.0,0.0,0.0,0.0,0.011947748664722174,-0.41917820814209417,0.05275192652466967,0.0,0.0,0.0,0.0,0.0,0.0,0.0,0.0,0.0,0.0,0.0,0.0,0.0,0.0,0.0,0.0,-4.111449039942779,0.0,-0.0,-0.0,-0.0746724521126279,0.0,0.0,0.0,0.0,-4.878017444944759,0.0,0.0,0.0,0.0,-0.016704115930682977,0.23477745670187908,0.01453329499961391,-0.040376142105768655,0.7659028628622576,-0.03721818797515189,-0.0,-0.0,-0.0022778263275177913,-0.0,0.0,-0.05959268998802993,0.0,0.0,-0.0,-0.0,-0.0,-0.0,-0.0,-0.0,-0.0,-0.0,0.0,-0.10955296470979095,-0.0,0.0,-0.1157155036899265,-0.0,-0.0,-0.09725551680364121,0.0,-0.0,-0.06702269298145011
1 3 2,0.0,-0.0,0.0,0.0,0.0,0.0,0.0,0.0,0.0,0.0,-0.0,0.0,0.0,-0.0,0.0,0.0,-0.0,0.0,0.0,-0.0,0.0,0.0,-0.0,0.0,0.0,-0.0,-0.0,0.0,-0.0,-0.0,0.049379482478231485,-0.7884086131437653,-0.04882940781997686,0.10407706901754488,-0.2150413691223881,-0.11082839108890012,0.07613549875982224,-0.6755442599156777,-0.0676623801138489,0.09134245398291056,-0.48593488215656955,-0.08573590585036303,0.11263039218511467,0.11309648914791143,-0.13878429364676317,0.041152521260622556,-0.6704917634762861,-0.040521358653265685,0.061369950884374275,-0.7854516368831852,-0.056502311212875564,0.036306039152287334,-0.4841633312912321,-0.029660722942185455,0.03345685851579076,-0.3047642021082679,-0.017664667559779915,0.017655483852810957,0.13831916644396447,0.003541890621304327,0.020740237099354172,0.10021567911354484,0.003997533824600218,0.0,-0.0,-0.0,0.02782566716338945,-0.06254061278940636,-0.0004231738423585584,0.024210438064806255,0.027291793453888172,0.003051928832133235,0.03095022250462661,-0.16734715250809107,-0.007345730455536727,0.014637958296918446,0.12951701001464302,0.002607349782176657,0.001686297467434834,0.0,0.0,0.012620178258822268,-0.0,0.0,0.00015597087952348097,0.0,0.0,0.0003613030628908219,0.0,0.0,0.0,-0.0,0.0,0.0,-0.0,0.0,0.0,-0.0,0.0,0.011182596368930974,0.026387789300248557,0.001108203455271877,0.005583520537908821,-0.0923793252051166,0.0006975900720985705,0.015073197475650627,0.14566249095643652,0.0018585360372674207,0.023670539483104602,0.4548537715520591,0.003371097560309848,0.025562645071820104,-0.0,-0.0,0.024843953870529085,0.4135845663696723,0.004347179938199411,0.02414683003249984,0.2773924060305351,0.007036946640825058,0.036542193280396484,-0.0,-0.0,0.020063567372648132,-0.07301418717186615,0.008531043026683264,0.02640417161374237,-0.18394929029790766,0.006459545356254926,0.0,0.0,0.0,0.020372477742323664,-0.12555784932705116,0.008459851007436889,0.0,0.0,0.0,0.0,0.0,0.0,0.034771836430568075,-0.15706878005259084,0.002453224397139495,0.04146688094992897,-0.3335233669955898,-0.0042370454613806785,0.0,0.0,0.0,0.0,0.0,0.0,0.03770605816066762,-0.21617276722398676,-0.0004904451347521384,0.0,0.0,0.0,0.0,0.0,0.0,0.0,0.0,0.0,0.0,0.0,0.0,0.0,0.0,0.0,0.0,0.0,0.0,0.0,0.0,-0.0,0.0,0.0,0.0,0.0,0.0,0.0,0.0,0.0,0.0,0.04013172717659123,-0.2559451442952718,-0.013468219017285609,0.035839909205204475,-0.19014499281381078,-0.028586027757535323,0.01583522952921565,-0.0,-0.0,0.017028423739386556,-0.0,-0.0,0.0,0.0,-0.0,0.0,0.0,-0.0,-0.0,0.0,-0.0,0.022720584181275698,-0.0,-0.0,0.02694560029920602,0.0,-0.0,0.054973144369209984,-0.0,-0.0,0.07052732468821331,-0.0,-0.0
1 3 3,0.0,-0.0,0.0,0.0,-0.0,0.0,0.0,-0.0,0.0,0.0,-0.0,0.0,0.0,-0.0,0.0,0.0,-0.0,0.0,0.0,-0.0,0.0,0.0,-0.0,0.0,0.0,-0.0,0.0,0.0,0.0,-0.0,-0.02445336018700679,1.0398657324712328,0.0006136255235349527,-0.10323106764568415,-1.9189498404545011,0.0008290531076379109,-0.06470564742015411,0.22227249363225737,0.0009869254055944476,-0.08496599520539722,-0.7354764052473045,0.0009666801274408523,-0.1176801814060131,-3.1357162224374013,0.0006538851518867242,-0.007708761745836791,0.9046951570282716,0.00043119079299478276,-0.04405472282437453,0.8296503708354154,0.0008478692232078087,0.004627211212228097,0.5685873635633467,0.0004028227612426801,0.011990594037084695,0.21104333083448001,0.0004965634017303897,0.007325477421276147,-0.03271205647679009,0.00037155263633401975,0.009776390418014713,-0.0864114116023083,0.0004929592577273418,0.0,0.0,-0.0,0.014497908411988565,-0.13996733399520267,0.0006418094488361874,0.012390041555311362,-0.1373252526760773,0.0005952922443948331,0.014865822335022838,-0.03663000309796782,0.0006035759919904407,0.005247525091417177,-0.0008763825955796565,0.0002572653901894732,0.0,-0.0,0.0,0.0,-0.0,0.0,0.0,-0.0,0.0,0.0,-0.0,0.0,0.0,-0.0,0.0,0.0,-0.0,0.0,0.0,-0.0,0.0,0.002671855671160209,0.004918824154489494,8.960001111765832e-05,0.00108512063533371,-0.04084631651058637,3.830567905703346e-05,0.004123156042357855,0.036086654456540995,0.00017421378960384606,0.0078087337812681006,0.12881590781767666,0.00038514808639743297,0.0,-0.0,0.0,0.009196156576392217,0.07865539803980595,0.00046533463358048265,0.011377089843138273,-0.07472012310652625,0.0006504231179544963,0.0,-0.0,0.0,0.013389071262836267,-0.2713655561634145,0.0007695243633708569,0.01601312989365239,-0.34147964254988766,0.0008325029835204685,0.0,0.0,0.0,0.014046003880051401,-0.30270929360614224,0.0007883755386999577,0.0,0.0,0.0,0.0,0.0,0.0,0.019908397862792068,-0.33004608384809725,0.0008979149358737972,0.022201099364114366,-0.3051429181164955,0.0008742874940989967,0.0,0.0,0.0,0.0,0.0,0.0,0.02108508624637738,-0.340902620143402,0.0008888141079954901,0.0,0.0,0.0,0.0,0.0,0.0,0.0,0.0,0.0,0.0,0.0,0.0,0.0,0.0,0.0,0.0,0.0,0.0,-0.0,0.0,-0.0,0.0,0.0,0.0,0.0,0.0,0.0,0.0,0.0,0.0,0.022577914748263213,-0.13784496611785899,0.0007202368321982092,0.020739654542604236,0.12388894668673546,0.0003865895792317895,0.0,0.0,-0.0,-0.0,0.0,-0.0,-0.0,0.0,-0.0,-0.0,0.0,-0.0,-0.0,-0.0,0.0,-0.0,0.0,-0.0,-0.0,0.0,-0.0,-0.04754294272179696,-0.0,-0.0,-0.0893909755626536,-0.0,0.0
1 3 4,0.0,-0.0,-0.0,0.0,-0.0,-0.0,0.0,-0.0,-0.0,0.0,-0.0,0.0,0.0,-0.0,0.0,0.0,-0.0,0.0,0.0,-0.0,0.0,0.0,-0.0,-0.0,0.0,0.0,-0.0,-0.0,0.0,-0.0,-0.0030394127989938494,0.06601418661399934,-0.0010921115981719957,-0.002767702841666493,-0.12187400437334897,-0.00202403159547133,-0.004005059507218607,0.014172293568264408,-0.001624577554861083,-0.003672601542921949,-0.044171620275214714,-0.0018502372491934634,-0.0014974348926125275,-0.20886801988667253,-0.0021332800631600306,-0.002131909822359645,0.06304409827139343,-0.0008213287736040286,-0.003746923377875851,0.05065010738564998,-0.0013659374034243469,-0.0012731386060036041,0.04764089060425969,-0.0005734467849371306,-0.0006130243627975332,0.028230026496574624,-0.00036937712732403933,0.00012904305687105462,-0.0021319077480886107,-1.1170459236942875e-05,0.00015083170962092044,-0.0027324157194150564,-2.943414930891816e-05,-0.0,0.0,-0.0,4.028893173821595e-05,0.0022939039798954863,-0.00012384288770849345,0.0001344197980105856,-0.0019241273176378532,-6.410488163391668e-05,-0.0001878117409401073,0.012103343375059505,-0.0002210694717883325,9.47689977523945e-05,-0.0013778072998765038,-2.9528184330115224e-06,0.0,-0.0,-0.0,0.0,-0.0,-0.0,0.0,-0.0,-0.0,0.0,-0.0,-0.0,0.0,-0.0,0.0,0.0,-0.0,0.0,0.0,-0.0,0.0,4.130476647560075e-05,-0.000822627750692443,1.3810604783858383e-06,1.4338476604450581e-05,-0.0015368167811540619,2.823428008482988e-07,6.88426321486399e-05,-0.0005551573533028788,2.1625223322863655e-06,0.00013931284572573055,0.0006580047330088995,3.5422898185435983e-06,0.0,-0.0,-0.0,0.0001744577841643704,-0.0006314327733463809,1.0361604025941136e-06,0.0002304664813995816,-0.004479837897748935,-1.3312150725748859e-05,-0.0,0.0,-0.0,0.0002797069426757272,-0.008363907359615072,-3.187462565316603e-05,0.00022467675816035724,-0.0069405721136939335,-8.117292923157847e-05,0.0,0.0,0.0,0.0002810186632916836,-0.008596194782198707,-4.0231582104575284e-05,0.0,0.0,0.0,0.0,0.0,0.0,0.0001629444576779585,-0.0036868727778125734,-0.00013349916434999203,-3.140103755111002e-05,0.0032887693266187993,-0.00021735464076031783,0.0,0.0,0.0,0.0,0.0,0.0,6.69855909383295e-05,-0.000949778331877743,-0.00017547035100941703,0.0,0.0,0.0,0.0,0.0,0.0,0.0,0.0,0.0,0.0,0.0,0.0,0.0,0.0,0.0,0.0,0.0,0.0,-0.0,0.0,-0.0,0.0,0.0,0.0,0.0,0.0,0.0,0.0,0.0,0.0,-0.00026020095520633746,0.017116529140221916,-0.0003092594954432979,-0.000623126506395371,0.0375075144486576,-0.00044142355164044646,-0.0,0.0,-0.0,-0.0,0.0,-0.0,-0.0,0.0,-0.0,-0.0,0.0,-0.0,-0.0,-0.0,-0.0,-0.0,0.0,-0.0,-0.0,0.0,-0.0,-0.0,-0.0,-0.0,-0.0,-0.0,-0.0
1 4 -3,0.0,-0.0,0.0,0.0,-0.0,0.0,0.0,-0.0,0.0,0.0,-0.0,0.0,0.0,-0.0,0.0,0.0,-0.0,0.0,0.0,-0.0,0.0,0.0,-0.0,0.0,0.0,-0.0,0.0,0.0,-0.0,0.0,0.0017803780922083384,-0.22934050976987672,0.00031191682741300224,-0.0007052884720572574,-0.470609074581384,0.000523172459037941,0.0009557320161893153,-0.31787335668504774,0.00045079523811273367,0.00021469961204131002,-0.37949127067808436,0.0004952565499885306,-0.0016381902123939172,-0.5888036890730522,0.0005417039000658017,0.0019012986579729312,-0.18454499547671643,0.00023615236933229383,0.0014677437970128696,-0.2720322936246171,0.0003876632268766239,0.0018257341753835485,-0.13910629606582894,0.00017223407777487322,0.0015987165170240326,-0.0979490326962128,0.00012472289231163982,0.0003509405580807388,-0.0047313009744831235,2.3551046244376088e-05,0.0005145050560002479,-0.011413632977454258,3.470062152908782e-05,0.0,-0.0,0.0,0.0009979438204272635,-0.040264886785414566,6.750325843888136e-05,0.0007301908643421183,-0.022896823695258747,4.916688059414415e-05,0.0013005985382075955,-0.06484282276438076,9.141386848081241e-05,0.00023153028230906417,-0.001623290545219309,1.528801062067971e-05,0.0,-0.0,0.0,0.0,-0.0,0.0,0.0,-0.0,0.0,0.0,-0.0,0.0,0.0,-0.0,0.0,0.0,-0.0,0.0,0.0,-0.0,0.0,9.796371852387089e-05,-0.0007870742712201983,5.057126585047907e-06,3.802997142207719e-05,-0.0021160897043719577,2.1844411628815646e-06,0.00015762067863060603,0.00032354468540921115,9.72831733050286e-06,0.0003096496681720034,0.0037458882132716783,2.0939588435328567e-05,0.0,-0.0,0.0,0.00039046880825193314,0.0019308013379356567,2.6568161507574886e-05,0.000553336153657138,-0.005184789091768975,3.865767644829094e-05,0.0,-0.0,0.0,0.000732082721798655,-0.01618776027513938,4.993048854028007e-05,0.000948452611337633,-0.03302062821420055,6.445856026412069e-05,0.0,0.0,0.0,0.000778812383283504,-0.020107709521699508,5.304980972528985e-05,0.0,0.0,0.0,0.0,0.0,0.0,0.001219416027027391,-0.04885234361024378,8.120305448230247e-05,0.0015569808484498682,-0.07348308316751742,0.00010360725930363871,0.0,0.0,0.0,0.0,0.0,0.0,0.0013705213793347648,-0.060972054882644906,9.455856532974077e-05,0.0,0.0,0.0,0.0,0.0,0.0,0.0,0.0,0.0,0.0,0.0,0.0,0.0,0.0,0.0,0.0,0.0,0.0,0.0,-0.0,0.0,0.0,0.0,0.0,0.0,0.0,0.0,0.0,0.0,0.0,0.001908560190687944,-0.0977322823748771,0.00012192204524565485,0.002318245761229545,-0.12607845275617455,0.00014019295611547691,0.0,-0.0,0.0,0.0,-0.0,0.0,-0.0,-0.0,0.0,-0.0,-0.0,0.0,-0.0,-0.0,0.0,0.0,-0.0,0.0,0.0,-0.0,0.0,-0.0,-0.0,0.0,-0.0,-0.0,0.0
1 4 -2,0.0,-0.0,0.0,0.0,-0.0,0.0,0.0,-0.0,0.0,0.0,-0.0,0.0,0.0,-0.0,0.0,0.0,-0.0,0.0,0.0,-0.0,0.0,0.0,-0.0,0.0,0.0,-0.0,0.0,0.0,-0.0,0.0,0.03104333487867985,-0.41184406354423103,0.006537897728330804,0.017247195434243696,-1.9747906827832624,-0.004967848346678839,0.02512099461712964,-1.0002583950482415,0.004763442126423429,0.0212497669020822,-1.4212077856860148,0.0010016919898402953,0.012997027887691519,-2.6329034111125336,-0.012153647913976343,0.031225102448787682,-0.22348498886674312,0.005708453601223901,0.02864109741454061,-0.6729600724044765,0.006422179801795342,0.028600568739888445,-0.12044878815523849,0.00450127870976363,0.023929430803646963,-0.08677188205210738,0.00336184424370446,0.0052421986019541515,-0.012364510611683269,0.0007301612765553733,0.00735673002096304,-0.031681140116278046,0.0010429441986351182,0.0,-0.0,0.0,0.014016599172418277,-0.07554736210349086,0.001883684826864686,0.010229609900537595,-0.056178089079497506,0.0014213862525451256,0.01871138216143071,-0.08262427601881714,0.0024964114369013923,0.0036907437994161403,-0.0033674320056832937,0.00048398507065274687,0.0,-0.0,0.0,0.0,-0.0,0.0,0.0,-0.0,0.0,0.0,0.0,0.0,0.0,-0.0,0.0,0.0,-0.0,0.0,0.0,-0.0,0.0,0.002060346424903576,-0.009442050141743968,0.0001824487354910281,0.0009857087149890507,-0.02228574201385097,9.264800567095372e-05,0.002977819628667922,0.004044340588185006,0.00032306601711676205,0.0050988938524395115,0.03992156285692156,0.0006096801607651706,0.0,-0.0,0.0,0.006002780129547051,0.031140385241956035,0.000819438420730158,0.007866367151794456,-0.010502421059895453,0.0012527949697057302,0.0,-0.0,0.0,0.009642237864882663,-0.07383127219165841,0.0015998133976488508,0.013028149584601825,-0.12658064874399555,0.0019136672445512904,0.0,0.0,0.0,0.010252607176702467,-0.09305594363802135,0.0016838469879095006,0.0,0.0,0.0,0.0,0.0,0.0,0.016559295850664624,-0.1450479439928842,0.0020916199212363254,0.021493310323144672,-0.16464012829528762,0.002739771413063409,0.0,0.0,0.0,0.0,0.0,0.0,0.018694564856950313,-0.140264481149011,0.002565116266505892,0.0,0.0,0.0,0.0,0.0,0.0,0.0,0.0,0.0,0.0,0.0,0.0,0.0,0.0,0.0,0.0,0.0,0.0,0.0,-0.0,0.0,0.0,0.0,0.0,0.0,0.0,0.0,0.0,0.0,0.0,0.02628679118092149,-0.14564737395563604,0.0032362691553683154,0.032815116490283895,-0.048790256814799156,0.00348789622681642,0.0,-0.0,0.0,0.0,-0.0,0.0,0.0,-0.0,0.0,0.0,-0.0,0.0,0.0,-0.0,-0.0,0.0,-0.0,0.0,0.0,-0.0,0.0,0.0,-0.0,0.0,0.0,-0.0,-0.0
1 4 -1,0.0,-0.0,0.0,0.0,-0.0,0.0,0.0,-0.0,0.0,0.0,-0.0,0.0,0.0,-0.0,0.0,0.0,-0.0,0.0,0.0,-0.0,0.0,0.0,-0.0,-0.0,0.0,-0.0,-0.0,0.0,-0.0,-0.0,-0.02084331332693362,-0.34363163713255385,-0.004112830477793812,-0.1149639603539056,2.7308629125521,-0.0604014019010774,-0.05821195788743353,0.41539202017280175,-0.016498408026479842,-0.08446404525817969,1.421513282230649,-0.034609271345884055,-0.1460508102566268,4.057616394365935,-0.08884988765503314,-0.008324960724856592,-0.37521081007924867,-0.003647017104735772,-0.037222548260630865,-0.14696914428171184,-0.0071322549066604735,0.0005857923201612803,-0.3998670885890064,-0.0029733105745590517,0.006201562705821652,-0.460179494262317,-0.0014933850110389604,0.006992640352176873,-0.3209398754436481,0.0013257206705623908,0.008424041826325657,-0.4233078618454431,0.0016356947373310806,0.0,-0.0,-0.0,0.010063495974422828,-0.5441248095471923,0.0012420708537465533,0.009616615592678002,-0.5068538580039665,0.0016882442969077443,0.009139045501895447,-0.5227349104474032,0.00012708167210078323,0.005623005386178493,-0.22498696774280819,0.0009562707408059527,0.0,-0.0,0.0,0.0,-0.0,0.0,0.0,-0.0,0.0,0.0,-0.0,0.0,0.0,-0.0,0.0,0.0,-0.0,0.0,0.0,-0.0,0.0,0.004672470854468697,-0.09758203823910805,0.0004763620064613997,0.002658191323421886,-0.05630614765148971,0.00030473664790938375,0.005747479903642373,-0.15540327312461868,0.0007282065561923155,0.007384148577410524,-0.3066100391216273,0.0011145638705895755,0.0,-0.0,-0.0,0.00817965342675603,-0.3767025570948863,0.001502823624156269,0.01002825211090581,-0.5493443135661658,0.0024411739527616582,0.0,-0.0,-0.0,0.010726360269622044,-0.6756918552635347,0.0031577288526643565,0.01368555845444054,-0.754269515222226,0.002703994828181498,0.0,0.0,0.0,0.011164151482868851,-0.703285309731414,0.0032099485957109582,0.0,0.0,0.0,0.0,0.0,0.0,0.014703325627075246,-0.7746675386514341,0.0014993575942403579,0.011680840032347503,-0.6822577834841524,0.0014130603219474987,0.0,0.0,0.0,0.0,0.0,0.0,0.01293436003032844,-0.6890885406988789,0.0016625673008912854,0.0,0.0,0.0,0.0,0.0,0.0,0.0,0.0,0.0,0.0,0.0,0.0,0.0,0.0,0.0,0.0,0.0,0.0,-0.0,0.0,-0.0,0.0,0.0,0.0,0.0,0.0,0.0,0.0,0.0,0.0,0.009307299286299905,-0.54008719548691,0.00013318518355279435,0.007613959797133257,-0.22578921200698288,-0.003555437582389214,0.0,-0.0,-0.0,-0.0,-0.0,-0.0,-0.0,0.0,-0.0,-0.0,0.0,-0.0,-0.0,0.0,-0.0,-0.0,0.0,-0.0,-0.0,0.0,-0.0,-0.025603581669009088,0.0,-0.0,-0.041468693423636536,0.0,-0.0
1 4 1,0.0,-0.0,0.0,0.0,-0.0,0.0,0.0,-0.0,0.0,0.0,-0.0,0.0,0.0,-0.0,0.0,0.0,-0.0,0.0,0.0,-0.0,0.0,0.0,-0.0,0.0,0.0,-0.0,-0.0,-0.0,-0.0,-0.0,-0.03340494527311114,-0.3863697970244808,-0.001487788633292181,-0.1097803095732983,1.6916433135003013,-0.037700132854984,-0.05852191370120058,0.20547911299762933,-0.007524622971501285,-0.08081660490376855,0.8598617922247502,-0.0196540145527306,-0.14114665877888252,2.5326995652584277,-0.057658019010099315,-0.024983392578150746,-0.4754418149936876,-0.0022431118919226476,-0.043502397985258644,-0.1947741163411564,-0.0021557549629574258,-0.01644800132280075,-0.5420567457226602,-0.0020555847004393992,-0.008081409880040127,-0.6036952584910521,-0.0006420008278514838,0.006555099423179709,-0.34238232397999674,0.0015785982921893216,0.0069212239543329284,-0.45814832445941867,0.0020639984628520996,-0.0,-0.0,-0.0,0.003675445283794648,-0.6262778734360359,0.0020666387918132816,0.006179886049497168,-0.5610554431070056,0.0023321247013583703,-0.0010925747150901026,-0.6390871110132059,0.0010147502523617517,0.0056428212108612895,-0.2371100428293317,0.001095059841689064,0.0,-0.0,0.0,0.0,-0.0,0.0,0.0,-0.0,0.0,0.0,-0.0,0.0,0.0,-0.0,0.0,0.0,-0.0,0.0,0.0,-0.0,0.0,0.0048059303313808185,-0.09998938925737104,0.0004969816530054728,0.002694376435929744,-0.0570698008482613,0.00030996830216818943,0.006016702132003594,-0.16001197567459458,0.0007892894247216418,0.008016853881893602,-0.31752163709461556,0.0012770788579162754,0.0,-0.0,-0.0,0.008744966192814192,-0.3942115351125743,0.0017260483586568611,0.00979760637415557,-0.5862367430499733,0.002814588137855779,0.0,-0.0,-0.0,0.008819569463274978,-0.746956761172544,0.003744180995377809,0.008989298415892947,-0.8177011342682801,0.0037362800648520194,0.0,0.0,0.0,0.008705071092311403,-0.7703573039639893,0.0038819630808931997,0.0,0.0,0.0,0.0,0.0,0.0,0.006782919435765765,-0.8388635485650281,0.002963915747110599,-0.0004738371682701504,-0.8167360069818975,0.0029922873956580473,0.0,0.0,0.0,0.0,0.0,0.0,0.0029077866511368748,-0.7898582799916088,0.003284874242638597,0.0,0.0,0.0,0.0,0.0,0.0,0.0,0.0,0.0,0.0,0.0,0.0,0.0,0.0,0.0,0.0,0.0,0.0,-0.0,-0.0,-0.0,0.0,0.0,0.0,0.0,0.0,0.0,0.0,0.0,0.0,-0.007623690561198646,-0.7238437927394095,0.001465696837302185,-0.015737293274719504,-0.5098697966612041,-0.0027138197832111194,-0.0,-0.0,-0.0,-0.0,-0.0,-0.0,-0.0,0.0,-0.0,-0.0,0.0,-0.0,-0.08019170342004546,0.0,-0.0,-0.0,0.0,-0.0,-0.002473234239794942,0.0,-0.0,-0.047861307421541,0.0,-0.0,-0.05401550519597528,0.0,-0.0
1 4 2,0.0,-0.0,0.0,0.0,-0.0,0.0,0.0,-0.0,0.0,0.0,-0.0,0.0,0.0,-0.0,0.0,0.0,-0.0,0.0,0.0,-0.0,0.0,0.0,-0.0,0.0,0.0,-0.0,-0.0,0.0,-0.0,-0.0,0.01826838903124211,-0.5505489629284002,0.0030380674092935008,0.021675576297887442,-4.185170395087504,-0.007294467023035641,0.023127718989399543,-1.7763370007491674,0.002261148819162084,0.023531682241165478,-2.8466976271374564,-0.0011917803442091641,0.01762037528069641,-5.625443592907041,-0.01506493927567054,0.015565473853559728,-0.29092421017681885,0.0021057695584873995,0.02107339579036264,-1.021625162334586,0.003381493316344206,0.013303354079089084,-0.16967261728609936,0.0012248261911101733,0.011397003991271045,-0.12624311231602908,0.0006970229096545431,0.003921086643416693,-0.033465976417202274,0.0004894485322916887,0.005022396647514038,-0.05594468824688565,0.0005782391571000414,0.0,-0.0,0.0,0.007949724459856118,-0.10110507713615768,0.0005526966014464223,0.006367265655503212,-0.08098450508636196,0.0005983195794625178,0.009649652676298266,-0.11302992150700494,0.0005276432726340265,0.0029919748176459155,-0.019067299590334368,0.00036780403511166884,0.0,-0.0,0.0,0.0,-0.0,0.0,0.0,-0.0,0.0,0.0,-0.0,0.0,0.0,-0.0,0.0,0.0,-0.0,0.0,0.0,-0.0,0.0,0.0019355085393915554,-0.014368233900878628,0.00017009834102223425,0.0009497048792411195,-0.023399004199384812,8.877753961153283e-05,0.002702611460855914,-0.006593258041323607,0.0002882212240366982,0.004439719015345262,0.014443570263822376,0.0005176142853584307,0.0,-0.0,0.0,0.005024156561831305,-0.0005672741082232175,0.0006686236710909022,0.005870372204722257,-0.05172693078702057,0.0009107790902927482,0.0,-0.0,-0.0,0.006102482290901309,-0.1248397885168738,0.0009818277361369322,0.007690914376725626,-0.1473027577583448,0.0008061915792345688,0.0,0.0,0.0,0.0063338991661033425,-0.13566661580831305,0.0009686846152753685,0.0,0.0,0.0,0.0,0.0,0.0,0.00930915968499374,-0.14367598443081903,0.0004273773006781574,0.011961300302208017,-0.1764190268582218,0.00036829794634504135,0.0,0.0,0.0,0.0,0.0,0.0,0.01025633313155966,-0.15102128690492983,0.0005086123487993479,0.0,0.0,0.0,0.0,0.0,0.0,0.0,0.0,0.0,0.0,0.0,0.0,0.0,0.0,0.0,0.0,0.0,0.0,0.0,-0.0,0.0,0.0,0.0,0.0,0.0,0.0,0.0,0.0,0.0,0.0,0.013858247836526214,-0.1499684777733888,0.00020116739348447862,0.01553847383758915,-0.09345794162206483,-0.0004680934903327433,0.0,-0.0,0.0,0.0,-0.0,0.0,0.0,-0.0,0.0,-0.0,-0.0,0.0,0.0,-0.0,-0.0,0.0,-0.0,0.0,0.0,-0.0,0.0,0.0,-0.0,0.0,0.0,-0.5312825611614,-0.0
1 4 3,0.0,-0.0,0.0,0.0,-0.0,0.0,0.0,-0.0,0.0,0.0,-0.0,0.0,0.0,-0.0,0.0,0.0,-0.0,0.0,0.0,-0.0,0.0,0.0,-0.0,0.0,0.0,-0.0,0.0,0.0,-0.0,-0.0,-0.00030377349657735017,-0.025169357152843366,0.00012646890167670723,-0.001675060600309566,-0.41188714751490935,0.0001904777676470567,-0.0010166881826660253,-0.14728323545683403,0.00022213336461702902,-0.0013391146806809883,-0.2596891790777931,0.00022436165275993827,-0.001958433169591931,-0.5899554427461805,0.0001347937290618068,0.00010669390405368334,-0.0013403345903665275,7.289970979299312e-05,-0.0006876463389659998,-0.07151224462785276,0.0001842213965239416,0.0004551524806155034,0.006709085749838194,3.993958268776734e-05,0.0006662970374456949,0.005845702919809998,2.75355644408329e-05,0.0002665779757953546,-0.0013084860107823153,1.683767256892433e-05,0.0003797229266304161,-0.0019698745570679967,2.172060176415472e-05,0.0,-0.0,0.0,0.0006460648134535428,-0.0009130115151068535,2.684744583705357e-05,0.0005148427425041499,-0.002125139872735316,2.547311149302932e-05,0.0007181941834245127,0.002096959673940117,2.6132220011388773e-05,0.0001800256824418368,-0.0008229074834340185,1.1981463367091404e-05,0.0,-0.0,0.0,0.0,-0.0,0.0,0.0,-0.0,0.0,0.0,-0.0,0.0,0.0,-0.0,0.0,0.0,-0.0,0.0,0.0,-0.0,0.0,8.275527413386854e-05,-0.0011059530693708257,4.6443318600191375e-06,3.3539385053076784e-05,-0.001974178964861946,2.0597785550325222e-06,0.0001282693946790638,-0.00038889526538312503,8.65315066000767e-06,0.00024286574363902144,0.0020823271463884085,1.8163034544046845e-05,0.0,-0.0,0.0,0.00030275539985080653,0.0010847133940701753,2.201673959252848e-05,0.00042228572885332004,-0.002183753470520184,2.900929612810557e-05,0.0,0.0,0.0,0.0005422525854676656,-0.006501724849405458,3.3199432399973633e-05,0.000689216206314617,-0.00655981480937397,3.516487084353927e-05,0.0,0.0,0.0,0.0005772990107433923,-0.006993170964700005,3.388109267239209e-05,0.0,0.0,0.0,0.0,0.0,0.0,0.0008643848414410925,-0.0031645428621610585,3.5898450337307634e-05,0.001059003163791556,-0.001467200974553579,3.4845524539231436e-05,0.0,0.0,0.0,0.0,0.0,0.0,0.000948224667766453,-0.0026754881889523366,3.719967516798014e-05,0.0,0.0,0.0,0.0,0.0,0.0,0.0,0.0,0.0,0.0,0.0,0.0,0.0,0.0,0.0,0.0,0.0,0.0,-0.0,0.0,0.0,0.0,0.0,0.0,0.0,0.0,0.0,0.0,0.0,0.0,0.0011915192147708934,0.005099981028792246,2.5530884621606054e-05,0.001246316961836834,0.014875154815860516,4.0541411084208825e-06,0.0,-0.0,0.0,0.0,-0.0,0.0,-0.0,-0.0,0.0,-0.0,-0.0,0.0,-0.0,-0.0,0.0,-0.0,-0.0,0.0,-0.0,-0.0,0.0,-0.0,-0.0,0.0,-0.0,-0.0,0.0
2 1 -4,0.0,0.0,0.0,0.0,0.0,0.0,0.0,-0.0,0.0,0.0,-0.0,0.0,0.0,-0.0,0.0,0.0,-0.0,0.0,0.0,-0.0,0.0,0.0,0.0,-0.0,0.0,0.0,-0.0,0.0,0.0,-0.0,0.01289098207153166,-0.0034509490192334673,-4.6849568094868454e-05,0.011445743251442727,-0.7787976562622313,-0.0006504843905533579,0.010307765875069104,-0.448383680173479,-0.00016689175743346074,0.009863670369423809,-0.6507915969997746,-0.000371772854525106,0.01470914557305478,-0.8277073144111663,-0.0009646368072821994,0.012324807632975597,0.13973605544685633,-8.073775872730926e-05,0.011825340276882751,-0.21442773206096685,-6.0340951911846204e-05,0.009991272136331915,0.19638020399049672,-0.00010584508198361879,0.006867110961481871,0.18557171380287982,-9.733176221454468e-05,0.0006390349431039151,0.019223533029229044,1.3278476070814137e-05,0.0009504490969633964,0.037212128449858446,9.258681044122917e-06,0.0,0.0,-0.0,0.002409726592694002,0.10038132963602171,-3.070220939105391e-05,0.001458507125757847,0.06387098211783258,-4.614200238822734e-06,0.004161645197985271,0.1445844175579904,-6.56820270438641e-05,0.00042038421159860706,0.007458658394799966,1.1818527347354979e-05,0.0,0.0,0.0,0.0,0.0,-0.0,0.0,-0.0,0.0,0.0,0.0,0.0,0.0,-0.0,0.0,0.0,-0.0,0.0,0.0,-0.0,0.0,0.00015516836058753077,-0.005906857216496188,5.750486951530842e-06,4.798050749093433e-05,-0.01693106072844148,1.5033205890623907e-06,0.0002764467646796497,0.000986670349892494,1.01292224965838e-05,0.0005937004507896144,0.019958351493888183,2.173685950954741e-05,0.0,0.0,-0.0,0.0007530706867285259,0.02101219586834474,2.5763833507720147e-05,0.001007319247066663,0.03445926781732386,2.4610393077567284e-05,0.0,0.0,-0.0,0.0013484709132266714,0.055180355182953125,2.477497433756327e-05,0.001552455403187357,0.07301103511287695,-2.003923297561e-06,0.0,0.0,0.0,0.0014089658946014496,0.05963409163987281,2.1386685398921014e-05,0.0,0.0,0.0,0.0,0.0,0.0,0.0020650651004508413,0.11933146241322663,-2.889240038592958e-05,0.0031468238340829576,0.17858088066800498,-9.095760788489583e-05,0.0,0.0,0.0,0.0,0.0,0.0,0.0025084370912812864,0.1625858153045159,-5.930745093634503e-05,0.0,0.0,0.0,0.0,0.0,0.0,0.0,0.0,0.0,0.0,0.0,0.0,0.0,0.0,0.0,0.0,0.0,0.0,0.0,-0.0,0.0,0.0,0.0,0.0,0.0,0.0,0.0,0.0,0.0,0.0,0.004917520172084133,0.22638756979494823,-0.00014973210426512027,0.007540281900668283,0.26805571034891723,-0.0002184604607524895,0.0,0.0,-0.0,0.0,0.0,0.0,0.0,-0.0,0.0,0.0,-0.0,0.0,-0.0,-0.0,-0.0,0.0,0.0,0.0,0.0,-0.0,0.0,0.0,-0.0,0.0,0.0,-0.0,-0.0
2 1 -3,0.0,0.0,0.0,0.0,0.0,0.0,0.0,0.0,0.0,0.0,0.0,0.0,0.0,0.0,0.0,0.0,-0.0,0.0,0.0,-0.0,0.0,0.0,0.0,0.0,0.0,0.0,0.0,0.0,0.0,0.0,0.01193433803587291,1.5621296609382354,5.136755624714515e-05,0.020346110961721564,2.4679073788223773,-0.005149331833110391,0.005369249875705376,1.8161694572315614,-0.001290900736703405,0.009094178654358985,2.0823911154975363,-0.002989676729768512,0.036941959593236394,2.875559490270054,-0.007472341489069441,0.014844724538103296,1.385300354848488,-6.248975908633551e-05,0.007560218163470179,1.6730159163859124,-0.0002717502783945025,0.014753727996968875,1.1277983523210469,-0.00024996145762337673,0.012607798579229564,0.8650863885552351,-0.00029476229070321677,0.003880334167277416,0.267078921774047,0.00014819865414759549,0.005241555955400419,0.3826388044512511,0.00015018778278847396,0.0,0.0,0.0,0.00816436860040017,0.5636286786287154,-3.3281344476896635e-05,0.0066384056143758054,0.48041855645038173,9.302359246878152e-05,0.010126522729982476,0.6752257895589603,-0.0001913984440155483,0.0026577334694736486,0.15801462098026542,0.00011683740905419468,0.0,0.0,0.0,0.0,0.0,0.0,0.0,0.0,0.0,0.0,0.0,0.0,0.0,0.0,0.0,0.0,-0.0,0.0,0.0,-0.0,0.0,0.0010269292868348042,0.043741594603465134,5.679313244451258e-05,0.00033099181841136964,-0.07072313725545763,1.8474645153550018e-05,0.0018003701977332455,0.09877475147616005,9.082059266103444e-05,0.0037952791229570004,0.23192887304033433,0.00018380469999557645,0.0,0.0,0.0,0.004789068688006246,0.254732764499691,0.0002263973772104991,0.006465777171793881,0.5420967675372114,0.00026101649662553034,0.0,0.3163230937942788,0.0,0.008462073847646173,0.8277111917230965,0.0003159025396154062,0.008670770733531938,0.6626957303783377,0.00016376395160090835,0.0,0.0,0.0,0.00872767017772538,0.8300099805731984,0.00030176133783833717,0.0,0.0,0.0,0.0,0.0,0.0,0.009577121528839546,0.6062402843786359,1.2366710468195205e-05,0.009627644414920295,0.5711097795655296,-0.0003885105956651909,0.0,0.0,0.0,0.0,0.0,0.0,0.009361245558016075,0.5785015190778706,-0.0001900318811414414,0.0,0.0,0.0,0.0,0.0,0.0,0.0,0.0,0.0,0.0,0.0,0.0,0.0,0.0,0.0,0.0,0.0,0.0,0.0,0.0,0.0,0.0,0.0,0.0,0.0,0.0,0.0,0.0,0.0,0.0,0.011123632442243434,0.6397636759611068,-0.0007527159831356537,0.013156144880048916,0.6166481879775924,-0.0011387167120778638,0.0,0.5102282353317407,0.0,0.0,0.08096022705624872,0.0,0.0,0.0,0.0,-0.0,0.0,0.0,-0.0,-0.0,-0.0,0.0,0.0,0.0,0.0,0.0,0.0,0.0,0.0043438169450444545,0.0,0.0,0.0,-0.0
2 1 -2,0.0,-0.0,0.0,0.0,-0.0,-0.0,0.0,-0.0,-0.0,0.0,-0.0,0.0,0.0,-0.0,0.0,0.0,-0.0,0.0,0.0,-0.0,0.0,0.0,0.0,0.0,0.0,2.9840872108345895,0.0,0.0,8.568780866876915,0.0,0.035523670658175945,6.37420613304635,0.028647445148256456,0.09262522942185664,9.254876597330826,0.07957542250392886,0.053664976464309844,8.593823869763286,0.061331958213118,0.0702811263055322,9.108921420475971,0.07272190984463628,0.11775014156774462,9.184536107360659,0.08228146565652475,0.029971573018988833,4.889117888660202,0.013617549366108504,0.04269609315944677,7.660111375896081,0.04588156712087419,0.0248187037446179,3.4201687195350567,0.003896489467199447,0.02001466792148646,2.1802405130491156,-0.0004379490458376386,0.0037994115732733254,-0.22879192506013735,-0.0004356822255660824,0.006009034754537507,-0.06308891925279325,-0.0005314323765197572,0.0,11.489710570364606,0.0,0.012131189672349793,0.6538052110000387,-0.0011378293918432386,0.008849223398770143,0.2280033403731486,-0.0007339900981664739,0.015803043073300264,1.2721193705506453,-0.0014234430024300092,0.002296113061256814,-0.27539963559065167,-0.0003124447503100313,0.0,-0.0,0.0,0.0,0.0,0.0,0.0,-0.0,-0.0,0.0,-0.0,-0.0,0.0,-0.0,0.0,0.0,-0.0,0.0,0.0,-0.0,0.0,0.0009080443534716245,-0.11607145348079637,0.00024670451244763255,0.0003685501480026282,-0.14983210598605387,0.00031632197635625767,0.0013860680510610823,-0.2513049674029779,-0.000405982416403135,0.002582416616421727,-0.6579500123259631,-0.001350100589892348,0.0,1.0395853507812653,0.0,0.0034669783316296147,-0.7692128849822213,-0.001132083780072874,0.005347268950367495,-0.2958867603864127,-0.0006782448683279618,0.0,3.666700893710061,0.0,0.009050838450749964,0.2910191995858948,-0.0004011635276864804,0.013024831604074532,0.5124350724032339,-0.00035404442898978133,0.0,0.0,0.0,0.01006910199433539,0.37717778442846867,-0.00019832144327141976,0.0,0.0,0.0,0.0,0.0,0.0,0.017855187414215604,1.0342450653089221,0.00026878633181063786,0.01798261618247605,1.348888632320322,-0.0028141168372698418,0.0,0.0,0.0,0.0,0.0,0.0,0.017945993903543463,1.185275020573821,-0.0009711835145409909,0.0,0.0,0.0,0.0,0.0,0.0,0.0,0.0,0.0,0.0,0.0,0.0,0.0,0.0,0.0,0.0,0.0,0.0,0.0,11.647737100704639,0.0,0.0,0.0,0.0,0.0,0.0,0.0,0.0,0.0,0.0,0.01958248521484243,1.8138042602314894,-0.004548253900919574,0.023891247185761057,2.4175231209962105,-0.006196993982437095,0.0,6.330071770306251,0.0,0.0,9.237440406287263,0.0,0.0,14.895154305833934,0.0,0.0,20.51230019633798,0.0,0.0,22.982790166974915,0.0,0.0,11.145978183740274,0.0,0.0,12.974777248383068,0.0,0.0,13.840203026364513,0.0,0.0,13.593977089991608,0.0
2 1 -1,0.0,0.0,-0.0,0.0,-0.0,-0.0,-0.0,-0.0,-0.0,0.0,-0.0,-0.0,0.0,-0.0,0.0,0.0,-0.0,0.0,0.0,-0.0,0.0,0.0,0.0,-0.12868271886769606,0.0,0.0,-0.11337206643290461,0.0,0.0,-0.012027857184875429,0.016468971762293286,1.4025702052022313,-0.04140180320120229,0.0519953656688389,5.528686781653427,0.04119687584142888,0.03257021752994219,3.0696054897894256,-0.009876511879303431,0.04263826652069491,4.25335270970558,0.012061213244412684,0.05907703915904968,6.704730893319131,0.07551485686202533,0.011400060970544173,0.9072728290516799,-0.05566027100264777,0.023531854413349422,2.1091256012429342,-0.026795969532239616,0.007949863942950667,0.5668906861467822,-0.06983878294296644,0.005765953632560066,0.34158998590804546,-0.08148179596436633,0.0010719007786305981,-0.030916096318997815,-0.04559482812984871,0.0018062499808343677,-0.005937331746692236,-0.06125043957102384,0.0,0.0,-0.10568784168997902,0.0035373004055334802,0.10596600046103975,-0.08465561958805295,0.0026718580728671763,0.04017419279264423,-0.07515191173072147,0.004455797056700218,0.19883857866590426,-0.0870515040002173,0.0005863107643812973,-0.03530633547114836,-0.03010068580399824,0.0,0.0,-0.06986719187479597,0.0,0.0,-0.10178701462725555,0.0,-0.0,-0.0,0.0,-0.0,-0.010885179858848276,0.0,-0.0,0.0,0.0,-0.0,0.0,0.0,-0.0,0.0,0.00021920952399052861,-0.008387388340226008,0.00024200353047012005,0.0001621691013350994,-0.0006878534244710813,0.005519995174531311,0.0003337691738719053,-0.029141633272252877,-0.02045718300154478,0.0005969070458237302,-0.0906741274949292,-0.05778007331161914,0.0,0.0,-0.11650660230887093,0.0005271362920136275,-0.11075680465544621,-0.06985391070563732,0.0011666179119801097,-0.08340378208778729,-0.08505697559533217,0.0,0.0,-0.09313262568166328,0.0031537939748846134,0.015270967920686256,-0.08934472459559777,0.004847693840950611,0.1174681198347608,-0.09619996958983552,0.0,0.0,0.0,0.0037010694765694683,0.04370499673903939,-0.0899714205587169,0.0,0.0,0.0,0.0,0.0,0.0,0.006046696601999105,0.22379704919789062,-0.11017705564523449,0.004536207430727558,0.18903135322139966,-0.11713014420304295,0.0,0.0,0.0,0.0,0.0,0.0,0.005171282378115402,0.20934695040040432,-0.11610858254694222,0.0,0.0,0.0,0.0,0.0,0.0,0.0,0.0,0.0,0.0,0.0,0.0,0.0,0.0,0.0,0.0,0.0,0.0,0.0,0.0,-0.06656545322151376,0.0,0.0,0.0,0.0,0.0,0.0,0.0,0.0,0.0,0.00419710416766254,0.2244467094000105,-0.10712204264566673,0.005508367251632851,0.3763946896339287,-0.08193835636617437,0.0,0.0,-0.05403338419064533,0.0,0.0,-0.03917446109040705,0.0,0.0,-0.0,0.0,0.0,-0.0,0.0,0.6567618657888918,0.0,0.0,0.0,-0.0,0.0,0.3702153380814957,-0.0,0.0,3.246252523801627,0.0,0.0,5.919034530594594,0.02632973652791639
2 1 1,0.0,0.0,-0.13721109553071503,0.0,0.0,-0.07893039979351699,0.0,0.0,-0.0,0.0,0.0,-0.0,0.0,0.0,0.0,0.0,0.0,0.0,0.0,0.0,0.0,0.0,0.0,-0.04560782138331606,0.0,-0.0,-0.0,-0.0,-0.0,-0.0,0.003990646320078521,-0.8870296597145133,-0.032576868791289744,-0.004150058002939334,-3.562829297585673,0.0655395242572139,0.004778970957393781,-2.0714117983941764,0.018368058777733873,0.0016721339878723012,-2.820670099956976,0.04245726179163669,-0.011706752022644658,-4.210812572480728,0.08721548914597166,0.0023824271921494594,-0.5172648786655358,-0.05730996556766527,0.005231089543412562,-1.4085698787938783,-0.006910807965120097,0.0013358053703115115,-0.2806380007262287,-0.07885746306277001,0.0011287740452608703,-0.1382837116886254,-0.09378956429823038,0.002171464761645888,0.06034553119711354,-0.05015100915905013,0.002565838388712746,0.06552680461341429,-0.06756717147544412,-0.0,-0.0,-0.0,0.002192611061203482,0.01295864709075157,-0.09524033408568675,0.002592816735418657,0.05122471758874148,-0.08353500593267771,0.0015632985874763222,-0.04849448468492264,-0.09935948608189017,0.0016264014058541495,0.04666173145906145,-0.033209007316095836,0.0,0.0,-0.102823950178807,0.0,0.0,-0.12472724532185796,0.0,0.0,-0.0,0.0,0.0,-0.052525667032389554,0.0,0.0,-0.0,0.0,0.0,0.0,0.0,0.0,0.0,0.0007732350806196852,0.033882754924921245,-0.0008587549502324786,0.0003824798564134439,0.014939348898703419,0.005168570214176407,0.001305501627652853,0.044752385644324016,-0.022648997003532238,0.002648560842186274,0.06402825189199257,-0.06268885905276751,0.0,-0.0,-0.1262993447889689,0.0027307940705164164,0.05444559967097153,-0.07544704832638623,0.003453118055965193,0.10778968569878784,-0.09255830010250188,0.0,-0.0,-0.09146757150454554,0.004618344503710704,0.1634139769784159,-0.09850773392259946,0.00411312831221524,0.10459846744595637,-0.10745544407687534,0.0,0.0,0.0,0.004774483401440164,0.16580363304795645,-0.09941990047749065,0.0,0.0,0.0,0.0,0.0,0.0,0.0023110499840221406,-0.0226887254267042,-0.12221180056435196,0.0006875042628563627,-0.07766426981007814,-0.1344807573597093,0.0,0.0,0.0,0.0,0.0,0.0,0.0008524653030078125,-0.09065219481123554,-0.1300520950683324,0.0,0.0,-0.7649746310003608,0.0,0.0,-0.24368112694620486,0.0,0.0,-0.36815063951067856,0.0,0.0,-0.3681113165419703,0.0,0.0,-0.8976873040663441,0.0,0.0,-0.9269670781594173,-0.0,-0.0,-0.0,0.0,0.0,-0.9591795997272865,0.0,0.0,-0.9315298305875207,0.0,0.0,-0.9490501913120345,-0.0003210016679114401,-0.11466591570666407,-0.12747941375458555,-0.0013605411910310266,-0.2005239518571932,-0.10236291195465001,0.0,-0.0,-0.03490896616015752,0.0,-0.0,-0.0,0.0,-0.0,-0.0,-0.0,-0.0,-0.0,-0.0,-0.0,0.0009687153429677448,0.0,-0.0,-0.0,0.0,-0.0,-0.0,0.0,-0.0,0.0,0.0,-0.0,0.008644717632417594
2 1 2,0.0,-0.0,0.0,0.0,-0.0,0.0,0.0,-0.0,0.0,0.0,-0.0,0.0,0.0,-0.0,0.0,0.0,-0.0,0.0,0.0,-0.0,0.0,0.0,0.0,0.0,0.0,0.0,0.0,0.0,0.0,0.0,0.014115101918400557,2.2769270203940284,0.037999149481292835,0.07972776899996481,5.175033316618156,0.060737794662245354,0.03609095034223262,3.334648631117146,0.05351286786765144,0.05498718563564272,4.132963188990034,0.05813686705367325,0.10716864512109174,6.341195970722489,0.061870879175198554,0.009203461815032503,1.8730952721149114,0.029745431969065334,0.022864355521625565,2.7461788972015704,0.04654254659782258,0.0075402694041482535,1.5268508344126501,0.023240037608404915,0.007873661693730688,1.2264211599364592,0.0185933137183819,0.006157209701125868,-0.16406503027983765,0.005305182336585835,0.007702351275664104,0.02619475135505862,0.007414112843677931,0.0,0.0,0.0,0.009135461021244259,0.6263174139690054,0.012309452949245785,0.008775621007808921,0.30783051060332106,0.00976373076082767,0.008725572036418494,0.9356707115120222,0.015148860449235068,0.004491493888196829,-0.2372507911831559,0.0035645798682368466,0.0,-0.0,0.0,0.0,0.0,0.0,0.0,-0.0,0.0,0.0,-0.0,0.0,0.0,-0.0,0.0,0.0,-0.0,0.0,0.0,-0.0,0.0,0.0020702531861664405,-0.10322730399296176,0.0015305463163325897,0.000844683327534504,-0.14399845599922773,0.0007315556258260126,0.0033999032397581063,-0.23317303472400433,0.002172652825808339,0.006801986929579583,-0.6269366555451923,0.004505981072343644,0.0,0.0,0.0,0.008016958255192547,-0.7280476229181749,0.005806291551840165,0.010372458187973544,-0.17179725011867167,0.009103610461890106,0.0,0.0,0.0,0.012403914233184278,0.48626594899690345,0.012091945859162628,0.011815980324043103,0.7798402496715977,0.013421938831904593,0.0,0.0,0.0,0.012650745527372513,0.6150268048742942,0.01248074656355997,0.0,0.0,0.0,0.0,0.0,0.0,0.010196056101544112,1.2205345498982039,0.014129584989449044,0.01050492296617561,1.3210558836055175,0.017403057705784535,0.0,0.0,0.0,0.0,0.0,0.0,0.009310608969499973,1.2259782176161882,0.015386540970746647,0.0,0.0,0.0,0.0,0.0,0.0,0.0,0.0,0.0,0.0,0.0,0.0,0.0,0.0,0.0,0.0,0.0,0.0,-0.0,0.0,0.0,0.0,0.0,0.0,0.0,0.0,0.0,0.0,0.0,0.0,0.01013522971002052,1.6371476248045682,0.019950032780063215,0.00786095555120257,1.7190468346588823,0.0222915275082628,0.0,0.0,0.0,0.0,0.0,0.0,-0.0,0.0,0.0,0.0,0.0,0.0,0.0,1.9992945711356829,0.0,0.0,0.0,0.0,0.0,0.0,0.0,0.0,0.1351647804324642,0.0,0.0,4.6548176283841745,0.0
2 1 3,0.0,0.0,0.0,0.0,-0.0,0.0,0.0,-0.0,0.0,0.0,-0.0,0.0,0.0,-0.0,0.0,0.0,-0.0,0.0,0.0,-0.0,0.0,0.0,0.0,0.0,0.0,0.0,-0.0,0.0,0.0,-0.0,0.00145745464013715,2.0292960971822382,-0.0007129637775584467,0.023892688037022197,4.398876435798376,-0.0035420715597849315,0.002435472032815871,3.2895095317620213,-0.0007291571619020093,0.010218223628150455,3.917069950964086,-0.0017777145584443243,0.041295709402942894,4.692872868142571,-0.005730461420751969,0.0036904853023001965,1.553629106835092,-0.001101252223818057,0.00019243895902772325,2.626920330235728,-0.0004471173741997125,0.005275489605874877,1.2178789196410944,-0.0012468424844936832,0.005956167655323363,0.9970763223655011,-0.0010753730282920713,0.003359459371135496,0.17746193791596968,1.4192657853853883e-05,0.0044198585362248775,0.3363320111324265,-4.582071328548623e-05,0.0,0.0,-0.0,0.005844709526577745,0.6830967498819726,-0.0004156789566931327,0.00529133937397366,0.5142948257760384,-0.00018058391803683324,0.006071659917645502,0.836007877595755,-0.0007415218876102388,0.0023238618906131618,0.0649802855108736,3.1551399384099234e-05,0.0,0.0,0.0,0.0,0.0,-0.0,0.0,-0.0,0.0,0.0,-0.0,0.0,0.0,-0.0,0.0,0.0,-0.0,0.0,0.0,-0.0,0.0,0.0008987522688138247,-0.010300675930212621,3.211719237831119e-05,0.00029291421833877536,-0.08662158021990439,1.0710823829340904e-05,0.0015754661764404664,0.003113899177038709,4.2128274149891374e-05,0.0033170463516379624,0.029961140844862483,7.169221915280023e-05,0.0,0.0,-0.0,0.00418836840919875,0.045710096101531664,7.936666536765096e-05,0.0057313610970761404,0.34231319650603226,3.482724309881531e-05,0.0,0.0,-0.0,0.007450838180340722,0.7324018524312226,-1.1124366913918604e-05,0.007216409672588171,0.8697967149092554,-0.00019587745987051657,0.0,0.0,0.0,0.007663733620552948,0.8109669811415109,-3.414309079031859e-05,0.0,0.0,0.0,0.0,0.0,0.0,0.007313865395008322,1.076454306560631,-0.0003966368164654566,0.006386129851853002,0.8937149423799955,-0.0008846544639659756,0.0,0.0,0.0,0.0,0.0,0.0,0.006623344510724122,0.9896531017678427,-0.0006443608173918318,0.0,0.0,0.0,0.0,0.0,0.0,0.0,0.0,0.0,0.0,0.0,0.0,0.0,0.0,0.0,0.0,0.0,0.0,-0.0,0.0,0.0,0.0,0.0,0.0,0.0,0.0,0.0,0.0,0.0,0.0,0.00634801007035273,1.0367340679637451,-0.0013602159430529917,0.005953852413510446,1.088479630056296,-0.001968937725139466,0.0,0.0,-0.0,0.0,0.0,0.0,-0.0,0.0,0.0,-0.0,0.0,0.0,-0.0,0.5960274451021175,-0.0,0.0,0.42210006407236184,0.0,0.0,1.6757542242430377,0.0,0.0,2.5797654946680337,0.0,0.0,2.476964453231263,-0.0
2 1 4,0.0,0.0,0.0,0.0,-0.0,0.0,0.0,-0.0,0.0,0.0,-0.0,0.0,0.0,-0.0,0.0,0.0,-0.0,0.0,0.0,-0.0,0.0,0.0,0.0,-0.0,0.0,0.0,-0.0,0.0,0.0,-0.0,0.006528434815114968,1.3037005375572497,2.4789085763330776e-05,0.00786644907186131,-0.7028428895520439,-0.00021259107750878047,0.005703723657273908,0.9986271753916598,4.424208011811834e-05,0.006139008947519672,0.3126249523533159,-5.1571525491259195e-05,0.010581654844800217,-1.862296225084369,-0.0004157516794277254,0.006242382303276649,1.1252713724860635,-3.844046779084442e-05,0.006111023907388964,1.304974095464416,6.560764110340956e-05,0.005092110745055565,0.8820749403188942,-8.020137711775265e-05,0.0035375717534270293,0.639090267476788,-8.430817216136167e-05,0.0003971363107482917,0.012493470258172922,3.851882844797887e-06,0.0005714563932655272,0.055604884146304975,-2.079215929967429e-06,0.0,0.0,-0.0,0.0013129292637128716,0.25718008719177565,-3.684819213132928e-05,0.0008354639410924075,0.13439738719489883,-1.528253500080093e-05,0.0021873072847339494,0.42666007579078097,-6.353779963754089e-05,0.0002656525155492777,-0.006566428574842251,5.1707826071097e-06,0.0,0.0,-0.0,0.0,0.0,-0.0,0.0,-0.0,0.0,0.0,-0.0,0.0,0.0,-0.0,0.0,0.0,-0.0,0.0,0.0,-0.0,0.0,9.861718148838786e-05,-0.015861274748419387,3.5438197654156974e-06,3.025231256979517e-05,-0.018910410496275346,7.91262201946445e-07,0.0001765866145842191,-0.017060472266956162,5.887938018594895e-06,0.000379692472981314,-0.018544000190872195,1.2093680256619688e-05,0.0,0.0,-0.0,0.00048031245562425126,-0.015842965480894228,1.3474265814615927e-05,0.0006406513566261782,0.003986369193936489,7.491583295637854e-06,0.0,0.0,-0.0,0.0008481354110155074,0.06120838030455111,1.5332022593033124e-06,0.0009104437176833592,0.17202038116394167,-1.99069082828875e-05,0.0,0.0,0.0,0.0008802874882711705,0.0817749885155313,-1.4483788207684455e-06,0.0,0.0,0.0,0.0,0.0,0.0,0.001138328390848339,0.3295960776645661,-4.093293352617425e-05,0.001647965018559634,0.47551043175621627,-8.66324737311902e-05,0.0,0.0,0.0,0.0,0.0,0.0,0.0013339376152420217,0.41613199322440647,-6.472409350151543e-05,0.0,0.0,0.0,0.0,0.0,0.0,0.0,0.0,0.0,0.0,0.0,0.0,0.0,0.0,0.0,0.0,0.0,0.0,0.0,0.0,0.0,0.0,0.0,0.0,0.0,0.0,0.0,0.0,0.0,0.0,0.002544414937471657,0.6723599536052729,-0.0001263383626956108,0.00386790760198879,0.9310069223383927,-0.00017490526252670984,0.0,0.0,-0.0,0.0,0.0,0.0,0.0,0.0,0.0,0.0,0.0,0.0,-0.0,0.0,0.0,0.0,0.0,0.0,0.0,0.0,0.0,0.0,0.0,0.0,0.0,0.0,0.0
2 2 -4,0.0,-0.0,0.0,0.0,-0.0,0.0,0.0,-0.0,0.0,0.0,-0.0,0.0,0.0,-0.0,0.0,0.0,-0.0,0.0,0.0,-0.0,0.0,0.0,-0.0,0.0,0.0,-0.0,0.0,0.0,-0.0,0.0,0.00047972483750739764,-0.48992802005147484,0.0002689514187878698,0.0011912231446064344,-0.522418332295604,0.00039696027362082063,-0.00042914095480633903,-0.6182357129183926,0.0002857168554635255,-3.644597634302414e-05,-0.6002361797591659,0.00032219911374861357,0.002963028560739153,-0.41315346183537965,0.0004851738222351085,0.0009695169814587255,-0.38801178844976775,0.00023468387471391164,-0.00012422977665185378,-0.5748558225580009,0.00027832554898105436,0.0011348271429811453,-0.28845816659700874,0.00017779402456304344,0.0010312229994807122,-0.20301211262646718,0.00011796764417614681,0.00022937992334389084,-0.015596821049079963,9.676480628010285e-06,0.0003349566354306586,-0.02954510334399168,1.51966975793146e-05,0.0,-0.0,0.0,0.0006282061696821119,-0.0869765974717116,4.1812598850330495e-05,0.00046613801722660453,-0.052460979876069284,2.473178730661771e-05,0.0008258516702212203,-0.13615022596917503,7.15067590094546e-05,0.00014838605646605752,-0.008209749894610183,6.201596916141756e-06,0.0,-0.0,0.0,0.0,-0.0,0.0,0.0,-0.0,0.0,0.0,-0.0,0.0,0.0,-0.0,0.0,0.0,-0.0,0.0,0.0,-0.0,0.0,5.388545172929824e-05,-0.0028988735863307606,2.268194349946227e-06,1.6038437347087237e-05,-0.006458803794134009,2.9930369810091583e-07,9.23557429159564e-05,-0.002524188143735409,4.252468888155742e-06,0.00019321066140987566,-0.001260509062693453,9.315881409652304e-06,0.0,-0.0,0.0,0.00025631462218629256,-0.006883814201545739,1.1698064200856725e-05,0.0003789175978307761,-0.019647244023307572,1.3532382720416175e-05,0.0,-0.0,0.0,0.000517058272836548,-0.0407086352691151,1.7980830641540936e-05,0.0006076857085813027,-0.0743831272773949,2.7193687156918903e-05,0.0,0.0,0.0,0.0005433454034893033,-0.04832217351722926,1.96328928807839e-05,0.0,0.0,0.0,0.0,0.0,0.0,0.0007686144507937438,-0.1050419726913547,4.0930214237571066e-05,0.0008905421354302008,-0.14453360827016634,6.208463064819474e-05,0.0,0.0,0.0,0.0,0.0,0.0,0.0008202880761125512,-0.12095076301416134,4.881195149873996e-05,0.0,0.0,0.0,0.0,0.0,0.0,0.0,0.0,0.0,0.0,0.0,0.0,0.0,0.0,0.0,0.0,0.0,0.0,-0.0,-0.0,0.0,0.0,0.0,0.0,0.0,0.0,0.0,0.0,0.0,0.0,0.0010670766119002919,-0.19935133630262694,9.137713356064337e-05,0.0013306498827905808,-0.2734235769760212,0.00013798039163520897,0.0,-0.0,0.0,0.0,-0.0,0.0,-0.0,-0.0,0.0,-0.0,-0.0,0.0,-0.0,-0.0,0.0,0.0,-0.0,0.0,-0.0,-0.0,0.0,-0.0,-0.0,0.0,-0.0,-0.0,0.0
2 2 -3,0.0,-0.0,0.0,0.0,-0.0,0.0,0.0,-0.0,0.0,0.0,-0.0,0.0,0.0,-0.0,0.0,0.0,-0.0,0.0,0.0,-0.0,0.0,0.0,-0.0,0.0,0.0,-0.0,0.0,0.0,-0.0,0.0,-0.010965231780231044,-3.179255705363363,0.006988615172273712,-0.04874060258787558,-5.081125618137421,0.01092315611348216,-0.030501810597188414,-4.041296259826785,0.007798457761682105,-0.039887901423056794,-4.512895828590918,0.008926395290835781,-0.05642400129145464,-5.728928514754934,0.01320888861009285,-0.0019059068100358036,-2.7052071507366175,0.006071043938802926,-0.020792071355073515,-3.6141419781233366,0.0073790702822355446,0.005272913280497755,-2.186744537637903,0.0046254043557283535,0.00998031194120946,-1.6546599135043645,0.003091159348115059,0.005754991661692944,-0.12021673261842962,0.00020020421365398277,0.008113619109235623,-0.2414543225512221,0.00034250943950573715,-0.0,-0.2732915726180802,0.0,0.012124217397244126,-0.750564756414004,0.0010713331278964073,0.0104866509525266,-0.44502521183142957,0.000602417737217262,0.01216551659863784,-1.1610901811448584,0.001871407686215922,0.0038185738445179265,-0.056765086686180216,0.00011976452207250225,0.0,-0.0,0.0,0.0,-0.0,0.0,0.0,-0.0,0.0,0.0,-0.0,0.0,0.0,-0.0,0.0,0.0,-0.0,0.0,0.0,-0.0,0.0,0.0016118245335758944,0.013955014182458307,4.3139284176376205e-05,0.0005517119341591127,-0.04535319483969543,6.510926493799209e-06,0.0025363454982633375,0.008643468643693702,7.674553945875086e-05,0.004917188926543063,-0.01571503496167408,0.00016078516668080733,0.0,-0.0,0.0,0.006479846237519949,-0.0760334059026653,0.00020884272442739783,0.009499048008539426,-0.13430967295922489,0.000267272754020605,0.0,-0.0,0.0,0.012639900376991099,-0.29973025937897596,0.00039120845819863337,0.015228761223698343,-0.6305980589540532,0.000666715558711104,0.0,0.0,0.0,0.013308452456672778,-0.37602614218000946,0.0004394047301530845,0.0,0.0,0.0,0.0,0.0,0.0,0.01845618135436293,-0.8939000695778349,0.0010415579883743373,0.01800162323560995,-1.2915914390525776,0.0016820916327482496,0.0,0.0,0.0,0.0,0.0,0.0,0.018182212304893457,-1.0857609983019307,0.0012887772798777432,0.0,0.0,0.0,0.0,0.0,0.0,0.0,0.0,0.0,0.0,0.0,0.0,0.0,0.0,0.0,0.0,0.0,0.0,-0.0,-0.0,0.0,0.0,0.0,0.0,0.0,0.0,0.0,0.0,0.0,0.0,0.01589902309041109,-1.8309281939086508,0.0025060951198874848,0.012306376253290438,-2.497390431617997,0.003777853472965534,0.0,-0.9829669439967667,0.0,-0.0,-2.739648348877241,0.0,-0.0,-5.2822290410513935,0.0,-0.0,-8.326482894660122,0.0,-0.0,-18.735019228816064,0.0,-0.0,-3.074478229046614,0.0,-0.0,-3.4922119989397067,0.0,-0.0,-5.833840260955755,0.0,-0.055631676379598115,-5.056806993019515,0.0
2 2 -2,0.0,-0.0,0.0,0.0,-0.0,0.0,0.0,-0.0,0.0,0.0,0.0,0.0,0.0,0.0,0.0,0.0,0.0,0.0,0.0,0.0,0.0,0.0,-0.0,0.0,0.06041415865709432,-0.8994802596785979,0.0,0.03370981119513992,-2.6763545274896354,0.0,0.10038745760291584,-1.454652641868031,0.008122413811322813,0.14801623722736454,-0.5140833366883826,0.014517503992150706,0.13482787908603466,-1.3646695071002077,0.01211676198345063,0.14593151219277647,-1.0379370775949521,0.01346035046304073,0.1417976191800939,0.11324802013460719,0.015348918612423833,0.08294204834668867,-1.3513412315050743,0.005926728568383796,0.11831000814979434,-1.4859198576290558,0.01032404189692588,0.06647125646890162,-1.239657060884615,0.004239446084342277,0.05146813218475551,-1.1340767278077364,0.003222820333525365,0.009840068528906877,-0.3006612628495639,0.001132640491055767,0.013935244763932724,-0.4820611301546942,0.001538476735224377,0.023011020869854668,-3.449542394655178,0.0,0.027990261532057494,-0.8606114803397673,0.0023042087149489025,0.019840897874204195,-0.677191569326585,0.0019397607991057425,0.038542548628309685,-1.0136515025115838,0.002673718332441195,0.007007418556577173,-0.1532236461217957,0.0007748913257172846,0.0,-0.0,0.0,0.006495940943035972,-0.23473211018003518,0.0,0.0,-0.0,0.0,0.0,-0.0,0.0,0.0,0.0,0.0,0.0,0.0,0.0,0.0,0.0,0.0,0.004729012076450424,0.17397883898651165,0.00032589190310177004,0.0022968124064274126,0.019086070904831928,0.00015552562249046266,0.005999780568159544,0.08023231022577558,0.0005209412539579802,0.008820583461233916,-0.27535779831717905,0.0010095522857558677,0.05211236482008348,-1.1231663058389318,0.0,0.010553390703492947,-0.4705437112971917,0.0013019880897284775,0.014329645044750136,-0.48166208683322415,0.001984580530525308,0.06878843184399878,-2.0350262252699634,0.0,0.018085730614715006,-0.7403782577202335,0.0024902776769836947,0.024351394936259794,-1.1116910504111825,0.002673566820004652,0.0,0.0,0.0,0.019189185048155633,-0.8527669066582185,0.002582067697245207,0.0,0.0,0.0,0.0,0.0,0.0,0.03246229406676158,-1.2615369800793297,0.002867154111800617,0.04529042899023819,-1.0988362040708368,0.002967663947627638,0.0,0.0,0.0,0.0,0.0,0.0,0.036585088960247515,-1.292259050785033,0.0028570366750595806,0.0,0.0,0.0,0.0,0.0,0.0,0.0,0.0,0.0,0.0,0.0,0.0,0.0,0.0,0.0,0.0,0.0,0.0,0.0,-2.5831625468343153,0.0,0.0,0.0,0.0,0.0,0.0,0.0,0.0,0.0,0.0,0.05684030009234606,-1.2452279724029254,0.0030978076996250833,0.0720535761609435,-1.373429255347207,0.0031362897140558748,0.07675058714478307,-2.401713507641129,0.0,0.06892153784022441,-1.8282596302683725,0.0,0.0,-1.8830431506297758,0.0,0.0,-3.5758712667188264,0.0,0.0,-2.3421274646472936,0.0,0.08045676368529162,-1.7959256028248878,0.0,0.10192363179867732,-2.059010307461912,0.0,0.11695359503088629,-2.1971133799833895,0.0,0.09621976241817312,-0.8297911840832396,0.0
2 2 -1,0.0,0.0,0.0,0.0,0.0,0.0,0.0,0.0,0.0,0.0,0.0,0.0,0.0,0.0,0.0,0.0,0.0,0.0,0.0,0.0,0.0,0.0,0.0,0.0,0.0,0.0,0.0,0.0,0.0,-0.0,0.010160481933165058,1.1659975030436451,-0.006656345187313999,0.0610728153916259,1.7301952738805852,-0.015958431752475456,0.028226761304512727,1.2578714708151024,-0.011179071180062191,0.044024861959914514,1.413027933402761,-0.013748590144567667,0.07601765729911925,2.1768138800776597,-0.017200735585007745,0.0076721695365819815,1.0890770876652747,-0.0047580372282141035,0.016678107541205994,1.2052051507300823,-0.008761230432824896,0.007863539406344698,0.9731767304680964,-0.0028776062873865933,0.009276627656909743,0.8265589786213846,-0.001074428464027543,0.009022855693244436,0.29347477348196127,0.001370924257290471,0.010244231495066635,0.3388537627192954,0.0016498675129273666,0.0,0.0,-0.0,0.01099742170079062,0.5087999717389609,0.0012882872111076257,0.010890540692356147,0.4045709893905255,0.0016746116159590504,0.010511468680315118,0.6601249290199735,0.00037478838894084896,0.0075225848892499685,0.27286626110067325,0.0010058445097652518,0.0,0.0,0.0,0.0,0.0,0.0,0.0,0.0,0.0,0.0,0.0,0.0,0.0,0.11301575199887802,0.0,0.0,0.0,0.0,0.0,0.0,0.0,0.007087615157401187,0.5479330703337844,0.00047859512000223916,0.0041013397613267055,0.2974453962624734,0.0002558887727317922,0.008128132238665119,0.4803824031719349,0.0007170862330075383,0.00896679906402815,0.009859106531289854,0.0013471515610728958,0.0,0.0,0.0,0.009706434107586282,-0.07067916421462123,0.0016984331181228033,0.013258299076615616,0.41814622655594114,0.0025394543206434562,0.0,0.0,-0.0,0.015758373924829813,0.6694363234550902,0.0030595582260567657,0.015211341965096202,0.6941983467360012,0.0024588262656724943,0.0,0.0,0.0,0.016142443998771374,0.7009476574326933,0.003058541585667585,0.0,0.0,0.0,0.0,0.0,0.0,0.008866134824079702,0.27228604299605874,0.0016312573973849484,0.008963785663435215,0.4558361522760487,0.0007653500877370472,0.0,0.0,0.0,0.0,0.0,0.0,0.006253194440658645,0.26986011789545317,0.001096826985136062,0.0,0.0,0.0,0.0,0.0,0.0,0.0,0.0,0.0,0.0,0.0,0.0,0.0,0.0,0.0,0.0,0.0,0.0,0.0,0.0,-0.0,0.0,0.0,0.0,0.0,0.0,0.0,0.0,0.0,0.0,0.012606869461465013,0.9185307499895201,-0.00026530316103853086,0.018349364825584816,1.7052318543960516,-0.002045264738579434,0.0,0.0,-0.0,0.0,0.0,-0.0,0.0,0.0,-0.0,-0.0,-0.0,-0.0,0.0,0.31083994292483375,-0.0,0.0,0.0,-0.0,0.0,0.0,-0.0,0.0,0.0,-0.0,0.03664820402154154,0.0,-0.0
2 2 1,0.0,0.0,0.0,0.0,0.0,0.0,0.0,0.0,0.0,0.0,0.0,0.0,0.0,0.0,0.0,0.0,0.0,0.0,0.0,0.0,0.0,0.0,-0.0,0.0,0.0,-0.0,0.0,-0.0,-0.17105612332393985,-0.0,-0.00636022216743478,-1.9627917125077692,-0.008673717331793944,0.03878598613380753,-2.754967749173068,-0.02661057968867299,0.013800198346396342,-2.8539215053097275,-0.016610666943245672,0.02724506471396994,-2.964797743904437,-0.021791158273455548,0.045923955271963565,-2.3251823032174617,-0.030039301910943957,-0.010469945036439799,-1.51562159203052,-0.005950207496805208,0.0019002303000839405,-2.4680392143808887,-0.012114420325401195,-0.010803858601070668,-1.2222243044974663,-0.0034424158449731495,-0.008366957275183988,-1.043095868507202,-0.0011185024396633085,0.008012938954717223,0.12156342725840179,0.001459158703929947,0.007049478039812908,-0.03780839854432639,0.0018541052124524094,-0.0,-0.0,-0.0,8.140695863773576e-05,-0.601206828969399,0.0016958443635197139,0.004228371816501601,-0.29558989849728146,0.002015749065869847,-0.004407929051986521,-0.8612560650289367,0.0006707757198498931,0.007534831234955667,0.20674534314012974,0.0010303300875156198,0.0,0.0,0.0,0.0,-0.0,0.0,0.0,0.0,0.0,0.0,0.0,0.0,0.0,0.045011075232990326,0.0,0.0,0.0,0.0,0.0,0.0,0.0,0.007501282971876444,0.552153074159398,0.000467441421911249,0.004281705547407063,0.298040323620579,0.0002515622884676784,0.008760071892733036,0.4802165567521921,0.0007005817591026419,0.010185235554119227,-0.001561447065070509,0.0013190889735866232,0.0,-0.0,0.0,0.010661273681419689,-0.12079822276103788,0.0016959865375845333,0.012634382273570458,0.21216655398071876,0.0026247179232724033,-0.0,-0.06348064956887005,-0.0,0.011527922945075904,0.17163523000903394,0.0033481782242869938,0.004529019000048663,-0.3030310456392848,0.0031512733657977645,0.0,0.0,0.0,0.01065760173619562,0.11464001960226142,0.0034044808308144117,0.0,0.0,0.0,0.0,2.934725917004286,0.0,-0.009090261146628706,-1.314243092640853,0.0027631189253063417,-0.01279486056672845,-1.7509372511528356,0.0016739115578193963,0.0,-0.6598603720111522,0.0,0.0,2.4825411408781766,0.0,-0.014574673252568796,-1.6972529048340534,0.0022198081609558083,0.0,1.2421444301650357,0.0,0.0,-0.8766822173466379,0.0,0.0,-0.6002382066632512,0.0,0.0,-0.08414731508124286,0.0,0.0,2.3783229752752724,0.0,0.0,2.266835673647793,0.0,-0.0,-0.15121757728838142,-0.0,0.0,2.1384965579304716,0.0,0.0,3.2576197769695914,0.0,0.0,2.278689460832345,0.0,-0.012007880143459887,-1.6785437641924423,0.00017901082280342255,-0.011242039516224966,-1.4423511550252859,-0.0023163955068147895,-0.0,-0.5817318495550726,-0.0,-0.0,-0.8127632376320353,-0.0,-0.0,-0.782169004599874,-0.0,-0.0,-0.7024394642948705,-0.0,0.0,0.0,-0.0,-0.0,-1.285380245534771,-0.0,0.0,-2.5986782151552497,-0.0,0.0,-2.3090586859263884,-0.0,0.0,-1.9153046264615026,-0.0
2 2 2,0.0,-2.0569803576517325,0.0,0.0,-1.3389663569183772,0.0,0.0,-0.0,0.0,0.0,-0.0,0.0,0.0,0.0,0.0,0.0,-0.0,0.0,0.0,-0.0,0.0,0.0,-1.3961900559801472,0.0,0.0,-1.1788864906104422,0.0,0.0,-0.0,0.0,0.056139492230979804,-1.8295727061287745,0.004295594574159169,0.09662243493365606,-3.5291561091003847,0.005373397187639242,0.07943888169970964,-2.4889751996646843,0.006514923958666549,0.0888748667399242,-3.0291086005745256,0.006343077008437353,0.10254480630431201,-3.875669841596145,0.0039668892172020475,0.045137101254787,-1.6949934826429247,0.0029085158538928514,0.06827003464714416,-2.0698296560277933,0.005734647813052918,0.03682228141149722,-1.5869716119841448,0.002165233802171438,0.030562783158132417,-1.4883957031029902,0.0020702733771315886,0.006913338660482555,-0.6932556844378822,0.0012809443961831278,0.009498700013729149,-0.9442131246121963,0.0017104998092219558,0.0,-0.0,-0.0,0.018763922418963342,-1.3017717108522306,0.0022580331023389034,0.013435507590365239,-1.1545811479543227,0.002071432315779766,0.02472489754579771,-1.40078861217559,0.002219175171846279,0.005195202004090363,-0.4458546207115452,0.0008807548675733926,0.0,-1.7828411088275258,0.0,0.0,-1.7617033620682707,0.0,0.0,-0.0,0.0,0.0,-1.0339242401820956,0.0,0.0,-0.0,0.0,0.0,-0.0,0.0,0.0,0.0,0.0,0.004255072541590641,0.0645851649277886,0.0003626167585957231,0.0021656939712402677,-0.01602539717279886,0.0001674593942304193,0.004973705204015142,-0.13321296807558494,0.0005932568966300978,0.006370159175650007,-0.7577118917137495,0.0011721831278034632,0.008758637639021441,-1.528155848952587,0.0,0.007417035573059808,-1.0371675414332557,0.0014916704720166632,0.009761565209652098,-1.213759514278459,0.0022495636646838956,0.012025361237967514,-1.0507218881118565,0.0,0.011149798695456323,-1.54176037434442,0.002855077457925311,0.01532182614197557,-1.6884779160032182,0.0029965944294339723,0.0,0.0,0.0,0.011920621811322129,-1.599173879246683,0.002935921507823622,0.0,0.0,0.0,0.0,0.0,0.0,0.021317863373839813,-1.581104838067277,0.0030255249091957134,0.03352838039160643,-1.4607418016324625,0.0028500917527358644,0.0,0.0,0.0,0.0,0.0,0.0,0.024811849702230215,-1.6582265379681773,0.002881302333871306,0.0,0.0,0.0,0.0,0.0,0.0,0.0,0.0,0.0,0.0,0.0,0.0,0.0,0.0,0.0,0.0,0.0,0.0,0.0,-0.0,-0.0,0.0,0.0,0.0,0.0,0.0,0.0,0.0,0.0,0.0,0.043565985548109566,-1.2946536603520418,0.002469653994980496,0.05341026427905577,-1.2081152772873058,0.0017392291711712108,0.00793040964741946,-0.21766101333484283,0.0,0.0,-0.0,0.0,0.0,-0.0,0.0,0.0,-0.0,0.0,0.0,-0.0,0.0,0.0,-0.0,0.0,0.006730856212385145,-0.0,0.0,0.04097412212669617,-0.0,0.0,0.022067011206478547,-0.8313020524960475,0.0
2 2 3,0.0,-0.0,0.0,0.0,-0.0,0.0,0.0,-0.0,0.0,0.0,-0.0,0.0,0.0,-0.0,0.0,0.0,-0.0,0.0,0.0,-0.0,0.0,0.0,-0.0,0.0,0.0,-0.0,0.0,0.0,-0.0,0.0,-0.031123047101240114,-1.8167588704122535,0.00618304026751826,-0.04670760018022247,-5.116895087415588,0.011228037569431044,-0.04552808392154986,-2.8713420506203504,0.007839688813398079,-0.04770104576866124,-3.8345698951677134,0.00924502059300053,-0.043036286712922873,-6.544988619699891,0.013270379467395602,-0.019847637359083136,-1.4971137698322396,0.005089023045302733,-0.039994838557703805,-2.232110431301047,0.006972652063071478,-0.008140574198966943,-1.1924787156385341,0.0037169155237397776,0.0015508840498200558,-0.9019706624033629,0.0023970826156108614,0.004739428955982706,-0.2066143676954142,0.00011253598566103769,0.0067789726658502095,-0.28040614390810364,0.0002074297987682693,-0.0,-0.0,0.0,0.009444498777192183,-0.4878539076946431,0.0007628260258002887,0.00870944263953474,-0.36865481380505294,0.00039899476090771716,0.007458146741659064,-0.661452857847349,0.0013993462506199253,0.003086872744235694,-0.1434281064683519,6.547370798578826e-05,0.0,-0.0,0.0,0.0,-0.0,0.0,0.0,-0.0,0.0,0.0,-0.0,0.0,0.0,-0.0,0.0,0.0,-0.0,0.0,0.0,-0.0,0.0,0.0013271868883802734,-0.02877282297183439,2.7754691584268625e-05,0.00047024963971342286,-0.05705247408302804,2.3927351113317586e-06,0.001988793648330227,-0.0729513566185926,4.580278088709901e-05,0.0036884851289450517,-0.19724772996331838,8.924072262563533e-05,0.0,-0.0,0.0,0.005023521967142742,-0.27267257568335496,0.00011560220804875532,0.007922396791117243,-0.3347176503771512,0.00012677722885892268,0.0,-0.0,0.0,0.01081097001299649,-0.4256289449715161,0.00018577346018040778,0.013259627081980835,-0.48055809612756045,0.000410237985221773,0.0,0.0,0.0,0.011515873020472552,-0.4406341069149107,0.00022379610699057998,0.0,0.0,0.0,0.0,0.0,0.0,0.016071860810387615,-0.4519272380407479,0.0007156351635718863,0.015386227506049446,-0.665293426725901,0.001242012631379885,0.0,0.0,0.0,0.0,0.0,0.0,0.015671574393161865,-0.5607276760106199,0.0009082737458685501,0.0,0.0,0.0,0.0,0.0,0.0,0.0,0.0,0.0,0.0,0.0,0.0,0.0,0.0,0.0,0.0,0.0,0.0,-0.0,-0.0,0.0,0.0,0.0,0.0,0.0,0.0,0.0,0.0,0.0,0.0,0.01233292127026599,-0.8277378652018453,0.00192689616146774,0.00651526280738309,-1.0806655050687288,0.002958611624066732,-0.0,-0.0,0.0,-0.0,-0.0,0.0,-0.0,-0.0,0.0,-0.0,-0.0,0.0,-0.0,-0.0,0.0,-0.0,-0.0,0.0,-0.01571994450499997,-0.0,0.0,-0.017292495394225598,-0.29990118107488817,0.0,-0.04285826970940983,-2.661094643829976,0.0
2 2 4,0.0,-0.0,0.0,0.0,-0.0,0.0,0.0,-0.0,0.0,0.0,-0.0,0.0,0.0,-0.0,0.0,0.0,-0.0,0.0,0.0,-0.0,0.0,0.0,-0.0,0.0,0.0,-0.0,0.0,-0.0,0.0,0.0,-0.00044855812504955567,0.19271089684523315,0.00029723737485048187,0.0029742660099991475,-0.3425707242480065,0.000551167482713261,5.2890154263195524e-05,0.10169534898795721,0.0003785756777454243,0.0012184912002363765,-0.07492105672005035,0.0004496416938242771,0.005030755258742107,-0.6610908569948484,0.0006567797922058169,-0.00018900331803166964,0.16002354454339782,0.00024407549083687818,-0.00045717721536964585,0.1838587214802314,0.00033562970745864684,7.969124132460619e-05,0.11268912572931938,0.00017746753906043886,0.00024833154877500614,0.06624525462497251,0.00011376844336524552,0.00014501661226333143,-0.018773559681767932,6.444197377056118e-06,0.00020427605370152614,-0.01942920785484409,1.0827966318510203e-05,-0.0,0.0,0.0,0.00030742266898602506,0.0015289076138735498,3.620866523467929e-05,0.0002632457744693563,-0.01369593677723901,1.9491631997348755e-05,0.0003133780939049659,0.028197312027804317,6.611125754082732e-05,9.472550763640947e-05,-0.01513501510101249,4.048471220542812e-06,0.0,-0.0,0.0,0.0,-0.0,0.0,0.0,-0.0,0.0,0.0,-0.0,0.0,0.0,-0.0,0.0,0.0,-0.0,0.0,0.0,-0.0,0.0,3.521340059215701e-05,-0.007670806955054274,1.5507678472929529e-06,1.0586270310507862e-05,-0.007376372768653132,7.369075824127208e-08,5.7854075041121705e-05,-0.011355301047259755,2.9294252629419127e-06,0.00011729716490621248,-0.02031055008017431,6.3865473828043915e-06,0.0,-0.0,0.0,0.00016097088071417604,-0.025336393126564334,7.888825427499925e-06,0.0002537892094588512,-0.034589851971721194,8.008733225007777e-06,0.0,0.0,0.0,0.0003459548529476245,-0.038932621547404095,1.0202163543284966e-05,0.0003637274916878952,-0.025016647446236107,1.9413927338160965e-05,0.0,0.0,0.0,0.00036039065448141685,-0.03781817766726715,1.1710630625964988e-05,0.0,0.0,0.0,0.0,0.0,0.0,0.00041842007556622664,0.003427284672253618,3.270229375786893e-05,0.00042476734285103553,0.021354829538082685,5.638982475062186e-05,0.0,0.0,0.0,0.0,0.0,0.0,0.0004107688396246746,0.015745145532323472,4.1379241979667306e-05,0.0,0.0,0.0,0.0,0.0,0.0,0.0,0.0,0.0,0.0,0.0,0.0,0.0,0.0,0.0,0.0,0.0,0.0,-0.0,0.0,0.0,0.0,0.0,0.0,0.0,0.0,0.0,0.0,0.0,0.0,0.00044794071572470723,0.056030326829185864,8.876462453415277e-05,0.0004643422415713634,0.10800902719568915,0.0001376544308491534,0.0,0.0,0.0,-0.0,0.0,0.0,-0.0,0.0,0.0,-0.0,0.0,0.0,0.0,0.0,0.0,-0.0,0.0,0.0,-0.0,0.0,0.0,0.0,0.0,0.0,0.0,-0.0,0.0
2 3 -4,0.0,-0.0,0.0,0.0,-0.0,0.0,0.0,-0.0,0.0,0.0,-0.0,0.0,0.0,-0.0,0.0,0.0,-0.0,0.0,0.0,-0.0,0.0,0.0,-0.0,0.0,0.0,-0.0,-0.0,0.0,-0.0,-0.0,-1.307420141527664e-06,-0.031926276291441194,-4.440047007282978e-06,-7.839408607602579e-05,-0.014548785367612267,-1.011328039171456e-05,-6.243742693508154e-05,-0.03199152738668615,-7.82378117272976e-06,-7.82684482842091e-05,-0.02503708835624548,-9.249259731553457e-06,-6.69625583188456e-05,-0.0031791313652107535,-1.0397569553775139e-05,2.3921275065952874e-05,-0.02697871175843577,-3.0195983688522543e-06,-3.3852792560670536e-05,-0.03411754671221052,-6.11291456388033e-06,3.5158137007392706e-05,-0.020947557417143256,-1.9250247678244654e-06,3.467464492839569e-05,-0.015148924341288075,-1.1394873754173125e-06,8.563458224512973e-06,-0.0011201829033607412,6.754154513831089e-08,1.2442603542017498e-05,-0.0022091533460660054,3.166852990083886e-08,0.0,-0.0,-0.0,2.2764302766148237e-05,-0.006639834506047049,-2.6999335691789344e-07,1.71837558193814e-05,-0.003990434459094707,-6.982052262125966e-08,2.905054829987927e-05,-0.010322721011807314,-6.088692581376242e-07,5.582330280940582e-06,-0.0005327535679759481,6.67060077663439e-08,0.0,-0.0,0.0,0.0,-0.0,0.0,0.0,-0.0,0.0,0.0,-0.0,0.0,0.0,-0.0,0.0,0.0,-0.0,0.0,0.0,-0.0,0.0,2.1192971791228357e-06,-8.679397828942449e-05,3.931324116820479e-08,6.698902777427783e-07,-0.0001586779409065369,1.3599913152326403e-08,3.56119330861643e-06,-0.00012725742454771808,6.478138044181518e-08,7.320908992885152e-06,-0.00022639756651570155,1.2738937260706688e-07,0.0,-0.0,-0.0,9.643110551151962e-06,-0.0005452208843546219,1.4506050989031254e-07,1.4078118327557608e-05,-0.0015006353546885567,1.3242973300100579e-07,0.0,-0.0,-0.0,1.8785573708416213e-05,-0.0030317452854827843,1.0290865210419599e-07,2.2888555419860835e-05,-0.005428571971126465,-8.095930606341357e-08,0.0,0.0,0.0,1.9799948620539073e-05,-0.003559727616034373,7.492881667869982e-08,0.0,0.0,0.0,0.0,0.0,0.0,2.896043969917108e-05,-0.008054182212860597,-2.5021714065305534e-07,3.2886961358911846e-05,-0.0114080201048443,-6.01366144762594e-07,0.0,0.0,0.0,0.0,0.0,0.0,3.065197335426784e-05,-0.009678474200625571,-4.307406134041774e-07,0.0,0.0,0.0,0.0,0.0,0.0,0.0,0.0,0.0,0.0,0.0,0.0,0.0,0.0,0.0,0.0,0.0,0.0,-0.0,-0.0,-0.0,0.0,0.0,0.0,0.0,0.0,0.0,0.0,0.0,0.0,3.780619907458709e-05,-0.01535811592460266,-9.748084257801374e-07,4.501588143283369e-05,-0.020600969447720715,-1.485119674805759e-06,0.0,-0.0,-0.0,0.0,-0.0,-0.0,-0.0,-0.0,-0.0,-0.0,-0.0,-0.0,-0.0,-0.0,-0.0,-0.0,-0.0,-0.0,-0.0,-0.0,-0.0,-0.0,-0.0,-0.0,-0.0,-0.0,-0.0
2 3 -3,0.0,-0.0,0.0,0.0,-0.0,0.0,0.0,-0.0,0.0,0.0,-0.0,0.0,0.0,0.0,0.0,0.0,-0.0,0.0,0.0,-0.0,0.0,0.0,-0.0,0.0,0.0,-0.0,0.0,0.0,-0.0,0.0,0.006440214116519316,-0.49299144199276884,0.0047264936131222535,-0.023100319353020888,0.3780179500946111,0.00794891978764372,-0.0037679894600192447,-0.26587017862250983,0.005560491949931907,-0.012255667652315205,0.02114071615681257,0.00647300476234828,-0.03478074587439255,0.7221712867317054,0.009630883220574933,0.008894631241015444,-0.49795079985731017,0.004050217459518351,0.0022874126734967067,-0.43263144078514354,0.005114848227492391,0.009717182458387895,-0.4832248973626683,0.0030723728726258165,0.00926543286847512,-0.4504366223271673,0.0020521575616665377,0.002273113279127548,-0.06728953026929134,9.862212577898965e-05,0.0033861046362983673,-0.1274875960672858,0.00018728737604322077,0.0,-0.0,0.0,0.006454082500104769,-0.3031617019638976,0.0006862579272896448,0.0048194113214098,-0.20958677973064918,0.00036221681397470936,0.008042230840156407,-0.3893880843305709,0.001233768619548549,0.0014756663504576636,-0.030519926484151947,5.40005183184536e-05,0.0,-0.0,0.0,0.0,-0.0,0.0,0.0,-0.0,0.0,0.0,-0.0,0.0,0.0,-0.0,0.0,0.0,-0.0,0.0,0.0,-0.0,0.0,0.0006533346911444574,0.005581965388538746,1.4869567123570244e-05,0.0002466651637322364,-0.01032470150515458,1.2358582591454046e-06,0.0009908183176970803,0.003556341918696262,3.136914855217313e-05,0.0018507899460455293,-0.0052726406203250364,6.966337767104308e-05,0.0,-0.0,0.0,0.0024118025726194373,-0.03420310601345069,9.073083056101597e-05,0.00358089504728828,-0.10151709979195181,0.00012166431484517033,0.0,-0.0,0.0,0.004844046990506702,-0.21257073706829127,0.00018894372901700614,0.006523110659360278,-0.3329607880088342,0.00038216065924027715,0.0,0.0,0.0,0.0051910585783140955,-0.24661212305896524,0.0002218438868916832,0.0,0.0,0.0,0.0,0.0,0.0,0.008528740144784734,-0.42908677061992206,0.0006305116457778717,0.010512515059531897,-0.525007473502353,0.001135561710370711,0.0,0.0,0.0,0.0,0.0,0.0,0.009397519308659124,-0.47870208152494426,0.0008408431815181343,0.0,0.0,0.0,0.0,0.0,0.0,0.0,0.0,0.0,0.0,0.0,0.0,0.0,0.0,0.0,0.0,0.0,0.0,-0.0,-0.0,0.0,0.0,0.0,0.0,0.0,0.0,0.0,0.0,0.0,0.0,0.01201745141966126,-0.6396634873931869,0.0017591564057746682,0.013570433657495334,-0.7280840843082992,0.0026607859309654377,0.0,-0.0,0.0,0.0,-0.0,0.0,-0.0,-0.0,0.0,-0.0,-0.0,0.0,-0.0,0.0,0.0,0.0,-0.0,0.0,-0.0,-0.0,0.0,-0.0,-0.0,0.0,-0.0,-0.0,0.0
2 3 -2,0.0,-0.0,0.0,0.0,-0.0,0.0,0.0,0.0,0.0,0.0,0.0,0.0,0.0,0.0,0.0,0.0,0.0,0.0,0.0,0.0,0.0,0.0,-0.0,0.0,0.0,-0.0,0.0,0.0,-0.0,-0.0,0.04741055351944758,-0.9839196982761267,0.0017296669657519683,-0.025587937795134966,4.780264701914128,-0.002329800561305832,0.016413683706265197,0.7425648997309104,-0.0010263154461678027,-0.0038301127933211884,2.5214289691311857,-0.0020898890484171598,-0.04732301246769899,7.155343084388573,-0.0018709274347618009,0.052714076250542606,-1.14547165372798,0.00227131627696607,0.03423271532449289,-0.4087960095425001,0.000469566402173433,0.049258518988812984,-1.0669362069777066,0.002131149440594694,0.040127015987936346,-0.8832532780052194,0.0017138643819011115,0.007903534379517883,-0.05689500044966384,0.0005600663321393022,0.010518127079231897,-0.176061849201303,0.0007501282275019949,0.0,-0.0,-0.0,0.020894243689794277,-0.4928597539838277,0.001112039241375918,0.014578138936785077,-0.3244222610154463,0.0009310912227050289,0.02972669127767359,-0.6803505101099672,0.001351054368340527,0.006019562506857243,0.021249328442011876,0.00038513781260742365,0.0,-0.0,0.0,0.0,-0.0,0.0,0.0,0.0,0.0,0.0,-0.0,0.0,0.0,0.0,0.0,0.0,0.0,0.0,0.0,0.0,0.0,0.0044020827232007,0.14011095512512123,0.00016243408837956453,0.0021612626319069423,0.03260001927312505,8.503882918077326e-05,0.0056895364907747535,0.1509836538804845,0.00026872527673122077,0.008483392274704663,0.11906336044094194,0.00048510961641311435,0.0,-0.0,0.0,0.00947569015167062,0.023735506475959116,0.000637227469973732,0.011150806228626685,-0.1579036035004559,0.0009862081180443162,0.013376870946233643,-0.0,0.0,0.012282618448512304,-0.463047078910914,0.001291302958248612,0.016175769502877708,-0.5879401776379293,0.001309726311023122,0.0,0.0,0.0,0.012806296646647416,-0.5307325726366602,0.0013373112014325663,0.0,0.0,0.0,0.0,0.0,0.0,0.020931721313793585,-0.6491467445158084,0.0011492090218842997,0.03252163163261203,-0.7695196672184419,0.0013184771170951792,0.0,0.0,0.0,0.0,0.0,0.0,0.024572609425195648,-0.6933118222859803,0.0012334099182899469,0.0,0.0,0.0,0.0,0.0,0.0,0.0,0.0,0.0,0.0,0.0,0.0,0.0,0.0,0.0,0.0,0.0,0.0,0.0,-0.0,-0.0,0.0,0.0,0.0,0.0,0.0,0.0,0.0,0.0,0.0,0.045170030037062575,-1.0470094781546735,0.0015044644269992557,0.06234920936339687,-1.2089962279503235,0.0015806725342228135,0.04440999081126436,-0.0,0.0,0.03790331563231164,-0.0,0.0,0.0,-0.0,0.0,-0.0,-0.0,0.0,-0.0,0.0,-0.0,0.0,-0.0,0.0,0.0,-0.0,0.0,-0.0,-0.0,0.0,-0.0,0.0,-0.0
2 3 -1,0.09412369618652831,0.0,-0.0,0.05617043407643108,0.0,-0.0,0.0,0.0,0.0,0.0,0.0,0.0,0.0,0.0,0.0,0.0,0.0,0.0,0.0,0.0,0.0,0.08400233404835464,0.0,-0.0,0.028976567114428073,0.13142227982366,-0.0,0.0,1.8242548780240884,-0.0,0.009123860337902917,3.1837093394766,-0.08153689560009945,-0.0567019491835601,5.169245334277194,-0.14227740660761248,-0.015009481071571865,4.218264426345782,-0.1151048811042954,-0.03421090038093504,4.695514983922848,-0.13008496229004923,-0.07913818330964015,5.62177366878362,-0.1502529583336449,0.01560215314917543,2.6199636107224236,-0.06367636369913153,-0.0006557496639083061,3.719134941775609,-0.09873105422946357,0.020021719349836882,2.0526402579634255,-0.045793344574333206,0.02292658425237241,1.5263047854760257,-0.029685636865461894,0.016509403191435998,0.3198114111562666,-0.00024912694343352955,0.01979089001761909,0.3974995907002001,-0.0013797645428062133,0.0,2.6449377206477562,-0.0,0.023998121954020093,0.7662616686296656,-0.008885366102513058,0.022404667679723857,0.5407482812160718,-0.003955217707465454,0.0242609361686154,1.090923339839391,-0.017220878719540835,0.013090866821076751,0.2805069629754364,0.0001304892047093052,0.047589379744507436,0.0,-0.0,0.06356598496352234,0.0,-0.0,0.009020939198096798,0.0,0.0,0.025936557549257316,0.0,-0.0,0.0,0.0,0.0,0.0,0.0,0.0,0.0,0.0,0.0,0.010027190010087407,0.35857610551386665,0.00027742823157201084,0.005306866812590354,0.17560147217730387,0.00020958813769722266,0.012800056746395791,0.3984201218284608,0.00033435445431394034,0.017673617442152206,0.3344394630856212,0.0003172791328990324,0.05532647260721838,0.5374038369626234,-0.0,0.01987536001599,0.31164925641734154,0.0003100689656249578,0.025072722347784033,0.3489969208221481,0.00020067105033664957,0.027181315656465088,1.8840825640709007,-0.0,0.027724940285835453,0.24912680982066412,-0.00022489640098952957,0.030648285038255816,0.6882617997151026,-0.003976232251068233,0.0,0.0,0.0,0.02849114939306213,0.2813890971451788,-0.0007174596283092055,0.0,0.0,0.0,0.0,0.0,0.0,0.02753531705546437,1.0464629590389947,-0.008667127012906402,0.025694747987162328,1.0751029159785443,-0.016039642198043835,0.0,0.0,0.0,0.0,0.0,0.0,0.024894706947087994,1.218196795701786,-0.012389645900901058,0.0,0.0,0.0,0.0,0.0,0.0,0.0,0.0,0.0,0.0,0.0,0.0,0.0,0.0,0.0,0.0,0.0,0.0,0.0,4.255998421821608,-0.0,0.0,0.0,0.0,0.0,0.0,0.0,0.0,0.0,0.0,0.02682512826140178,1.2348434923450076,-0.02487422358086438,0.029235392114448727,1.8540728131858732,-0.037911538882041504,0.0,3.3149094391479226,-0.0,0.0,3.7824021701008554,-0.0,0.0,7.561521551721314,-0.0,-0.0,8.416967573331453,-0.0,-0.0,5.558408251493379,-0.0,0.0,4.316449135970676,-0.0,0.0,4.570431313142262,-0.0,-0.0,5.360361850270521,-0.002727656363649152,-0.0,6.970572751361153,-0.021525848069676033
2 3 1,0.0,0.0,-0.0,0.0,0.0,-0.0,0.0,0.0,0.0,0.0,0.0,0.0,0.0,0.0,0.0,0.0,0.0,0.0,0.0,0.0,0.0,0.0,0.0,-0.0,0.0,0.0,-0.0,-0.0,-0.0,-0.0,-0.03329352610678771,2.7728406112790367,-0.07963928915768093,-0.1394713893205136,4.680753084029875,-0.1405512138419812,-0.06917054436472078,4.189444845818218,-0.1129626247977866,-0.1005158776159608,4.521142724398782,-0.12814206512350276,-0.1802881863323183,4.776653964186471,-0.1486200920744196,-0.0232250779615351,1.9008979815497549,-0.06215771891342571,-0.047328535637306476,3.5940070658394667,-0.09658769278726483,-0.013801445689353051,1.162361937374024,-0.04462951978053064,-0.004203527766504091,0.6565391070090154,-0.028782466976107667,0.015429409777653402,0.32013449321332105,-0.00010960889139690082,0.01650955736112139,0.3209682007605098,-0.0011427646534664807,-0.0,0.0,-0.0,0.011204468464239982,0.31185913080517375,-0.008349963776637478,0.015245571889021023,0.31092576934291477,-0.0035820223052124285,0.004520088839037871,0.39418953410503127,-0.016512247980769133,0.012987673511589361,0.30536760157309645,0.00020853815997905312,0.02042137955987806,0.0,-0.0,0.0051445516305125,0.0,-0.0,0.010889047047031763,0.0,0.0,0.018106572171303063,0.0,-0.0,0.0,0.0,0.0,0.0,0.0,0.0,0.0,0.0,0.0,0.010262517238634528,0.37335100827626094,0.00029007866438836066,0.005386620609881437,0.1784626819801639,0.0002108676649978813,0.013228463297841822,0.4317933233236101,0.0003713391472754025,0.018636951649410514,0.41682268021540825,0.0004165074333816622,0.0,0.0,-0.0,0.020674118191090836,0.40042927072142953,0.0004419627504324679,0.024320397524237307,0.39819005795781853,0.0004034155891564047,0.0,0.0,-0.0,0.023732924626846227,0.18920723980559412,8.700190189115726e-05,0.02068497666745601,0.40429768578569714,-0.0034416388878570937,0.0,0.0,0.0,0.023329107425547498,0.1893877607795168,-0.000362357263809772,0.0,0.0,0.0,0.0,0.0,0.0,0.010803933511032359,0.47106264231556166,-0.00789524033820278,0.0005190055715867724,-0.0048795598454364625,-0.015083794543158006,0.0,0.0,0.0,0.0,0.0,0.0,0.0037858143582326876,0.38370181068671233,-0.011491632474985022,0.0,0.0,0.0,0.0,0.0,0.0,0.0,0.0,0.0,0.0,0.0,0.0,0.0,0.0,0.0,0.0,0.0,0.0,-0.0,0.0,-0.0,0.0,0.0,0.0,0.0,0.0,0.0,0.0,0.0,0.0,-0.0068053641596928635,-0.2414118373897194,-0.02383889117338906,-0.014706011771812877,-0.030063987183660212,-0.036815356019741424,-0.0,0.0,-0.0,-0.0,0.0,-0.0,-0.0,0.0,-0.0,-0.04735237436858936,0.03919747894422518,-0.0,-0.0868124191592951,0.009011349549824738,-0.0,-0.0,1.5040524178634083,-0.0,-0.006790328655390956,3.2052913051328433,-0.0,-0.0665262065614849,3.4270494545148376,-0.0028672274791637893,-0.1312951283759143,1.6198249461601895,-0.02050834952381744
2 3 2,0.0,-0.0,0.0,0.0,-0.0,0.0,0.0,-0.0,0.0,0.0,0.0,0.0,0.0,0.0,0.0,0.0,0.0,0.0,0.0,0.0,0.0,0.0,-0.0,0.0,0.0,-0.0,-0.0,0.0,-0.0,-0.0,0.03406785970742706,-0.5156235869733361,-0.0012049453072461467,-0.007589353258064701,-2.349222508711965,-0.007595187267601443,0.022164410795236632,-0.5674845458362805,-0.0045733447640909945,0.009077223260443686,-1.2315993243935177,-0.006325325178143622,-0.025535827041748296,-3.673341233405721,-0.008337080629532609,0.03252172189784912,-0.751935311838964,-0.0003416220542041797,0.03065464879003383,-0.3817344031672164,-0.00270513471306124,0.027384978934811226,-0.9298754700099511,3.349115580355196e-06,0.020899821033279222,-0.9847173994917627,0.00014917784634019997,0.005096719524668352,-0.1970999588116065,0.00043752947517340115,0.005835109014874336,-0.3712600046356136,0.0005213148923355237,0.0,-0.0,-0.0,0.010225378655049945,-0.7677106763227945,0.0004426898520085769,0.007296333497848869,-0.5718356184202037,0.0005285051472671437,0.01487617283383644,-0.9195081603688754,0.00029505587015389286,0.004444015401883498,-0.07116906023940991,0.00032281812822567525,0.0,-0.0,0.0,0.0,-0.0,0.0,0.0,-0.0,0.0,0.0,-0.0,0.0,0.0,0.0,0.0,0.0,0.0,0.0,0.0,0.0,0.0,0.004060986271107685,0.11206966417817774,0.00015419098477614777,0.002059688030208083,0.024406674725376113,8.200156449928633e-05,0.00495887722144014,0.09445227806413636,0.00024654878545284163,0.006749229129488514,-0.010770567979060591,0.0004266422758037367,0.0,-0.0,0.0,0.007094817724139154,-0.1391758948678413,0.0005498271005043775,0.0068517800994614565,-0.40866870042764936,0.0008052615453076334,0.0,-0.0,-0.0,0.0050658638878397924,-0.792711227722174,0.0009876588717571562,0.005649183132870757,-0.9280597520512357,0.0007811698710251538,0.0,0.0,0.0,0.004938783513030516,-0.8572279525284963,0.0009913053132540358,0.0,0.0,0.0,0.0,0.0,0.0,0.007123092616948839,-1.0098383695444888,0.000374167591695609,0.015973932833035488,-1.2228061048302268,0.00019661986457371517,0.0,0.0,0.0,0.0,0.0,0.0,0.009115003609113392,-1.1308681902965487,0.0002743138138688535,0.0,0.0,0.0,0.0,0.0,0.0,0.0,0.0,0.0,0.0,0.0,0.0,0.0,0.0,0.0,0.0,0.0,0.0,0.0,-0.0,-0.0,0.0,0.0,0.0,0.0,0.0,0.0,0.0,0.0,0.0,0.025728846480094027,-1.402883491343309,1.0897178332663856e-05,0.03713678837145103,-1.4972630918774827,-0.0004499611939467921,0.0,-0.0,-0.0,0.0,-0.0,-0.0,0.0,-0.0,-0.0,-0.0,-0.0,-0.0,-0.0,-0.0,-0.0,0.0,-0.0,0.0,0.0,-0.0,-0.0,0.0,-0.0,-0.0,-0.0,-2.3226465714187077,-0.0
2 3 3,0.0,-0.0,0.0,0.0,-0.0,0.0,0.0,-0.0,0.0,0.0,-0.0,0.0,0.0,-0.0,0.0,0.0,-0.0,0.0,0.0,-0.0,0.0,0.0,-0.0,0.0,0.0,-0.0,0.0,0.0,0.0,0.0,-0.005869654787367828,0.49041349082386815,0.0037306018213174794,-0.029386313983206493,-0.5886707754757815,0.006293668279257998,-0.01662384288289452,0.3535354400788649,0.004353309835618683,-0.02282123518206189,-0.016019558184222932,0.005085332458890676,-0.03545825357551117,-1.2719334324530664,0.007674535925465096,-0.0013380482513476828,0.35178808553162333,0.0032059188626176777,-0.011008823745587903,0.5102432329861252,0.004016880124858027,0.0022280466820006396,0.16287562830811675,0.002432363843873212,0.004466394296858503,-0.010037012508351689,0.001622732168864037,0.0017686942979426932,-0.10077011743005453,7.526305321717172e-05,0.0026581149271985263,-0.14143432025743938,0.0001442583622657142,0.0,0.0,0.0,0.00480346155902292,-0.17299560712999207,0.0005394888983611756,0.0037625826369735937,-0.1716543820366937,0.0002823607045024579,0.005233186554084436,-0.12438570977700643,0.0009737838290415857,0.0011406619922334122,-0.06351395737005622,4.123077164358369e-05,0.0,-0.0,0.0,0.0,-0.0,0.0,0.0,-0.0,0.0,0.0,-0.0,0.0,0.0,-0.0,0.0,0.0,-0.0,0.0,0.0,-0.0,0.0,0.0005427062977020077,-0.009585424186566275,1.2310195487754535e-05,0.0002151845034159267,-0.014260190303997725,1.0586157714633385e-06,0.000772110026295103,-0.026090077412187322,2.4937895845400352e-05,0.0013490413596975864,-0.0721419902176163,5.349639407607918e-05,0.0,-0.0,0.0,0.0017918291110339119,-0.10845462658427894,6.940057961496028e-05,0.0027817052836787864,-0.1817052076206142,8.991782081062467e-05,0.0,-0.0,0.0,0.0037878826264049668,-0.27029393852186295,0.0001393532391472471,0.005256845866734336,-0.2835452072028331,0.00029349807806465484,0.0,0.0,0.0,0.004112227934413339,-0.28291213409542887,0.00016529214077160885,0.0,0.0,0.0,0.0,0.0,0.0,0.006958301688240652,-0.25391563862493327,0.0004930579787498724,0.008533569872057068,-0.22141690272102404,0.0009013643083169255,0.0,0.0,0.0,0.0,0.0,0.0,0.007636733956118686,-0.2434534657379718,0.0006608077271132525,0.0,0.0,0.0,0.0,0.0,0.0,0.0,0.0,0.0,0.0,0.0,0.0,0.0,0.0,0.0,0.0,0.0,0.0,-0.0,0.0,0.0,0.0,0.0,0.0,0.0,0.0,0.0,0.0,0.0,0.0,0.009269958437285076,-0.15074734645522972,0.0014011195567474777,0.009325148840094897,-0.030810106060638096,0.0021216389351118793,0.0,0.0,0.0,-0.0,0.0,0.0,-0.0,0.0,0.0,-0.0,0.0,0.0,-0.0,0.0,0.0,-0.0,0.0,0.0,-0.0,0.0,0.0,-0.0,0.0,0.0,-0.0,-0.0,0.0
2 3 4,0.0,-0.0,-0.0,0.0,-0.0,-0.0,0.0,-0.0,0.0,0.0,-0.0,0.0,0.0,-0.0,0.0,0.0,-0.0,0.0,0.0,-0.0,0.0,0.0,-0.0,-0.0,0.0,-0.0,-0.0,-0.0,0.0,-0.0,-8.707127330193938e-05,-0.0023792113614307495,-8.536583397174712e-06,-1.6167129058566527e-05,-0.04424543539910677,-1.5888371633801086e-05,-9.229402104943739e-05,-0.016275147594453792,-1.2669249235843701e-05,-6.33070410342746e-05,-0.02865370542114091,-1.4475647458546398e-05,4.2024608650658895e-05,-0.061224850531284875,-1.679810430591027e-05,-6.267327939008187e-05,3.200877000633977e-05,-6.451820162960739e-06,-9.969089680472861e-05,-0.007600370822516017,-1.0643726473930076e-05,-3.6825197819994e-05,0.0004720465499204686,-4.512635372476742e-06,-1.6296627658805553e-05,-0.00011698682228683551,-2.884650808562315e-06,4.219051287248276e-06,-0.0009876165978609005,-3.861963074448774e-08,5.349817102030674e-06,-0.0012931978714157682,-1.6691758436382015e-07,-0.0,0.0,-0.0,3.374382819374045e-06,-0.001376707335685123,-8.995502462207861e-07,5.539397722292445e-06,-0.001473585063219509,-4.280759929399893e-07,-3.199356021411527e-06,-0.0008927497719951422,-1.6852146885094474e-06,2.9433729509698417e-06,-0.0006803334955465971,1.2045267618622218e-08,0.0,-0.0,-0.0,0.0,-0.0,-0.0,0.0,-0.0,0.0,0.0,-0.0,-0.0,0.0,-0.0,0.0,0.0,-0.0,0.0,0.0,-0.0,0.0,1.2693924083606188e-06,-0.00025446190229716145,2.8984448904206775e-08,4.307468774931543e-07,-0.00017993841428155314,1.0506033286323729e-08,1.9971371329593304e-06,-0.00043379878126458113,4.418883175045287e-08,3.862141533577481e-06,-0.0008761920150382359,7.802375674537749e-08,0.0,-0.0,-0.0,5.157397773309194e-06,-0.0011177287303385476,6.878467083525399e-08,7.632805025418987e-06,-0.0017263968977352993,-2.510516434830791e-08,-0.0,-0.0,-0.0,9.538015810798818e-06,-0.0023413445076779526,-1.6075005089825724e-07,9.177176423279062e-06,-0.0023508590156264253,-5.228181485018682e-07,0.0,0.0,0.0,9.75093619861454e-06,-0.002425115917392747,-2.220888918924551e-07,0.0,0.0,0.0,0.0,0.0,0.0,8.887291347512037e-06,-0.0019591530704807913,-9.086107783216847e-07,3.999315149252846e-06,-0.0017291588840165093,-1.5937226190815234e-06,0.0,0.0,0.0,0.0,0.0,0.0,6.405441896088319e-06,-0.001796703467994667,-1.2484033238469278e-06,0.0,0.0,0.0,0.0,0.0,0.0,0.0,0.0,0.0,0.0,0.0,0.0,0.0,0.0,0.0,0.0,0.0,0.0,-0.0,0.0,-0.0,0.0,0.0,0.0,0.0,0.0,0.0,0.0,0.0,0.0,-2.9413155581751067e-06,-0.0008822762554660901,-2.391260527961565e-06,-1.3998712780515456e-05,0.0006463890389726088,-3.5448543339346047e-06,-0.0,0.0,-0.0,-0.0,0.0,-0.0,-0.0,-0.0,-0.0,-0.0,-0.0,-0.0,-0.0,-0.0,-0.0,-0.0,-0.0,-0.0,-0.0,-0.0,-0.0,-0.0,-0.0,-0.0,-0.0,-0.0,-0.0
2 4 -3,0.0,-0.0,0.0,0.0,0.0,0.0,0.0,0.0,0.0,0.0,0.0,0.0,0.0,0.0,0.0,0.0,-0.0,0.0,0.0,-0.0,0.0,0.0,0.0,0.0,0.0,0.0,0.0,0.0,0.0,0.0,0.00030658510914514285,0.0083238739682211,3.150056088688355e-05,-0.0004882826572160732,0.04629102948504457,5.659262990546645e-05,6.0132626187395345e-05,0.022660795556826208,4.2771539953340483e-05,-0.0001790105219677525,0.03445719971242724,4.8792658889550094e-05,-0.0008169901148010697,0.05547445051647269,6.570633524305476e-05,0.00033259529756304894,0.0054889354082353625,2.4725904747345017e-05,0.00021831723507926014,0.013673913319689857,3.742771762687137e-05,0.0003061012583520653,0.003670431875477293,1.7865668749824512e-05,0.000249581841896039,0.0022003616421070317,1.197767611860993e-05,3.8153181605877735e-05,0.00028429397798350307,1.0673139170582214e-06,5.98987879233371e-05,0.0002945875050826553,1.7839517860255325e-06,0.0,0.0,0.0,0.00013337490613110224,0.0005353961068303241,4.765000544710349e-06,9.099038709029208e-05,0.0003268455919218787,2.9346285348781794e-06,0.0001874965749042073,0.0011232864992640804,7.643488129113806e-06,2.3542166166150056e-05,0.00023657932991944414,6.272682617872868e-07,0.0,0.0,0.0,0.0,0.0,0.0,0.0,0.0,0.0,0.0,0.0,0.0,0.0,0.0,0.0,0.0,-0.0,0.0,0.0,0.0,0.0,8.342334795709453e-06,0.0001112479897210136,1.8523139957768745e-07,3.072540418180693e-06,-7.59103230369726e-05,7.598528158215673e-08,1.4108526890764044e-05,0.000245490797787825,3.5244450022025436e-07,2.893707916883988e-05,0.0005801265407576994,7.345075613631918e-07,0.0,0.0,0.0,3.791822952855306e-05,0.000559220511374487,9.968036937138727e-07,6.011709892195576e-05,0.0005512121587518778,1.6240895299344468e-06,0.0,0.0,0.0,8.568352887140716e-05,0.0003135251917526727,2.4041533148340425e-06,0.000119537223794956,3.111817331375463e-05,3.6659859856022324e-06,0.0,0.0,0.0,9.300617354876935e-05,0.00020988993189745351,2.6642416040354182e-06,0.0,0.0,0.0,0.0,0.0,0.0,0.0001576449029541415,-9.026019010556092e-05,5.051754827003642e-06,0.0002134226938849543,0.00024636436889777767,7.625165289902149e-06,0.0,0.0,0.0,0.0,0.0,0.0,0.00018251664046624842,-7.390177645430254e-06,6.314855530289256e-06,0.0,0.0,0.0,0.0,0.0,0.0,0.0,0.0,0.0,0.0,0.0,0.0,0.0,0.0,0.0,0.0,0.0,0.0,0.0,0.0,0.0,0.0,0.0,0.0,0.0,0.0,0.0,0.0,0.0,0.0,0.0002760323657481805,0.0010436642439314286,1.0466392480496328e-05,0.0003550232813086904,0.002474923612444487,1.424583656164794e-05,0.0,0.0,0.0,0.0,0.0,0.0,-0.0,0.0,0.0,-0.0,0.0,0.0,-0.0,0.0,0.0,0.0,0.0,0.0,0.0,0.0,0.0,-0.0,0.0,0.0,-0.0,0.0,0.0
2 4 -2,0.0,0.0,0.0,0.0,0.0,0.0,0.0,0.0,0.0,0.0,0.0,0.0,0.0,0.0,0.0,0.0,-0.0,0.0,0.0,-0.0,0.0,0.0,0.0,0.0,0.0,0.0,0.0,0.0,0.0,0.0,0.018992733941892097,0.767110947513515,0.0004670397895023142,0.001005122657487556,2.6987723807998942,-7.171701414031115e-05,0.015020622566843033,1.6066773523179585,0.00038573957394367775,0.009107687084100704,2.163270955822757,0.00020171876668828226,-0.007898337258093083,3.1232044637187535,-0.0003884625108573093,0.017584012395827457,0.5198725106331088,0.0003921012581434703,0.018262140460161905,1.1256175271557007,0.0004721566181311882,0.014660483195776338,0.3477133612673391,0.0002891988150294219,0.011180945819339134,0.22353144297286578,0.00019997805273782402,0.001621084644869668,0.008910536632581465,5.5220717059277146e-05,0.002467021452251515,0.018704459308477115,7.345624317406489e-05,0.0,0.0,0.0,0.005515787256377847,0.07608182733572057,0.00011136197267696993,0.0037122342135628935,0.039242190376687365,9.138277010946836e-05,0.008007825088483165,0.13530943300264323,0.00014278408719992205,0.0010478968457363342,0.00489264577805452,3.837575248861992e-05,0.0,0.0,0.0,0.0,0.0,0.0,0.0,0.0,0.0,0.0,0.0,0.0,0.0,0.0,0.0,0.0,-0.0,0.0,0.0,0.0,0.0,0.00045922616069674,0.004895406254457006,1.6549158601275613e-05,0.00019211760379519833,-0.0015749421590324827,8.575768389287216e-06,0.0007124601571433963,0.0068582196318888455,2.750117267636466e-05,0.001338361295754081,0.008095721219971663,4.8990532576129095e-05,0.0,0.0,0.0,0.0016796240324532794,0.005521282142068573,6.480736543780079e-05,0.0025210137192031384,0.008066233960388589,9.652398425362614e-05,0.0,0.0,0.0,0.0034219163673930215,0.009635713478700032,0.00012400417725126278,0.004717278080757093,0.041626283902951304,0.0001241591588480757,0.0,0.0,0.0,0.0036904562843939233,0.01276372181773561,0.00012814852156070713,0.0,0.0,0.0,0.0,0.0,0.0,0.006092412582996989,0.08434717261186099,0.00010719443869271486,0.008617321572720882,0.1330464958135039,0.00013392618801594223,0.0,0.0,0.0,0.0,0.0,0.0,0.007106273993799411,0.11139124621538128,0.00012524192054745017,0.0,0.0,0.0,0.0,0.0,0.0,0.0,0.0,0.0,0.0,0.0,0.0,0.0,0.0,0.0,0.0,0.0,0.0,0.0,0.0,0.0,0.0,0.0,0.0,0.0,0.0,0.0,0.0,0.0,0.0,0.011710552223775542,0.19385440207834967,0.00015722219731261248,0.015741229888946866,0.29397989857233575,0.00015959396490971702,0.0,0.0,0.0,0.0,0.0,0.0,0.0,0.0,0.0,0.0,0.0,0.0,0.0,0.0,-0.0,0.0,0.0,0.0,0.0,0.0,0.0,0.0,0.0,0.0,-0.0,0.0,-0.0
2 4 -1,0.0,0.0,-0.0,0.0,0.0,0.0,0.0,0.0,0.0,0.0,0.0,0.0,0.0,0.0,0.0,0.0,0.0,0.0,0.0,0.0,0.0,0.0,0.0,-0.0,0.0,0.0,-0.0,0.0,0.0,-0.0,0.02997725800765941,0.19168162873731673,-0.0030902799956395634,-0.07505269769335178,0.07838808442067528,-0.0049160910113484465,0.00033475923519945845,0.6800107951952205,-0.0034664208209546463,-0.033325762733595485,0.6384434566550725,-0.004034941416792223,-0.11730550954183279,-0.9399322910245856,-0.005891794519057053,0.02955355314146798,0.05761134687579597,-0.0028116450348622765,0.021425502736617922,0.4404930550855145,-0.0032178887662807337,0.02463800791445698,0.025679292128461498,-0.0022475710720586545,0.018730380362007328,0.03643630069687269,-0.0015201496433817335,0.003932252671379226,0.006926202060235713,3.1955272570943905e-05,0.005378165996446751,0.01453202174438414,-7.936225601803169e-06,0.0,0.0,-0.0,0.00993477689845443,0.042083547745029114,-0.0003939405486706468,0.007281397259634673,0.028310200775263812,-0.00012961807254296742,0.013682373234229613,0.04639243357294057,-0.0008583352345892786,0.0027990849242882365,0.005314591694466522,3.560551145029229e-05,0.0,0.0,0.0,0.0,0.0,-0.0,0.0,0.0,0.0,0.0,0.0,0.0,0.0,0.0,0.0,0.0,0.0,0.0,0.0,0.0,0.0,0.0015746998651977996,0.01549933707610503,2.9884114166473727e-05,0.0007388652828301097,0.0029154511834445927,2.530731100556683e-05,0.0022708918148822955,0.01774397780927951,3.568633075646781e-05,0.0038138465767579323,0.0030673154719937966,3.4179760872685216e-05,0.0,0.0,-0.0,0.004537123640919653,-0.0016047483411966617,4.5166481979529036e-05,0.0061438397557894145,-0.003048809633150177,9.356151137622417e-05,0.0,0.0,-0.0,0.007541242094167444,-0.014759594689690682,0.00012038197936030974,0.009308093469611518,0.05795324102555577,-6.746393652301098e-05,0.0,0.0,0.0,0.007942524669014375,-0.008744842989493044,0.00010223838310642776,0.0,0.0,0.0,0.0,0.0,0.0,0.010503723768379773,0.13020216918841374,-0.0003295191676547206,0.013706317516776312,0.053001574532427737,-0.0007105911088448629,0.0,0.0,0.0,0.0,0.0,0.0,0.011530661323560447,0.13391548544065388,-0.0005279319322775588,0.0,0.0,0.0,0.0,0.0,0.0,0.0,0.0,0.0,0.0,0.0,0.0,0.0,0.0,0.0,0.0,0.0,0.0,0.0,0.0,-0.0,0.0,0.0,0.0,0.0,0.0,0.0,0.0,0.0,0.0,0.018697032128005782,0.0397511883773783,-0.0012512512798129984,0.025450948079451717,0.08654596469798885,-0.002106628262502052,0.0,0.0,-0.0,0.0,0.0,-0.0,0.0,0.0,-0.0,0.0,0.0,-0.0,-0.0,0.0,-0.0,0.0,0.0,-0.0,0.0,0.0,-0.0,-0.0,0.0,-0.0,-0.0,0.0,-0.0
2 4 1,0.0,0.0,0.0,0.0,0.0,0.0,0.0,0.0,0.0,0.0,0.0,0.0,0.0,0.0,0.0,0.0,0.0,0.0,0.0,0.0,0.0,0.0,0.0,-0.0,0.0,0.0,-0.0,0.0,-0.0,-0.0,0.03079546227794787,-0.2012428328033114,-0.003455210145725065,-0.018297055227054198,-4.55968835159779,-0.007875754085562058,0.0192922172819115,-1.0684629070565554,-0.004800390364182117,0.002627435825932099,-2.4171242953017504,-0.00615073583382833,-0.03959234804580117,-7.15952608585393,-0.009596669607841984,0.027309255685215507,-0.1369500792765774,-0.0029716973270042086,0.028836630154595526,-0.426572988763644,-0.0039579814650403475,0.02151138549862133,-0.10317753170468516,-0.0022995879784541468,0.015849948336898144,-0.06692970580089835,-0.0015101089441523694,0.0037489174929684994,0.01846692121550825,5.3455708899594105e-05,0.004926774976145708,0.018182747544099195,2.6202843556756705e-05,0.0,-0.0,-0.0,0.008429232604392387,-0.004381319722033572,-0.00034001770845107257,0.006387065377117996,0.012052523674410351,-8.218465757871335e-05,0.011463278344833306,-0.03183223362606355,-0.0008145065370626471,0.002747381374170283,0.016762826961351434,4.800807837450882e-05,0.0,0.0,0.0,0.0,0.0,-0.0,0.0,0.0,0.0,0.0,0.0,0.0,0.0,0.0,0.0,0.0,0.0,0.0,0.0,0.0,0.0,0.0015944394127894103,0.020001057492897604,3.1966536346460116e-05,0.0007491851450594594,0.004166524561708892,2.5663789606689656e-05,0.002297239464881915,0.027165377010438144,4.162971785315383e-05,0.0038623430295101043,0.02553864289587616,4.980934924904864e-05,0.0,0.0,-0.0,0.004548043613989873,0.025087664747739546,6.601508423889332e-05,0.005947190092277154,0.02652006614488053,0.00012679562074122247,0.0,-0.0,-0.0,0.006942014919026899,0.006365854739965762,0.00017163232298284922,0.008018508551760313,0.039942606294456694,1.1472787341493155e-05,0.0,0.0,0.0,0.007215452201363499,0.007637671755334796,0.00015959326755180493,0.0,0.0,0.0,0.0,0.0,0.0,0.008459288874523475,0.05889729205773345,-0.00022599593832010005,0.01082078702945248,-0.08922108110887224,-0.0006095739896196002,0.0,0.0,0.0,0.0,0.0,0.0,0.009024114980130348,0.024448540626325895,-0.0004177789891774464,0.0,0.0,0.0,0.0,0.0,0.0,0.0,0.0,0.0,0.0,0.0,0.0,0.0,0.0,0.0,0.0,0.0,0.0,0.0,-0.0,-0.0,0.0,0.0,0.0,0.0,0.0,0.0,0.0,0.0,0.0,0.015015482736301688,-0.15396910020918567,-0.0011830005656710044,0.020822449465075575,-0.15174123428522399,-0.002091523741940734,0.0,-0.0,-0.0,0.0,-0.0,-0.0,0.0,-0.0,-0.0,0.0,-0.0,-0.0,-0.0,-0.0,-0.0,0.0,-0.0,-0.0,0.0,-0.0,-0.0,0.0,-0.0,-0.0,-0.0,-0.0,-0.0
2 4 2,0.0,-0.0,0.0,0.0,0.0,0.0,0.0,-0.0,0.0,0.0,0.0,0.0,0.0,0.0,0.0,0.0,-0.0,0.0,0.0,-0.0,0.0,0.0,0.0,-0.0,0.0,0.0,-0.0,0.0,0.0,-0.0,0.015573196447622782,0.7248453489520744,1.5930469487466063e-05,0.009425254160840727,-0.13480653162428144,-0.001050446945136388,0.015682109358104344,0.7741262070198125,-0.0002291419335239896,0.01329471121798938,0.4585109192184962,-0.0005684760981466003,0.00486909143704224,-0.8986397759752612,-0.0015955968000885981,0.013639699633645046,0.5496115916653386,3.2101898274952566e-06,0.01637352075773918,0.8323100197626819,-4.413558277056237e-05,0.011049193649820616,0.3736080954041559,-2.5982912132081863e-05,0.008374692049871284,0.23009167450235554,-3.573955120546943e-05,0.0013336342845467323,0.006526835902591153,3.803642362311108e-05,0.0019692094156156296,0.014372080947261813,3.956550571441068e-05,0.0,0.0,-0.0,0.004226573577142522,0.06704892911417622,7.077975405018641e-06,0.0028939663536173936,0.0321106270033787,2.9516831219769203e-05,0.006049585492143816,0.12941034818699476,-2.0050866442728396e-05,0.0008898306279320545,0.003570082386594174,3.0191658208260766e-05,0.0,0.0,0.0,0.0,0.0,0.0,0.0,-0.0,0.0,0.0,0.0,0.0,0.0,0.0,0.0,0.0,-0.0,0.0,0.0,0.0,0.0,0.00042549356359394196,0.004273364641313487,1.5564024514187045e-05,0.00018224402783371347,-0.0016074028736176088,8.213917990639739e-06,0.0006402171437863906,0.005880400631231153,2.506282944006184e-05,0.0011660138880391368,0.0064451363594561755,4.278324158098343e-05,0.0,0.0,-0.0,0.001443437680002937,0.003915479320499062,5.453730487847586e-05,0.002092966411363569,0.004773713630541517,7.262293047354348e-05,0.0,0.0,-0.0,0.0027061514994134368,0.0037732079611203866,8.04255304036932e-05,0.003599503798320885,0.03280446568961856,4.364325489878722e-05,0.0,0.0,0.0,0.0029007042385945448,0.007432140254812866,7.74159530117902e-05,0.0,0.0,0.0,0.0,0.0,0.0,0.004551622583442011,0.0696656863979802,-1.5877045863354093e-05,0.006579195754023126,0.10599878547936283,-4.8275685695241114e-05,0.0,0.0,0.0,0.0,0.0,0.0,0.005307472677165554,0.08900132122233807,-2.8418347149331052e-05,0.0,0.0,0.0,0.0,0.0,0.0,0.0,0.0,0.0,0.0,0.0,0.0,0.0,0.0,0.0,0.0,0.0,0.0,0.0,0.0,-0.0,0.0,0.0,0.0,0.0,0.0,0.0,0.0,0.0,0.0,0.009079235074996625,0.16768323244036504,-8.803690580033226e-05,0.01217145102092259,0.2721289495644757,-0.0001732093085834311,0.0,0.0,-0.0,0.0,0.0,0.0,0.0,0.0,0.0,0.0,0.0,0.0,0.0,0.0,-0.0,0.0,0.0,0.0,0.0,0.0,0.0,0.0,0.0,0.0,0.0,0.0,-0.0
2 4 3,0.0,-0.0,0.0,0.0,-0.0,0.0,0.0,-0.0,0.0,0.0,-0.0,0.0,0.0,-0.0,0.0,0.0,-0.0,0.0,0.0,-0.0,0.0,0.0,0.0,0.0,0.0,0.0,0.0,0.0,0.0,-0.0,-2.1077412518927443e-05,0.0197640070984185,1.3856371723850288e-05,-0.0004976976648314879,-0.016590344570897402,3.991445338482571e-05,-0.0001990522367971866,0.015508346934023257,2.6097860249362387e-05,-0.00033221974481843466,0.0036141258248225034,3.2801993239548076e-05,-0.0006637566520249178,-0.04207189612891993,4.676809709802114e-05,3.844620199104151e-05,0.016731189688713274,8.685687198616775e-06,-9.960874246727973e-05,0.020060653861300317,1.980194585677322e-05,7.402119825711289e-05,0.012438381059420085,4.8532224598064844e-06,8.645051689797191e-05,0.008086976828585694,2.514482029041278e-06,2.40285380168777e-05,-7.642781488324078e-05,4.5720357273546895e-07,3.5976687525199196e-05,0.00016610448743388208,5.820257342191472e-07,0.0,0.0,0.0,6.809481283277987e-05,0.00218590062266443,8.955045838390146e-07,5.1245888505952285e-05,0.0008223880568131144,7.059409226014456e-07,8.202672128833012e-05,0.004562224702655836,1.3620798074792643e-06,1.5418051494299676e-05,-0.000124358198614965,3.31614317984372e-07,0.0,-0.0,0.0,0.0,0.0,0.0,0.0,-0.0,0.0,0.0,-0.0,0.0,0.0,-0.0,0.0,0.0,-0.0,0.0,0.0,-0.0,0.0,6.256089457517867e-06,-6.744935478233426e-05,1.479629086906217e-07,2.430998274134017e-06,-0.00011272683669896816,6.850631383975118e-08,9.963513657414083e-06,-9.435938504806271e-05,2.539688115165021e-07,1.9305538305588787e-05,-0.000164843434672333,4.785091571253993e-07,0.0,0.0,0.0,2.503147066243941e-05,-0.00024155310279560307,5.969698714346872e-07,3.8550538977366985e-05,-0.0003057676660320245,7.904909119404976e-07,0.0,0.0,0.0,5.288780136933714e-05,-0.00030189409605268873,9.195790744709196e-07,6.981613370275386e-05,0.0005616622272401516,8.823447378145639e-07,0.0,0.0,0.0,5.6959054758173434e-05,-0.00019204097139173564,9.350612509577068e-07,0.0,0.0,0.0,0.0,0.0,0.0,8.778928469669689e-05,0.0019080852734315319,7.298449695545345e-07,0.00011262672658183043,0.003917709080697757,9.803397128313055e-07,0.0,0.0,0.0,0.0,0.0,0.0,9.808589361288803e-05,0.00283463991845705,8.439306106317247e-07,0.0,0.0,0.0,0.0,0.0,0.0,0.0,0.0,0.0,0.0,0.0,0.0,0.0,0.0,0.0,0.0,0.0,0.0,-0.0,0.0,0.0,0.0,0.0,0.0,0.0,0.0,0.0,0.0,0.0,0.0,0.00013507543199824394,0.00684374680980737,1.1927794273183345e-06,0.00015425678083913738,0.011073940723521232,1.295466883061119e-06,0.0,0.0,0.0,0.0,0.0,0.0,-0.0,0.0,0.0,-0.0,0.0,0.0,-0.0,0.0,0.0,-0.0,0.0,0.0,-0.0,0.0,0.0,-0.0,0.0,0.0,-0.0,-0.0,0.0
3 1 -4,0.0,-0.0,0.0,0.0,-0.0,0.0,0.0,0.0,0.0,0.0,-0.0,0.0,0.0,-0.0,0.0,0.0,-0.0,0.0,0.0,-0.0,0.0,0.0,-0.0,0.0,0.0,-0.0,0.0,0.0,-0.0,0.0,0.00012781130420158512,-0.04756333583169373,3.1836802589989994e-06,0.0001517897414750249,0.19261214883984296,-1.776593504258788e-05,0.00011665250162746847,0.012200154309167375,-2.3034354510533192e-06,0.00012414605005565255,0.08910617878406527,-9.269005242682497e-06,0.0001920993087209038,0.30436164939518573,-2.6779628535960497e-05,0.00011934905589042748,-0.046007687689191876,2.37023953499403e-06,0.00012279239898386956,-0.03168853339779197,1.9755076935262665e-06,9.571912912058567e-05,-0.037081821053140916,1.201999945259975e-06,6.584375210717698e-05,-0.02723500055183696,7.032092099956801e-07,4.543873999199595e-06,-0.0015149171461092644,1.3632640878722406e-06,7.514588086138787e-06,-0.0037626773952521234,1.6474553791202542e-06,0.0,-0.0,0.0,2.2836229139895615e-05,-0.012546999334003484,1.375991328126103e-06,1.2891326847585517e-05,-0.007469526851595233,1.6763615143600685e-06,4.0111089388352456e-05,-0.019014900186561958,9.112632565402998e-07,2.779166049955634e-06,-0.0005247573945176898,9.86650874586919e-07,0.0,-0.0,0.0,0.0,-0.0,0.0,0.0,0.0,0.0,0.0,-0.0,0.0,0.0,-0.0,0.0,0.0,-0.0,0.0,0.0,-0.0,0.0,9.250862228250295e-07,-4.0043487102409436e-05,3.9283421702578596e-07,1.916292214241103e-07,-0.001141364121231893,1.192674850261126e-07,1.72848716261219e-06,0.00024443835434587505,6.956601981768066e-07,3.793619428664972e-06,0.0008106535020598138,1.488851274367209e-06,0.0,-0.0,0.0,4.891866616018614e-06,0.0004048136055417594,1.8707550043624869e-06,6.545550679569829e-06,0.0001944555707069165,2.379486293791219e-06,0.0,-0.0,0.0,9.292930592704983e-06,-0.00406584429029331,2.9271822271284035e-06,1.3645812647256063e-05,-0.012625863655634062,2.442041722247422e-06,0.0,0.0,0.0,1.0143743932819977e-05,-0.005986260508264413,2.93478589266584e-06,0.0,0.0,0.0,0.0,0.0,0.0,2.064348643107006e-05,-0.02095376491015071,2.08656149685049e-06,3.4161620461160864e-05,-0.021019767548492888,2.9889593265851276e-07,0.0,0.0,0.0,0.0,0.0,0.0,2.626069870780425e-05,-0.02087792584108697,1.208074212092656e-06,0.0,0.0,0.0,0.0,0.0,0.0,0.0,0.0,0.0,0.0,0.0,0.0,0.0,0.0,0.0,0.0,0.0,0.0,0.0,-0.0,0.0,0.0,0.0,0.0,0.0,0.0,0.0,0.0,0.0,0.0,5.285136801964984e-05,-0.025013723251002616,-1.2326744191330752e-06,8.031839909982285e-05,-0.03570234634127348,-3.0558095117185765e-06,0.0,-0.0,0.0,0.0,-0.0,0.0,0.0,-0.0,0.0,0.0,0.0,0.0,0.0,0.0,-0.0,0.0,-0.0,0.0,0.0,-0.0,0.0,0.0,-0.0,0.0,0.0,0.0,-0.0
3 1 -3,0.0,-0.0,0.0,0.0,-0.0,0.0,0.0,-0.0,0.0,0.0,-0.0,0.0,0.0,-0.0,0.0,0.0,-0.0,0.0,0.0,-0.0,0.0,0.0,-0.0,0.0,0.0,-0.0,0.0,0.0,-0.0,0.0,0.0022300231802322977,-0.837242684785764,0.0008203662682304345,0.0026457344537084604,0.08628544815366944,0.001162434609287385,0.0020336603336739882,-0.695940629445832,0.001092626791843246,0.002173503304974298,-0.3650876757149189,0.0011440167072984252,0.003297680476375852,0.5464987308526756,0.0011462735514033207,0.002102138640495208,-0.7324072311856658,0.0006219973534426834,0.002135512596670437,-0.8466538471154008,0.0009878294146093353,0.0017240615354229523,-0.5940179196382536,0.00044188562553400235,0.0012429151772013777,-0.46161255732268286,0.0003101249524009219,0.00011646058156665926,-0.10362746717721251,8.143266958097896e-05,0.00019090416325230646,-0.14257216070962064,0.00011235738515291612,0.0,-0.0,0.0,0.0005116301475496868,-0.2641345103232626,0.00017972226043558266,0.0003132564878737065,-0.19534656969251665,0.0001447352560303586,0.0008178784470629467,-0.3515539267641242,0.00022830133337619526,7.067275959445795e-05,-0.07518572694006595,5.4838278322657665e-05,0.0,-0.0,0.0,0.0,-0.0,0.0,0.0,-0.0,0.0,0.0,-0.0,0.0,0.0,-0.0,0.0,0.0,-0.0,0.0,0.0,-0.0,0.0,2.4347452022919755e-05,-0.02755620688801892,2.1739119343508342e-05,5.355057855773316e-06,-0.0369704035800753,7.537277535141083e-06,4.3562179272250854e-05,-0.04891880453971357,3.60623995561674e-05,9.222306920454185e-05,-0.11433188971943357,7.381812432094573e-05,0.0,-0.0,0.0,0.00012058080673023837,-0.14271824863889912,9.591777785208432e-05,0.00016876833551453477,-0.11821143633284409,0.00013663530758845289,0.0,-0.0,0.0,0.0002442014745363975,-0.1521866225550125,0.00017974244004241336,0.0003723658293385667,-0.2736051156174624,0.00019740107749901953,0.0,0.0,0.0,0.0002694111672234905,-0.17841728758045802,0.00018775561588347007,0.0,0.0,0.0,0.0,0.0,0.0,0.0005447354058058772,-0.3600481898731102,0.0002268269622892683,0.0008112110347533835,-0.36787290678820045,0.00022089590277577629,0.0,0.0,0.0,0.0,0.0,0.0,0.0006533993119938841,-0.3564295490688406,0.00022007722016332255,0.0,0.0,0.0,0.0,0.0,0.0,0.0,0.0,0.0,0.0,0.0,0.0,0.0,0.0,0.0,0.0,0.0,0.0,0.0,-0.0,0.0,0.0,0.0,0.0,0.0,0.0,0.0,0.0,0.0,0.0,0.0011449537527292348,-0.4357723500078662,0.00023314253802409604,0.001626707747436508,-0.6016372959231499,0.00025368167881054956,0.0,-0.0,0.0,0.0,-0.0,0.0,0.0,-0.0,0.0,0.0,-0.0,0.0,0.0,-0.0,0.0,0.0,-0.0,0.0,0.0,-0.0,0.0,0.0,-0.0,0.0,0.0,-0.0,0.0
3 1 -2,0.0,-0.0,0.0,0.0,-0.0,0.0,0.0,-0.0,0.0,0.0,-0.0,0.0,0.0,-0.0,0.0,0.0,-0.0,0.0,0.0,-0.0,0.0,0.0,-0.0,0.0,0.0,-0.0,0.0,0.0,-0.0,0.0,0.008110698070060296,-0.9771224185557288,0.013158823993667506,0.005228405069196377,-1.1569462559770785,0.024459471599721602,0.007949652112147586,-1.1466603402009563,0.020583841785554467,0.006788038228662545,-1.1498142265271043,0.02301071721623234,0.0035298286083509335,-1.2211842250012548,0.02501921276348252,0.0070296547844666485,-0.8727640036795007,0.009209239575811901,0.008442564495897984,-1.0862552481382275,0.017190035674846973,0.005520225222879932,-0.8033415277263372,0.0060207607470989235,0.004009138104465577,-0.763779073937213,0.003821929315469848,0.00044516778607976574,-0.5062133382758038,0.0004505208245787209,0.0007548127859826972,-0.5988311711806134,0.0007013419755961298,0.0,-0.0,0.0,0.001868401553973238,-0.7094628362758764,0.0016060461568853685,0.0012158421927399262,-0.6660207378136929,0.0010675559252059479,0.0027771942073296025,-0.7377442858341501,0.002446834211836404,0.0002550948054222689,-0.39567052757921933,0.0002883885145125993,0.0,-0.0,0.0,0.0,-0.0,0.0,0.0,-0.0,0.0,0.0,-0.0,0.0,0.0,-0.0,0.0,0.0,-0.0,0.0,0.0,-0.0,0.0,8.959674397168859e-05,-0.15489407912390613,0.00017204114222338368,4.301240436032289e-05,-0.12104428547749232,9.343151911494922e-05,0.00014720905517110838,-0.29497450861007785,0.00017924690501719583,0.0002875312760252557,-0.7018271548403006,0.0002932721571041526,0.0,-0.0,0.0,0.0003540870741336464,-0.8228851959743969,0.00038577462089584084,0.0005741594281554094,-0.6948291225209223,0.0006291968269363361,0.0,-0.0,0.0,0.0010698644919048853,-0.7012236784078959,0.001014003395951742,0.0017329986524738327,-0.8525604570488458,0.0014339934229453814,0.0,0.0,0.0,0.0012284236636436994,-0.7393092620322118,0.0011456037944987969,0.0,0.0,0.0,0.0,0.0,0.0,0.0023949057987948264,-0.8552714648191557,0.001918183645792796,0.002878920359187922,-0.6999924347866617,0.002333644053280195,0.0,0.0,0.0,0.0,0.0,0.0,0.0025699075713331155,-0.7443227143701364,0.002055749122310468,0.0,0.0,0.0,0.0,0.0,0.0,0.0,0.0,0.0,0.0,0.0,0.0,0.0,0.0,0.0,0.0,0.0,0.0,0.0,-0.0,0.0,0.0,0.0,0.0,0.0,0.0,0.0,0.0,0.0,0.0,0.0036905163445417346,-0.6703639513796887,0.0030884780435353767,0.005142483987950584,-0.8389102424373733,0.00423221530441203,0.0,-0.0,0.0,0.0,-0.0,0.0,0.0,-0.0,0.0,0.0,-0.0,0.0,0.0,-0.0,0.0,0.0,-0.0,0.0,0.0,-0.0,0.0,0.0,-0.0,0.0,0.0,-0.0,0.0
3 1 -1,0.0,-0.0,0.0,0.0,-0.0,0.0,0.0,-0.0,0.0,0.0,-0.0,0.0,0.0,-0.0,0.0,0.0,-0.0,0.0,0.0,-0.0,0.0,0.0,-0.0,0.0,0.0,-0.0,0.0,0.0,-0.0,0.0,0.008178095097984634,-2.5992163009646156,0.02092884365760322,-0.005188642302366139,-10.575094985611596,0.043523545978208004,0.008671055551992884,-5.412363454057897,0.03279784913724771,0.0038609557761976284,-7.713925692218625,0.03839996613606704,-0.01696020611887749,-13.615550187419801,0.047817081375513056,0.0061036054437947785,-1.8470413346805479,0.015310686177163805,0.009597529787667924,-3.742753760274302,0.02690464598589847,0.004485581277280045,-1.3677259635978662,0.010545526146906547,0.0037065677422910724,-1.0590844865980802,0.006885463620149786,0.0017197316998427787,-0.5750411699213833,0.0004592943687447368,0.0024742079727456015,-0.6350850176468871,0.0008124780900362,0.0,-0.0,0.0,0.003480484398514,-0.7343684966585771,0.0025583337889135273,0.00313383033515349,-0.6731493909096604,0.0014629011568742403,0.0035449854200078888,-0.8564465712702626,0.0042903742270515325,0.001106197349388053,-0.47100131429170977,0.0002934074109918529,0.0,-0.0,0.0,0.0,-0.0,0.0,0.0,-0.0,0.0,0.0,-0.0,0.0,0.0,-0.0,0.0,0.0,-0.0,0.0,0.0,-0.0,0.0,0.0004939974096285933,-0.18230057567487387,0.000312538538235742,0.00031425131617947196,-0.10677419421702652,0.00020970343316717189,0.0007827867888010044,-0.36600605473727105,0.00021251244402962417,0.0014653815281260266,-0.9037301086518745,0.00023045248294306195,0.0,-0.0,0.0,0.0014347326662329147,-1.06851819935822,0.00017180326020758586,0.0021631623166366958,-0.8677999034350157,0.00031381146766569994,0.0,-0.0,0.0,0.004452420698438692,-0.6289302020493038,0.0009693114863798608,0.005820120632174002,-0.5957162284934708,0.0019341721420204256,0.0,0.0,0.0,0.005033658210213849,-0.5991712364909754,0.0012259663525849597,0.0,0.0,0.0,0.0,0.0,0.0,0.006069133056247583,-0.5100790874102116,0.0027435752708601575,0.0033761995163359587,-0.80184885565865,0.004203918609557734,0.0,0.0,0.0,0.0,0.0,0.0,0.004436122352675689,-0.6033409995609129,0.0032394688236882744,0.0,0.0,0.0,0.0,0.0,0.0,0.0,0.0,0.0,0.0,0.0,0.0,0.0,0.0,0.0,0.0,0.0,0.0,0.0,-0.0,0.0,0.0,0.0,0.0,0.0,0.0,0.0,0.0,0.0,0.0,0.0019615406525449737,-1.0625190019540396,0.006256194934384402,0.0020497448574800493,-1.3936407600294491,0.009116114549045823,0.0,-0.0,0.0,0.0,-0.14790523467591218,0.0,-0.0,-6.22285590918787,0.0,-0.0,-14.975486003111564,0.0,0.0,-25.20208239269429,0.0,0.0,-1.6103285711871327,0.0,0.0,-3.896142332889014,0.0,0.0,-8.175816263102876,0.0,0.0,-12.565330544912419,0.0
3 1 1,0.0,-0.0,0.0,0.0,-0.0,0.0,0.0,-0.0,0.0,0.0,-0.0,0.0,0.0,-0.0,0.0,0.0,-0.0,0.0,0.0,-0.0,0.0,0.0,-0.0,0.0,0.0,-0.0,0.0,-0.0,-0.0,0.0,0.00945676851696199,-2.320521478201867,0.013157636624180897,0.02925743410250867,-4.691362090337706,0.014146098175368152,0.02262309350269165,-3.4112873047972614,0.01652618769468888,0.027457059116521014,-3.9815898391151587,0.015935916271217185,0.028019344247065946,-5.514844141280417,0.011762425954096878,0.004574959313557998,-1.7705008359078154,0.01013294602723881,0.016012238753497738,-2.8806032975269567,0.015539714041076777,0.0020466209296491856,-1.3077659605331708,0.007286650920016632,0.001529371535891365,-0.9677401159984972,0.005051929988288841,0.0026017124516250307,-0.5173492348767394,0.0006500074789862702,0.0031758920758211857,-0.5589387641441317,0.001035387851678793,-0.0,-0.0,0.0,0.002932014214966925,-0.6275952497177366,0.0023601470814733653,0.003337047440208423,-0.5798903889121608,0.0015883877905920544,0.002131494523599903,-0.7469305761129215,0.003460472975888317,0.0019074014933011649,-0.4310021512031819,0.00041209742248787183,0.0,-0.0,0.0,0.0,-0.0,0.0,0.0,-0.0,0.0,0.0,-0.0,0.0,0.0,-0.0,0.0,0.0,-0.0,0.0,0.0,-0.0,0.0,0.0009131094018441676,-0.1652131164156491,0.00032129755754369303,0.0004829388347729375,-0.10016182970942929,0.00021075763995011547,0.0015086091112903749,-0.33876125264077894,0.00024502573045808714,0.002985603677701161,-0.850036730470692,0.00033644786851355445,0.0,-0.0,0.0,0.0030920386503056367,-1.003436264277391,0.0003673765134726281,0.003980550958482594,-0.7568348628130533,0.0007423240810804124,0.0,-0.0,0.0,0.005720845656252254,-0.4966764050019863,0.0016995456735358029,0.005579800009486674,-0.47186370021820806,0.002354829010454988,0.0,0.0,0.0,0.006032021650896981,-0.4626421488612357,0.0019270903676499307,0.0,0.0,0.0,0.0,0.0,0.0,0.003785026979587277,-0.41982846179300015,0.0028087967079570876,0.0014235039699476198,-0.6411806475023094,0.0034383392532901717,0.0,0.0,0.0,0.0,0.0,0.0,0.0019551416660464325,-0.4960307516045813,0.003012567216835948,0.0,0.0,0.0,0.0,0.0,0.0,0.0,0.0,0.0,0.0,0.0,0.0,0.0,0.0,0.0,0.0,0.0,0.0,-0.0,-0.6981402836132615,0.0,0.0,0.0,0.0,0.0,0.0,0.0,0.0,0.0,0.0,-0.00023658406357002608,-0.8462885002110146,0.0044077574550859915,-0.0016659410343041014,-1.1928435399555706,0.006390104455493188,0.0,-0.16653534456214908,0.0,0.0,-0.6671746818908814,0.0,0.0,-0.9636503885672085,0.0,-0.0,-0.0,0.0,0.0,-0.0,0.0,0.0,-1.2152609715652871,0.0,0.0,-1.0751839407961257,0.0,0.0,-1.7846315352952695,0.0,0.0,-1.95081809946204,0.0
3 1 2,0.0,-0.0,0.0,0.0,-0.721205134504204,0.0,0.0,-0.0,0.0,0.0,-0.0,0.0,0.0,-0.0,0.0,0.0,-0.0,0.0,0.0,-0.0,0.0,0.0,-0.0,0.0,0.0,-0.0,0.0,-0.0,-0.0,0.0,0.007416386822585455,-0.27734904759693263,0.013754368475834009,0.022582583761567014,-1.226655380490323,0.028744676408185593,0.013259681567809607,-0.8043955649429703,0.021511727803461302,0.01759361983916782,-1.0165610325710401,0.02529776041499036,0.027505979501614125,-1.4519820134583297,0.031539260123031425,0.005696133000477946,-0.06617670499441856,0.010340885230482042,0.009879272283247894,-0.551352717610141,0.017592010720579126,0.004505132670912823,0.011451001369331864,0.0076190734353484574,0.0036262605323949203,-0.05316049746256728,0.005598310751137595,0.0006926607527945793,-0.6319739511650854,0.0010043416685054697,0.0010650917365018764,-0.6566401140077742,0.0015013249320215167,0.0,-0.0,0.0,0.002183000168754402,-0.4164165887285504,0.003009815561247765,0.0015644719934850347,-0.5791392705763606,0.002158518088406978,0.0028784722432283294,-0.21814076791512718,0.004118459502902467,0.00043382549873150194,-0.5260724223765251,0.0006474295449934131,0.0,-0.3566139521408928,0.0,0.0,-0.0,0.0,0.0,-0.0,0.0,0.0,-0.8602407242566832,0.0,0.0,-0.0,0.0,0.0,-0.0,0.0,0.0,-0.0,0.0,0.00017429369181354412,-0.22619997301317635,0.0002820026879385873,8.180047168757833e-05,-0.14662486467611927,0.00012958657653208905,0.0002722085116123758,-0.4256488005715806,0.0004011652907449516,0.0005241485249869011,-0.9834051874764501,0.0007992286941982385,0.0,-0.0,0.0,0.0006442284876598601,-1.1163726329230135,0.0010028435082625263,0.0010799228515300126,-0.971041682621671,0.0015672744375517548,0.0,-0.0,0.0,0.0016326277921376285,-0.8281568426357679,0.0022948086830609227,0.0021416177287869355,-0.6265661386254691,0.002928332272854535,0.0,0.0,0.0,0.0017787205205086153,-0.7916756110005168,0.002455830184113679,0.0,0.0,0.0,0.0,0.0,0.0,0.0026167548481366297,-0.18799708530453077,0.0035340554155403906,0.0035488273274529593,0.0053250762774915035,0.004571490660227973,0.0,0.0,0.0,0.0,0.0,0.0,0.0029601149750870274,-0.010067469651930094,0.003948582413252924,0.0,0.0,0.0,0.0,0.0,0.0,0.0,0.0,0.0,0.0,0.0,0.0,0.0,0.0,0.0,0.0,0.0,0.0,0.0,-0.0,0.0,0.0,0.0,0.0,0.0,0.0,0.0,0.0,0.0,0.0,0.004411405367882135,0.24167777657333228,0.005661522142052945,0.005517697914522599,0.4737609347189858,0.0070907061965011465,0.0,-0.0,0.0,0.0,-0.0,0.0,0.0,-0.0,0.0,0.0,0.0,0.0,0.0,0.0,0.0,0.0,-0.0,0.0,0.0,-0.0,0.0,0.0,-0.0,0.0,0.0,-0.0,0.0
3 1 3,0.0,-0.0,0.0,0.0,-0.0,0.0,0.0,-0.0,0.0,0.0,-0.0,0.0,0.0,-0.0,0.0,0.0,-0.0,0.0,0.0,-0.0,0.0,0.0,-0.0,0.0,0.0,-0.0,0.0,0.0,-0.0,0.0,0.0012666893621463907,-0.18800331843820495,0.0005619339419720874,0.0019838215635847784,-1.2190214613798547,0.001326570222537911,0.001072559969504127,-0.510274530641375,0.0010371399132046422,0.0013410978851474736,-0.8060810415604,0.0012154401858825484,0.00284119544647009,-1.7032983410326288,0.0013614891026883806,0.0013282563871471998,-0.10878432178204418,0.0003541166959188849,0.0011155219507247203,-0.3151038756995252,0.0008079041656478557,0.0012235624502820984,-0.07055859432117445,0.00022327936976086242,0.0010022949887887123,-0.07045776153035763,0.00016450537827438467,0.00010774930256729376,-0.1733857541738993,7.277777833467179e-05,0.00019218422406147684,-0.1853817835495898,9.872801125747433e-05,0.0,-0.0,0.0,0.0005124494998207644,-0.13986437458141274,0.00013638774233978276,0.00032483218354124914,-0.17285961411913847,0.00012150779169643575,0.0007472256063335367,-0.09940978059042312,0.00014556259969066346,5.835847945270492e-05,-0.1426017093673281,4.918374973380397e-05,0.0,-0.0,0.0,0.0,-0.0,0.0,0.0,-0.0,0.0,0.0,-0.0,0.0,0.0,-0.0,0.0,0.0,-0.0,0.0,0.0,-0.0,0.0,1.7811013855482638e-05,-0.06291213017326114,1.9442045186254547e-05,4.230162387615622e-06,-0.048747732667283494,6.8106073194472694e-06,2.7708712057608006e-05,-0.11304302819964263,3.220059178350846e-05,5.366416600008893e-05,-0.25167431040159116,6.570996403909998e-05,0.0,-0.0,0.0,8.253906510766247e-05,-0.28800519420695675,8.541903414331589e-05,0.00015953110209038156,-0.2711109844971367,0.0001242343509774792,0.0,-0.0,0.0,0.0002648012032226371,-0.2478244974046898,0.00016455342925268562,0.0004164648909448039,-0.19824476597292126,0.0001758325654922646,0.0,0.0,0.0,0.00029771311498686027,-0.23924294382665648,0.0001706820821025584,0.0,0.0,0.0,0.0,0.0,0.0,0.0006220045508720551,-0.07400022885911663,0.00018997055191171606,0.0008984532571451261,-0.0657760643589982,0.00016624274599617343,0.0,0.0,0.0,0.0,0.0,0.0,0.0007457496914007467,-0.04277156631655497,0.00017496366471077347,0.0,0.0,0.0,0.0,0.0,0.0,0.0,0.0,0.0,0.0,0.0,0.0,0.0,0.0,0.0,0.0,0.0,0.0,-0.0,-0.0,0.0,0.0,0.0,0.0,0.0,0.0,0.0,0.0,0.0,0.0,0.0011788523266210709,-0.009309235036586207,0.00014229039966741165,0.0015604808856661647,0.05095960002945403,0.00010479495697846991,0.0,-0.0,0.0,0.0,-0.0,0.0,0.0,-0.0,0.0,0.0,0.0,0.0,0.0,0.0,0.0,0.0,-0.0,0.0,0.0,-0.0,0.0,0.0,-0.0,0.0,0.0,-0.0,0.0
3 1 4,0.0,-0.0,0.0,0.0,-0.0,0.0,0.0,-0.0,0.0,0.0,-0.0,0.0,0.0,-0.0,0.0,0.0,-0.0,0.0,0.0,-0.0,0.0,0.0,-0.0,0.0,0.0,-0.0,0.0,0.0,0.0,0.0,7.316120199713072e-05,0.028409984518813554,-7.466728442998071e-07,0.00010373591553095363,-0.19672391470874614,-4.342520640568474e-06,6.904749413353013e-05,-0.032057291923217025,5.720981885018713e-07,7.899261887492373e-05,-0.10200810121242801,-1.0818503279760758e-06,0.00013771374549031203,-0.30147436628937097,-8.76466048860768e-06,6.931044603897706e-05,0.031410807135445036,-2.1295488359313618e-06,7.022588663514787e-05,0.009808011125484193,5.234136072898994e-07,5.655875008233464e-05,0.025520073605001716,-2.611706353675999e-06,3.966071233838666e-05,0.01572706177509803,-2.03151586852762e-06,3.051592832377032e-06,-0.007820410734364335,7.925793056482167e-07,4.99192825670917e-06,-0.008248626017974412,8.67193341380751e-07,0.0,0.0,-0.0,1.4453961666503857e-05,-0.001937901577723728,5.747295542774639e-08,8.382649749102453e-06,-0.006548373592892966,6.659629026363934e-07,2.4720044631712545e-05,0.005784515648938737,-9.412491811095007e-07,1.8682774520228169e-06,-0.006280943534189688,5.99622166841665e-07,0.0,-0.0,0.0,0.0,-0.0,0.0,0.0,-0.0,0.0,0.0,-0.0,0.0,0.0,-0.0,0.0,0.0,-0.0,0.0,0.0,-0.0,0.0,6.307632077772101e-07,-0.0029430458864737395,2.533785208445032e-07,1.3633325526348607e-07,-0.002042873047640877,7.47461277945642e-08,1.1472636333124733e-06,-0.004969968893736138,4.4132752178775075e-07,2.475719870463978e-06,-0.010279641650401971,9.310542567655417e-07,0.0,-0.0,0.0,3.243984895236495e-06,-0.011518295288986138,1.1667260980641877e-06,4.504659073677158e-06,-0.013462513408686923,1.438731552674839e-06,0.0,0.0,0.0,6.443969291532494e-06,-0.014415887624168792,1.6759850837902082e-06,9.077663361418393e-06,-0.010147935771618448,1.1423308758941125e-06,0.0,0.0,0.0,7.0057723333795515e-06,-0.014072437813784752,1.6445949295671127e-06,0.0,0.0,0.0,0.0,0.0,0.0,1.3455322210004167e-05,-0.0009388614116806188,5.848422969733841e-07,2.1730407716132927e-05,0.004684427370289251,-1.1495803061250431e-06,0.0,0.0,0.0,0.0,0.0,0.0,1.6858699895221606e-05,0.0034308741835601592,-2.9268878085222423e-07,0.0,0.0,0.0,0.0,0.0,0.0,0.0,0.0,0.0,0.0,0.0,0.0,0.0,0.0,0.0,0.0,0.0,0.0,0.0,0.0,0.0,0.0,0.0,0.0,0.0,0.0,0.0,0.0,0.0,0.0,3.3063806756662585e-05,0.014849687176996328,-2.8339402551454026e-06,4.958056622409916e-05,0.030044149964197978,-5.080412874647512e-06,0.0,0.0,-0.0,0.0,0.0,0.0,0.0,0.0,0.0,0.0,0.0,0.0,0.0,-0.0,-0.0,0.0,0.0,0.0,0.0,-0.0,0.0,0.0,-0.0,0.0,0.0,-0.0,0.0
3 2 -4,0.0,-0.0,0.0,0.0,-0.0,0.0,0.0,0.0,0.0,0.0,0.0,0.0,0.0,-0.0,0.0,0.0,-0.0,0.0,0.0,-0.0,0.0,0.0,-0.0,0.0,0.0,-0.0,0.0,0.0,-0.0,0.0,2.2643984445164354e-05,-0.011172986431244154,3.0719697428193214e-07,2.3300217497570397e-05,0.04828644560375416,-1.6170459497714732e-06,1.8517052860880938e-05,0.0049407982686094296,-4.263430933867171e-07,1.910234855873934e-05,0.023775545439770146,-1.0113853625807502e-06,2.9361613411770243e-05,0.07417570042841852,-2.2176299524392166e-06,2.2041013566330162e-05,-0.011425899822458303,3.897134278442861e-07,2.0626272085315448e-05,-0.006443155572518409,4.0199511302060435e-08,1.837567553200204e-05,-0.009448901782374074,3.6874392927578156e-07,1.3273625634124871e-05,-0.006897019929379392,3.2678252997451594e-07,8.778776875944155e-07,-0.00035993099712795177,1.7099732870771162e-07,1.6111557703551416e-06,-0.0008649523726457441,2.2736199824708908e-07,0.0,-0.0,0.0,5.151559719888078e-06,-0.002941016853764802,2.9402123260392857e-07,2.927550132173339e-06,-0.0017065462531555375,2.7163808998615035e-07,8.59356749143463e-06,-0.004651145578023121,3.0420390424894977e-07,4.798844636291716e-07,-0.00011840609828485172,1.1708288168626739e-07,0.0,-0.0,0.0,0.0,-0.0,0.0,0.0,0.0,0.0,0.0,-0.0,0.0,0.0,-0.0,0.0,0.0,-0.0,0.0,0.0,-0.0,0.0,1.304331644061664e-07,1.9088216341002185e-05,4.621213440405732e-08,8.595194353225467e-09,-0.00010550535404498311,1.4809250345281793e-08,2.5171784479403515e-07,4.7558516587867265e-05,7.78456953985847e-08,5.594330821864024e-07,0.0001028309559914111,1.611110700459403e-07,0.0,-0.0,0.0,7.751347468657027e-07,3.36496638732756e-05,2.0970277111053684e-07,1.1860704414037029e-06,-0.00019975825943388122,2.924140744344665e-07,0.0,-0.0,0.0,1.8849838759307073e-06,-0.0011071369177100712,3.768528532024371e-07,3.3472626739246925e-06,-0.0026028655528152816,3.944656672982803e-07,0.0,0.0,0.0,2.1526676087550396e-06,-0.0014536740011552001,3.886679756770328e-07,0.0,0.0,0.0,0.0,0.0,0.0,5.343543180996783e-06,-0.0041984836110950646,4.3017870216670303e-07,8.626652553551607e-06,-0.004882939350781153,3.139137991716031e-07,0.0,0.0,0.0,0.0,0.0,0.0,6.757180558160592e-06,-0.004510580757863988,3.746460308139384e-07,0.0,0.0,0.0,0.0,0.0,0.0,0.0,0.0,0.0,0.0,0.0,0.0,0.0,0.0,0.0,0.0,0.0,0.0,0.0,-0.0,0.0,0.0,0.0,0.0,0.0,0.0,0.0,0.0,0.0,0.0,1.2552392738114512e-05,-0.006340059361109722,2.0049346028533458e-07,1.8238444694992195e-05,-0.00905135246332985,6.78391737492639e-08,0.0,-0.0,0.0,0.0,-0.0,0.0,0.0,-0.0,0.0,0.0,0.0,-0.0,0.0,0.0,-0.0,0.0,-0.0,0.0,0.0,-0.0,0.0,0.0,0.0,0.0,0.0,0.0,-0.0
3 2 -3,0.0,-0.0,0.0,0.0,-0.0,0.0,0.0,-0.0,0.0,0.0,-0.0,0.0,0.0,-0.0,0.0,0.0,-0.0,0.0,0.0,-0.0,0.0,0.0,-0.0,0.0,0.0,-0.0,0.0,0.0,-0.0,0.0,0.0023001297457851027,-0.9103718978213016,0.0007411836886281901,-0.00524467018969918,-0.8202931402871292,0.0015250671410795024,-0.0001564529110199239,-0.9245220289619089,0.001146756384623229,-0.002418985387457039,-0.8635401819254365,0.0013456071675413263,-0.008275482308123845,-0.826031361900809,0.0016582798101613249,0.002576019925218653,-0.7948532389635276,0.0005523991656911732,0.0014127498636899197,-0.9518633296563254,0.0009432561801148255,0.002392397100955398,-0.6291355053502323,0.00039193132326587575,0.001974829903234115,-0.4560244377384183,0.00026887678722417466,0.00027761638306494614,-0.0633944425962343,3.8290931796097354e-05,0.0004578691057686181,-0.0948496606363716,5.837191031759633e-05,0.0,-0.0,0.0,0.0010780905437710801,-0.20965575143974088,0.00012541832581945708,0.0007231739906597161,-0.140945161510946,8.62741269162545e-05,0.0015073510479131252,-0.31228743046411156,0.00018283708272138726,0.00016368654597573583,-0.041979878795276745,2.4251112286210432e-05,0.0,-0.0,0.0,0.0,-0.0,0.0,0.0,-0.0,0.0,0.0,-0.0,0.0,0.0,-0.0,0.0,0.0,-0.0,0.0,0.0,-0.0,0.0,5.6258437878228674e-05,-0.011443568384484406,9.660148291147005e-06,1.6747226778924067e-05,-0.015750367802680597,3.316837729383766e-06,9.271026491375289e-05,-0.023366895143208145,1.5181636735155411e-05,0.00018605672189330485,-0.05983573354604557,2.9579507935266295e-05,0.0,-0.0,0.0,0.0002564553478812151,-0.07593002677507192,3.9932769531301755e-05,0.0004231359137152383,-0.07890501012845479,6.108935670735434e-05,0.0,-0.0,0.0,0.000628674972883435,-0.11970433899576118,8.467704682976792e-05,0.0009655220763316485,-0.1903110464932999,0.00011265290002007062,0.0,0.0,0.0,0.0006950347099351677,-0.13736088887080772,9.101972554168275e-05,0.0,0.0,0.0,0.0,0.0,0.0,0.0013547319540387196,-0.2502477788993822,0.0001483116634089011,0.0018379878687787034,-0.2933032635124632,0.00018887189595319473,0.0,0.0,0.0,0.0,0.0,0.0,0.0015693566829073002,-0.264901527877712,0.0001641435334599498,0.0,0.0,0.0,0.0,0.0,0.0,0.0,0.0,0.0,0.0,0.0,0.0,0.0,0.0,0.0,0.0,0.0,0.0,-0.0,-0.0,0.0,0.0,0.0,0.0,0.0,0.0,0.0,0.0,0.0,0.0,0.0023010220263718043,-0.39790742562380266,0.00023783466909569454,0.002901318313061724,-0.5712599202686949,0.0003051489976594494,0.0,-0.0,0.0,0.0,-0.0,0.0,-0.0,-0.0,0.0,-0.0,-0.0,0.0,-0.0,-0.0,0.0,0.0,-0.0,0.0,0.0,-0.0,0.0,-0.0,-0.0,0.0,-0.0,-0.0,0.0
3 2 -2,0.0,-0.0,0.0,0.0,-0.0,0.0,0.0,-0.0,0.0,0.0,-0.0,0.0,0.0,-0.0,0.0,0.0,-0.0,0.0,0.0,-0.0,0.0,0.0,-0.0,0.0,0.0,-0.0,0.0,0.0,-0.0,0.0,0.045836259322995655,0.7708432318326044,0.006848790173223805,0.055872137268376476,3.7169881021534823,0.014047838311835436,0.05804721767134835,2.4389673297910237,0.01067915104248734,0.05906220904526979,3.2154558747805915,0.012458795383710192,0.04960025196464059,3.9140169177387687,0.015322223939918181,0.03701507456623982,0.22331893514540513,0.005022149432623618,0.05325327663973346,1.5568146301894756,0.008784027557268786,0.027979037001378115,-0.05838370177937822,0.0034716068200465375,0.019841373752297466,-0.16091525502687887,0.002286504328163312,0.0017840543703468062,-0.24254220206276425,0.0002276610907282019,0.003056959652692136,-0.2686041852940271,0.0003592483026887525,0.0,-0.0,0.0,0.008472310698774308,-0.23508533873889897,0.0009137674551694735,0.005165932538932917,-0.26414072140640504,0.0005710466911425335,0.013297774082507954,-0.20006848368028526,0.0014575589797420111,0.0010386419165946095,-0.1940023477933715,0.00014429145911885156,0.0,-0.0,0.0,0.0,-0.0,0.0,0.0,-0.0,0.0,0.0,-0.0,0.0,0.0,-0.0,0.0,0.0,-0.0,0.0,0.0,-0.0,0.0,0.0003781845398355743,-0.056623450966380134,6.486243811948378e-05,0.00015120587595018116,-0.05239017852046162,2.801075633933113e-05,0.0005999941380538819,-0.13497814122048116,9.467356606755491e-05,0.0011588935057232081,-0.3780683855647969,0.0001738384559309539,0.0,-0.0,0.0,0.0015343466361578365,-0.4403282305447315,0.00022679151663024968,0.0026320900551790854,-0.3263504793301042,0.0003472948300674391,0.0,-0.0,0.0,0.003993504331843024,-0.3141591795060052,0.00048070156458528,0.006387315616261955,-0.3280711660046694,0.0006803511420444486,0.0,0.0,0.0,0.00445289273332196,-0.3270732372395693,0.0005251915054156869,0.0,0.0,0.0,0.0,0.0,0.0,0.009079470743806425,-0.28038574692293694,0.0009347097454890121,0.014193942086786418,-0.05002824184252801,0.0014275939934604966,0.0,0.0,0.0,0.0,0.0,0.0,0.011257661725633928,-0.15372257766054326,0.0011307178665966638,0.0,0.0,0.0,0.0,0.0,0.0,0.0,0.0,0.0,0.0,0.0,0.0,0.0,0.0,0.0,0.0,0.0,0.0,0.0,-0.0,0.0,0.0,0.0,0.0,0.0,0.0,0.0,0.0,0.0,0.0,0.020126050175335104,0.04007928027912943,0.002048373372398012,0.02794365819100392,0.03191719581798614,0.0028726364228213873,0.0,-0.0,0.0,0.0,-0.0,0.0,0.0,0.0,0.0,0.0,0.0,0.0,0.0,0.0,0.0,0.0,-0.0,0.0,0.0,0.0,0.0,0.0,0.0,0.0,0.0,0.0,0.0
3 2 -1,0.0,-0.0,0.0,0.0,-0.0,0.0,0.0,-0.0,0.0,0.0,-0.0,0.0,0.0,-0.0,0.0,0.0,-0.0,0.0,0.0,-0.0,0.0,0.0,-0.0,0.0,0.0,-0.0,0.0,0.0,-2.239255233319654,0.0,0.03465046836234942,-2.747765712917122,0.003281715559620032,0.058099178906424055,-1.3866465362215867,0.007836091605170068,0.04829263026851548,-2.6551695204432813,0.005551172082075451,0.05396325616586537,-2.188319993807133,0.006714006929261988,0.05993030879472334,-0.3687886652169858,0.008844708203590622,0.027310567936358807,-2.4358519329144057,0.0023024252122537917,0.04176273222371148,-2.8237928617467665,0.00439169492751583,0.02038791073602879,-1.926975658362204,0.0015333539523163697,0.01461027991965654,-1.350509085811886,0.000988983670193784,0.002719091000735325,-0.30782870808573704,0.00014289882498142532,0.0038591520372585576,-0.3363009596655486,0.00019340131545815138,0.0,-2.2888565235611797,0.0,0.007370485864729,-0.5486742639146274,0.0004036739983682178,0.005330030787781154,-0.39406362950995644,0.0002706159834781901,0.010332934293955225,-0.8633469382929714,0.0006291112583627924,0.0018277091237478922,-0.26405659918421354,0.0001041503890908985,0.0,-0.0,0.0,0.0,-0.0,0.0,0.0,-0.0,0.0,0.0,-0.0,0.0,0.0,-0.0,0.0,0.0,-0.0,0.0,0.0,-0.0,0.0,0.0007745030285728406,-0.08376373768796119,6.164283394384484e-05,0.00035418722979820396,-0.065473370576929,2.9695463126985996e-05,0.001262423453027443,-0.20554113953711106,8.299597182431234e-05,0.0024483508057101437,-0.6157037439641854,0.00014519570741516275,0.0,-0.13226555180863508,0.0,0.0029960669695578922,-0.6665276042641891,0.00017158000549197193,0.004484022505406851,-0.30538460128182765,0.0002201684520373196,0.0,-1.8083153558666354,0.0,0.005931114502541074,-0.14617298575621826,0.0002652812624032442,0.007042571564814527,-0.23655975301372476,0.0002876635832536091,0.0,0.0,0.0,0.006252657664993456,-0.15252113098290393,0.0002793641959666795,0.0,0.0,0.0,0.0,0.0,0.0,0.007669234250219353,-0.4005298841540213,0.00032870792239420466,0.009909815058667575,-0.7020368253488917,0.0005637556794718379,0.0,0.0,0.0,0.0,0.0,0.0,0.008289049274701291,-0.4635790248493897,0.0003957332531731182,0.0,0.0,0.0,0.0,0.0,0.0,0.0,0.0,0.0,0.0,0.0,0.0,0.0,0.0,0.0,0.0,0.0,0.0,0.0,-1.3451866498208718,0.0,0.0,0.0,0.0,0.0,0.0,0.0,0.0,0.0,0.0,0.013908684723370719,-1.0985504669072055,0.0009058876473987605,0.019512628972882952,-1.7895562613514873,0.0013337125296324294,0.0,-3.0861030175224036,0.0,0.0,-3.847334313003606,0.0,0.0,-0.0,0.0,0.0,0.0,0.0,0.0,-0.0,0.0,0.0,-3.0339657473907784,0.0,0.0,-1.6613479096002406,0.0,0.0,-0.5374784854222852,0.0,0.0,-0.0,0.0
3 2 1,0.0,-0.0,0.0,0.0,-0.0,0.0,0.0,-0.0,0.0,0.0,-0.0,0.0,0.0,-0.0,0.0,0.0,-0.0,0.0,0.0,-0.0,0.0,0.0,-0.0,0.0,0.0,-0.0,0.0,0.0,-0.0,0.0,0.05212288158895985,-0.2620650771543595,0.002058229613506157,0.10567995343455351,2.263994197690278,0.0027683893206413624,0.07923966406170448,0.6209349528241248,0.0026115521162705263,0.09324283486072031,1.3622691357690402,0.0026896538819521755,0.11486945772748544,3.220521261375727,0.002910411208172261,0.039906993524095456,-0.4266084521517547,0.0016180697985994372,0.0652821861693057,0.07726251271234116,0.002416798357400111,0.02886090945654814,-0.47846996784195617,0.0012170453171180707,0.01964252547340662,-0.47467885929829884,0.0009059966074818973,0.002669443165807804,-0.38087537850417474,0.0001901952345258741,0.003868415515168696,-0.39963831457262733,0.00026709289015830283,0.0,-0.0,0.0,0.008353238786160873,-0.41907712614514453,0.0004979764483835005,0.0055937419327178285,-0.4043881689449557,0.0003663788465698623,0.012836338040181318,-0.44766813400905,0.00067330189512971,0.0017780947419221258,-0.3266923479631531,0.000130907815210515,0.0,-0.0,0.0,0.0,-0.0,0.0,0.0,-0.0,0.0,0.0,-0.0,0.0,0.0,-0.0,0.0,0.0,-0.0,0.0,0.0,-0.0,0.0,0.0007674845943883127,-0.11225661617149667,6.717078381015486e-05,0.0003592359928205242,-0.07535736693809876,3.157322037570024e-05,0.0012129377302710388,-0.2605315303587088,9.404198991060984e-05,0.0022985276118229875,-0.7375331553438373,0.00017130861734070374,0.0,-0.0,0.0,0.0028473108874807604,-0.797526409040343,0.00021092384292700328,0.004453893097474776,-0.44246235115377075,0.0002966410844669996,0.0,-0.0,0.0,0.00591708600400927,-0.2538230236776077,0.00040374067138557364,0.006905816006618509,-0.28245473602091153,0.0004640773949373103,0.0,0.0,0.0,0.006247247669895415,-0.24279313100398636,0.0004215509396449424,0.0,0.0,0.0,0.0,0.0,0.0,0.0075760532927435205,-0.34029047938155005,0.0005424377636153948,0.01138526400347883,-0.5156326038692989,0.0007134465803003581,0.0,0.0,0.0,0.0,0.0,0.0,0.008744842696826632,-0.35831854365035865,0.0005959339756133591,0.0,0.0,0.0,0.0,0.0,0.0,0.0,0.0,0.0,0.0,0.0,0.0,0.0,0.0,0.0,0.0,0.0,0.0,0.0,-0.0,0.0,0.0,0.0,0.0,0.0,0.0,0.0,0.0,0.0,0.0,0.017594823399814122,-0.5799570550390141,0.0009379841190853352,0.026013789398364594,-0.7413719121066883,0.0012345386082424949,0.0,-0.0,0.0,0.0,-0.0,0.0,0.0,-0.0,0.0,0.0,0.0,0.0,0.0,1.0227750486737757,0.0,0.020961330778494904,-0.0,0.0,0.048415005855103256,0.0,0.0,0.07216576735163006,0.0,0.0,0.06599806580393569,0.0,0.0
3 2 2,0.0,-0.0,0.0,0.0,-0.0,0.0,0.0,-0.0,0.0,0.0,-0.0,0.0,0.0,-0.0,0.0,0.0,-0.0,0.0,0.0,-0.0,0.0,0.0,-0.0,0.0,0.0,-0.0,0.0,0.0,-0.0,0.0,0.03905923599505509,1.2496160129112455,0.005798198002523553,0.04750208284845703,0.12662486811304577,0.011936941176227511,0.046540095771652856,1.3434126555275534,0.009034471303078807,0.04775004479400168,0.9129790448108842,0.01055910985620053,0.046278945676658405,-0.8552108274600322,0.013054338647525015,0.03317353205614726,0.9770432270221348,0.004290803301744378,0.04362500263386489,1.4176968577084115,0.007425200573360108,0.026535090836900737,0.6853162045143454,0.0030399488571598893,0.019882993100380362,0.3990671761527525,0.0020927481356657614,0.0016741398130942007,-0.34106585699011993,0.00026485452856286554,0.003077599998439899,-0.34231136788349714,0.00040992144529330195,0.0,0.0,0.0,0.009009772346938434,-0.10233640284437831,0.0009462375639335183,0.005428213150892099,-0.2644150997090761,0.0006259208611654506,0.013893986357884112,0.1284298505160949,0.0014157589998485506,0.0008954462552910354,-0.28412219478372136,0.00016804582341414253,0.0,-0.0,0.0,0.0,-0.0,0.0,0.0,-0.0,0.0,0.0,-0.0,0.0,0.0,-0.0,0.0,0.0,-0.0,0.0,0.0,-0.0,0.0,0.0003120259538312759,-0.10069040357085823,7.133883783257993e-05,0.00013666025333145657,-0.06747018441671483,3.0222141904925568e-05,0.0004307588632145368,-0.21745012135590244,0.00010794214478447757,0.0007365358123636016,-0.5581636695712242,0.00020442892949767183,0.0,-0.0,0.0,0.0011187269214290078,-0.632693300841349,0.0002653667927519768,0.002477818470068584,-0.5288152772444195,0.00041318608317163875,0.0,-0.0,0.0,0.004105583227715634,-0.45416060397335994,0.0005815429134193849,0.0067644669252584,-0.2952975021699388,0.000788257444496226,0.0,0.0,0.0,0.004658511201763856,-0.4278585159681866,0.0006262082931175642,0.0,0.0,0.0,0.0,0.0,0.0,0.00995097845380044,-0.020723232300491095,0.0010315762341300974,0.01584157877101779,0.2550095953308589,0.0014845429847360986,0.0,0.0,0.0,0.0,0.0,0.0,0.012520350958098501,0.13936286824110644,0.0012134561240322059,0.0,0.0,0.0,0.0,0.0,0.0,0.0,0.0,0.0,0.0,0.0,0.0,0.0,0.0,0.0,0.0,0.0,0.0,0.0,0.0,0.0,0.0,0.0,0.0,0.0,0.0,0.0,0.0,0.0,0.0,0.022318766894928715,0.5673640379178244,0.002007368409384533,0.030600631848193668,0.9302083775657168,0.002688233263087537,0.0,-0.0,0.0,0.0,0.0,0.0,0.0,0.0,0.0,0.0,0.0,0.0,0.0,0.0,0.0,0.0,0.0,0.0,0.0,0.0,0.0,0.0,0.0,0.0,0.0,0.0,0.0
3 2 3,0.0,-0.0,0.0,0.0,-0.0,0.0,0.0,-0.0,0.0,0.0,-0.0,0.0,0.0,-0.0,0.0,0.0,-0.0,0.0,0.0,-0.0,0.0,0.0,-0.0,0.0,0.0,-0.0,0.0,-0.0,-0.0,0.0,-0.00020668186410829401,-0.46236614414951976,0.0006068518385868823,-0.0070233737118930014,-2.276079513270033,0.0015191577777647015,-0.003188842025864064,-1.0073842427873096,0.001085964469256295,-0.005080226457309181,-1.5463043000182735,0.0013217893406115226,-0.00877059610463441,-3.0934459897892115,0.0016525475545750633,0.0007597704790779768,-0.3345286141578235,0.0004148127355446761,-0.0015367606585704404,-0.6646880788382474,0.0008391727048990299,0.0013397741376488953,-0.24224782434542233,0.00027733420320772274,0.001549488172668445,-0.17783633674752541,0.0001891766587956106,0.000250981520576548,-0.09990342713042771,3.163851727507318e-05,0.0004640481225574395,-0.11673203952352963,4.809120596962877e-05,-0.0,-0.0,0.0,0.0011391189956788202,-0.12977097432875706,9.7411723278243e-05,0.000774426182280818,-0.12508981467413294,6.977280085588678e-05,0.001445737227079127,-0.14270427992502288,0.00013424746388254497,0.0001265771448889173,-0.07705121933216652,1.994481566422699e-05,0.0,-0.0,0.0,0.0,-0.0,0.0,0.0,-0.0,0.0,0.0,-0.0,0.0,0.0,-0.0,0.0,0.0,-0.0,0.0,0.0,-0.0,0.0,3.6923633194825306e-05,-0.029390974776940467,8.092272713929697e-06,1.2554565591610629e-05,-0.021490462070090893,2.8472269949597852e-06,4.669618794181805e-05,-0.056341567722671126,1.2320052340521734e-05,7.436310969506963e-05,-0.13098560183538036,2.333460762041589e-05,0.0,-0.0,0.0,0.0001462032651859326,-0.15153182791089279,3.212219537424829e-05,0.0003855977523115528,-0.15940428272711327,5.118400725436077e-05,0.0,-0.0,0.0,0.0006754402224902193,-0.1722837368505343,7.176225351841433e-05,0.0010951109522304829,-0.15479919279602022,9.483762665075761e-05,0.0,0.0,0.0,0.0007664945849838223,-0.17220318658234415,7.719427870241361e-05,0.0,0.0,0.0,0.0,0.0,0.0,0.001608894412845281,-0.10232248102229839,0.0001221348070426179,0.0021674317434052116,-0.11080934210298876,0.00014998398980208095,0.0,0.0,0.0,0.0,0.0,0.0,0.0018843306151728415,-0.09235320717029656,0.00013217013328728903,0.0,0.0,0.0,0.0,0.0,0.0,0.0,0.0,0.0,0.0,0.0,0.0,0.0,0.0,0.0,0.0,0.0,0.0,-0.0,-0.0,0.0,0.0,0.0,0.0,0.0,0.0,0.0,0.0,0.0,0.0,0.0025711472084367472,-0.11861803289395206,0.0001796363475377647,0.00302763349784259,-0.13446641032486856,0.00021698858458148325,0.0,-0.0,0.0,-0.0,-0.0,0.0,-0.0,-0.0,0.0,-0.0,-0.0,0.0,-0.0,-0.0,0.0,-0.0,-0.0,0.0,-0.0,-0.0,0.0,-0.0,-0.0,0.0,-0.0,-0.0,0.0
3 2 4,0.0,-0.0,0.0,0.0,-0.0,0.0,0.0,-0.0,0.0,0.0,-0.0,0.0,0.0,-0.0,0.0,0.0,-0.0,0.0,0.0,-0.0,0.0,0.0,-0.0,0.0,0.0,-0.0,0.0,-0.0,0.0,0.0,3.590100582972071e-06,-0.006463712187769383,2.4531696567159864e-07,7.800876637609771e-06,-0.07241299065803801,1.2634776319910403e-06,2.23810923455716e-06,-0.028525002966766865,9.003078793467536e-07,4.014082998695676e-06,-0.04817087354041512,1.1541468891199958e-06,1.2738541653708094e-05,-0.09772786550447887,1.214515069733338e-06,4.650968761258865e-06,-0.002185448619583032,2.8240487140520658e-08,2.3900053827658464e-06,-0.014793254393117792,5.661509572926993e-07,4.868753738169933e-06,-0.0005760003003153036,-4.7396183974333415e-08,4.315108485726087e-06,-0.00047149452984206934,-1.4896594319145333e-08,4.6638866631149866e-07,-0.0012813034503603743,9.569046343082976e-08,8.68190069888746e-07,-0.001547780749427069,1.2306302857914686e-07,-0.0,0.0,0.0,2.3706262239376415e-06,-0.0014174081477752764,1.1462247837229765e-07,1.5014622935305508e-06,-0.0016230894077225977,1.347096995676347e-07,3.3771124440232532e-06,-0.0009496755536267461,5.746058280042408e-08,2.378832506247871e-07,-0.0009464024906697346,6.636770184892152e-08,0.0,-0.0,0.0,0.0,-0.0,0.0,0.0,-0.0,0.0,0.0,-0.0,0.0,0.0,-0.0,0.0,0.0,-0.0,0.0,0.0,-0.0,0.0,6.136075336628927e-08,-0.0003920963029765046,2.713106668953078e-08,8.006391330292414e-09,-0.0002308594723773942,8.69891027971646e-09,9.494326682029677e-08,-0.0006923508094867714,4.446031298016797e-08,1.8292236257754859e-07,-0.0014699648145608283,8.990527594647808e-08,0.0,-0.0,0.0,3.175706877508159e-07,-0.001673496745943323,1.1872655355799082e-07,6.87679406398864e-07,-0.0021792059054954343,1.6927690174500523e-07,0.0,-0.0,0.0,1.1902083645645772e-06,-0.0026490545039210348,2.1170507553074106e-07,1.9492014415580418e-06,-0.0024316971557532766,2.1750461765669517e-07,0.0,0.0,0.0,1.3512888984794605e-06,-0.002695227370864246,2.1787147199616037e-07,0.0,0.0,0.0,0.0,0.0,0.0,2.9844132306180762e-06,-0.0015945394650493329,2.1583539124055057e-07,4.3100941943108886e-06,-0.0012692270360213451,1.0647611556561031e-07,0.0,0.0,0.0,0.0,0.0,0.0,3.5883253812127057e-06,-0.0012371902007153152,1.592828230492441e-07,0.0,0.0,0.0,0.0,0.0,0.0,0.0,0.0,0.0,0.0,0.0,0.0,0.0,0.0,0.0,0.0,0.0,0.0,-0.0,0.0,0.0,0.0,0.0,0.0,0.0,0.0,0.0,0.0,0.0,0.0,5.583388233833648e-06,-0.0004106554901315766,-2.1299230332916633e-08,7.313518150750587e-06,0.001036090941126322,-2.0415060406715585e-07,0.0,-0.0,0.0,0.0,-0.0,0.0,-0.0,-0.0,0.0,-0.0,-0.0,0.0,0.0,-0.0,0.0,0.0,-0.0,0.0,0.0,-0.0,0.0,0.0,-0.0,0.0,0.0,-0.0,0.0
3 3 -3,0.0,-0.0,0.0,0.0,-0.0,0.0,0.0,-0.0,0.0,0.0,-0.0,0.0,0.0,-0.0,0.0,0.0,-0.0,0.0,0.0,-0.0,0.0,0.0,-0.0,0.0,0.0,-0.0,0.0,0.0,-0.0,0.0,-1.3914880442223076e-05,-0.1151343310266067,9.764736013037685e-05,-0.003711202011848469,0.05233469478563149,0.0001831007987811832,-0.0011540101746539955,-0.0667555259544278,0.00013153037641341377,-0.002255775613625738,-0.011520987667202416,0.00015435877861851724,-0.005304104411357649,0.11100037460081451,0.00021212920911622298,0.0002031846990213538,-0.1080760230828789,7.866292607922993e-05,-0.0004347274490113493,-0.10242575255610875,0.00011412890752027729,0.00028748830071927985,-0.08863156564140308,5.778580719203461e-05,0.00029200455980123966,-0.06574603176943557,3.852626318732629e-05,5.589408565084128e-05,-0.008821643697913365,2.407578455384489e-06,9.040242963683742e-05,-0.013988862730283361,4.293942969346984e-06,0.0,-0.0,0.0,0.00019684168978417448,-0.031492606362345736,1.3816082630461406e-05,0.00013862018717518537,-0.0212723550658543,7.754236644023994e-06,0.0002537711332615338,-0.04601762442005601,2.373112078393285e-05,3.346222016752967e-05,-0.005347289094189143,1.3855637968079594e-06,0.0,-0.0,0.0,0.0,-0.0,0.0,0.0,-0.0,0.0,0.0,-0.0,0.0,0.0,-0.0,0.0,0.0,-0.0,0.0,0.0,-0.0,0.0,1.2273453304498673e-05,-0.0011626251902039579,5.216331863503389e-07,4.409266753635097e-06,-0.0013096206334483873,1.4094007431267572e-07,1.9453210097135915e-05,-0.002550095365366768,8.400334835029091e-07,3.7686645435063216e-05,-0.00670634838781887,1.6116148456080849e-06,0.0,-0.0,0.0,5.140991116404144e-05,-0.008827311994705109,2.197261519810651e-06,8.644552947627263e-05,-0.012256416567681712,3.2595168191207856e-06,0.0,-0.0,0.0,0.0001277410254367892,-0.020359627664595228,4.921413164949962e-06,0.00019096622601644708,-0.0297896131069664,8.713054343534785e-06,0.0,0.0,0.0,0.00014060023215569476,-0.022945243328620454,5.60205325327376e-06,0.0,0.0,0.0,0.0,0.0,0.0,0.0002595250972540287,-0.038639762653954725,1.357953287927614e-05,0.00034376844094827864,-0.04546161619082322,2.2801921526708204e-05,0.0,0.0,0.0,0.0,0.0,0.0,0.00029792839802523385,-0.04111160445209881,1.7349968445053636e-05,0.0,0.0,0.0,0.0,0.0,0.0,0.0,0.0,0.0,0.0,0.0,0.0,0.0,0.0,0.0,0.0,0.0,0.0,-0.0,-0.0,0.0,0.0,0.0,0.0,0.0,0.0,0.0,0.0,0.0,0.0,0.0004136001359951969,-0.05978239163380278,3.4019552404342186e-05,0.0004901134368064309,-0.08171497651736513,4.981901607882515e-05,0.0,-0.0,0.0,0.0,-0.0,0.0,-0.0,-0.0,0.0,-0.0,-0.0,0.0,-0.0,-0.0,0.0,-0.0,-0.0,0.0,-0.0,-0.0,0.0,-0.0,-0.0,0.0,-0.0,-0.0,0.0
3 3 -2,0.0,-0.0,0.0,0.0,-0.0,0.0,0.0,-0.0,0.0,0.0,-0.0,0.0,0.0,-0.0,0.0,0.0,-0.0,0.0,0.0,-0.0,0.0,0.0,-0.0,0.0,0.0,-0.0,0.0,0.0,-0.0,0.0,0.02603381985481292,-0.41660189958627064,0.0010514919024653467,0.015543621619038939,1.530308618360493,0.002224263756047677,0.027984044304023722,0.33826780286017744,0.0015511463421426295,0.023810366360152393,0.9237845697084145,0.001858931947862237,0.004741369042471974,2.061666741857922,0.002597762829769447,0.0221461407943912,-0.5092853373573647,0.0008047554566928148,0.028346657300388677,-0.1292585695901968,0.001293911222124595,0.017552560441980978,-0.45060721935578407,0.0005676148681829538,0.01301409197984743,-0.32709259503573107,0.00036877926438913045,0.0014841707301010778,-0.06202760704992687,2.7786560811197666e-05,0.0024129433123717785,-0.08224757941527752,4.5261568494387896e-05,0.0,-0.0,0.0,0.006050491857600131,-0.14539412628471102,0.0001316422956507107,0.0038670717099696566,-0.10675419920983012,7.635697848026929e-05,0.009099808549667038,-0.21573109241132943,0.00022469144654479879,0.0009003687098669305,-0.043664846307284504,1.742666660709009e-05,0.0,-0.0,0.0,0.0,-0.0,0.0,0.0,-0.0,0.0,0.0,-0.0,0.0,0.0,-0.0,0.0,0.0,-0.0,0.0,0.0,-0.0,0.0,0.000328450389074992,-0.005703973871375712,7.760440249410546e-06,0.00013186817904048566,-0.008271780777459535,3.1844808442605856e-06,0.0005424005913327375,-0.022429969166959298,1.1877650813518862e-05,0.0010812982538841087,-0.07989786483354538,2.112513575443271e-05,0.0,-0.0,0.0,0.0013963811460491994,-0.0964897423012058,2.7806661677347893e-05,0.002276764006480523,-0.08624009444414249,4.111979837760686e-05,0.0,-0.0,0.0,0.0033192384465821397,-0.1076916973262534,5.700750227383538e-05,0.004847559925840774,-0.13314355185548843,8.460958202315114e-05,0.0,0.0,0.0,0.0036352755035997317,-0.11658556375236946,6.261947790059624e-05,0.0,0.0,0.0,0.0,0.0,0.0,0.006528636394295987,-0.15472161924921626,0.00011776502972990496,0.009902298496022841,-0.15801787856845761,0.000207205501605589,0.0,0.0,0.0,0.0,0.0,0.0,0.00795485126659773,-0.14597707070313762,0.00015322114909588328,0.0,0.0,0.0,0.0,0.0,0.0,0.0,0.0,0.0,0.0,0.0,0.0,0.0,0.0,0.0,0.0,0.0,0.0,0.0,-0.0,0.0,0.0,0.0,0.0,0.0,0.0,0.0,0.0,0.0,0.0,0.013903388006013175,-0.21557998128357359,0.00032115674614753385,0.01897914115433319,-0.3231847100853303,0.000474155403923898,0.0,-0.0,0.0,0.0,-0.0,0.0,0.0,-0.0,0.0,0.0,0.0,0.0,0.0,0.0,0.0,0.0,-0.0,0.0,0.0,-0.0,0.0,0.0,0.0,0.0,0.0,0.0,0.0
3 3 -1,0.0,0.0,-0.0,0.0,0.0,-0.0,0.0,0.0,0.0,0.0,0.0,0.0,0.0,0.0,0.0,0.0,0.0,0.0,0.0,0.0,0.0,0.0,0.0,-0.0,0.0,0.0,-0.0,0.0,0.0,-0.0,0.06501879794832524,1.5728407439916574,-0.0018908348792529316,0.09047198483538325,5.478145174350111,-0.002974307771506363,0.08088657741580926,3.2187534738600174,-0.002600353845119268,0.08658391937541764,4.301894792971111,-0.002849256834201195,0.09196659770024976,6.62531255851882,-0.0029656220467334238,0.05437407221194853,1.0971638455587658,-0.0014892405991578823,0.07377169502266016,2.2914892162703637,-0.002268306531708328,0.04242325482293187,0.8324755419301267,-0.0010825743886739654,0.030890910394158613,0.6965131745109208,-0.0007131356870525992,0.004692110170815884,0.1692241105441918,-8.580859907944722e-06,0.006934630469612472,0.27894471296956286,-4.1699997912826566e-05,0.0,0.0,-0.0,0.014682437874412464,0.5152721783728557,-0.0002302180480025811,0.010068959501835346,0.40173014486354713,-0.00010973328178181877,0.021477834527505416,0.6081995270295781,-0.00042547993731582715,0.0030457009978105258,0.09075415150716078,3.907881090410897e-06,0.0,0.0,-0.0,0.0,0.0,-0.0,0.0,0.0,0.0,0.0,0.0,-0.0,0.0,0.0,0.0,0.0,0.0,0.0,0.0,0.0,0.0,0.0011033409432342483,0.04103309590243509,8.75466977514317e-06,0.0004366995508454274,0.006832664445126403,4.687626183935281e-06,0.0019502239111674553,0.05260124389129322,1.154499209586935e-05,0.004063807081355402,0.03096247397703964,1.5594037225023157e-05,0.0,0.0,-0.0,0.005102547281883849,0.07840795592426104,1.4539780902351662e-05,0.007754915669097984,0.3377653028966979,-2.3265164997612086e-07,0.0,0.0,-0.0,0.010396229995339705,0.5461154045194122,-2.5306323458375164e-05,0.012780035126969467,0.6784350093252438,-0.00013354560568524845,0.0,0.0,0.0,0.011020844751485239,0.5870477787042074,-4.1252359796079185e-05,0.0,0.0,0.0,0.0,0.0,0.0,0.01499671364642328,0.7220465754231005,-0.00025493648592714356,0.020972193332319564,0.7264022883070457,-0.00042314576020111114,0.0,0.0,0.0,0.0,0.0,0.0,0.01724177854040079,0.7766926931223703,-0.00034779792121857024,0.0,0.0,0.0,0.0,0.0,0.0,0.0,0.0,0.0,0.0,0.0,0.0,0.0,0.0,0.0,0.0,0.0,0.0,0.0,0.0,-0.0,0.0,0.0,0.0,0.0,0.0,0.0,0.0,0.0,0.0,0.030057461179572056,0.7690013329212505,-0.0006013793403183956,0.042027608093773886,0.7812102445463833,-0.0008651265444421345,0.019732207868507715,0.0,-0.0,0.05632906772171361,0.0,-0.0,0.0,0.0,-0.0,0.0,0.2692863179267987,-0.0,0.0,11.81946332713752,-0.0,0.07389774646998216,0.0,-0.0,0.07066891859205113,0.5141212004353682,-0.0,0.06470074397668756,2.8634533759840513,-0.0,0.02924436901529723,5.438154170888588,-0.0
3 3 1,0.0,0.0,-0.0,0.0,0.0,-0.0,0.0,0.0,0.0,0.0,0.0,0.0,0.0,0.0,0.0,0.0,0.0,0.0,0.0,0.0,0.0,0.0,0.0,-0.0,0.0,0.0,-0.0,0.0,0.0,-0.0,0.07544521952092174,1.7742228510258318,-0.002044082062159502,0.1158957610656208,3.457941736362544,-0.003686018140121218,0.09797183537667274,2.7781994459469392,-0.002985238835478443,0.10781269725676898,3.186527584276344,-0.003395328842100644,0.1211247358211071,3.6062698424857786,-0.003821665513597398,0.062077704633253565,1.3468461507130058,-0.0015762622346137498,0.08722507346305766,2.2765037921472757,-0.002519413691892019,0.0474740011687417,1.0082104313936415,-0.0011269559812056194,0.033539000992200155,0.7481770199837451,-0.0007315783922306443,0.004431893526408504,0.13805601767143916,-4.192685833150798e-06,0.006573092878709945,0.22836881516061128,-3.605441142341881e-05,0.0,0.0,-0.0,0.014626987591815882,0.43344156772913134,-0.0002269638918985647,0.009699733428594558,0.32843647711129703,-0.000103959473899253,0.022367716324296887,0.5626240913611855,-0.00042937842524347683,0.0028805495866653726,0.07224847864075945,6.872106536090931e-06,0.0,0.0,-0.0,0.0,0.0,-0.0,0.0,0.0,0.0,0.0,0.0,-0.0,0.0,0.0,0.0,0.0,0.0,0.0,0.0,0.0,0.0,0.001060612135821951,0.03545456756728472,9.585612643995419e-06,0.0004247955170303839,0.005137303213207485,4.859392111737652e-06,0.0018512809859513395,0.041478410642157064,1.3391942071320255e-05,0.00382230583846806,0.006236551396245735,2.0019750012765645e-05,0.0,0.0,-0.0,0.004810462859881928,0.04916316235688521,2.0130614326692803e-05,0.00735529436746103,0.2908420112069721,7.197541192402254e-06,0.0,0.0,-0.0,0.009818804080445203,0.4802399933115629,-1.4940884541410464e-05,0.011897732293884106,0.5662452143124617,-0.00012303314355306441,0.0,0.0,0.0,0.010404626134132927,0.5142430294494285,-3.083506714154743e-05,0.0,0.0,0.0,0.0,0.0,0.0,0.013909402991247525,0.5628925822273346,-0.0002445660868220607,0.020613215020314057,0.5167989024951867,-0.0004203933576141402,0.0,0.0,0.0,0.0,0.0,0.0,0.016340521656056102,0.5815978911724939,-0.0003399901550717626,0.0,0.0,0.0,0.0,0.0,0.0,0.0,0.0,0.0,0.0,0.0,0.0,0.0,0.0,0.0,0.0,0.0,0.0,0.034496365048889886,0.0,-0.0,0.0,0.0,0.0,0.0,0.0,0.0,0.0,0.0,0.0,0.031088401634618807,0.590513774230747,-0.0006107900304975521,0.04495499477735671,0.695403046585525,-0.0008894200977164794,0.03902034960088853,0.0,-0.0,0.08640481494963999,0.0,-0.0,0.023438348212690637,0.0,-0.0,0.12366797056576713,1.3781980694721068,-0.0,0.0,0.23542797481340702,-0.0,0.11185079576340386,0.0,-0.0,0.11573938252677077,0.3053146534591695,-0.0,0.12188996682410509,1.4773628941200025,-0.0,0.0936528829695333,2.720009660901751,-0.0
3 3 2,0.0,-0.0,0.0,0.0,-0.0,0.0,0.0,-0.0,0.0,0.0,-0.0,0.0,0.0,-0.0,0.0,0.0,-0.0,0.0,0.0,-0.0,0.0,0.0,-0.0,0.0,0.0,-0.0,0.0,0.0,-0.0,0.0,0.02062937337137786,-0.2069695099880927,0.0008096014348011798,0.007721134564958725,-1.2657625827400045,0.0016735808128048,0.019077861014424182,-0.34292293425708514,0.001164461238341118,0.014589628404984064,-0.685747345977044,0.0013917541578650915,-0.0003425887621781684,-1.9851921840651225,0.001971139826248113,0.01855107242895247,-0.22354419007102025,0.0006325374828458469,0.020976795138404305,-0.21446572154383492,0.0009813311101708909,0.015336014203908704,-0.2175106649526533,0.00046017701752576137,0.011684354168804497,-0.19446877428946097,0.00031277915778181583,0.0012589701921786897,-0.09165013276765044,2.73368893970754e-05,0.0020895367609634397,-0.1154937793909982,4.519709752790202e-05,0.0,-0.0,0.0,0.005452842387272281,-0.15352983797880992,0.0001246838813259433,0.0034235340583850574,-0.13596888028334922,7.524257700575665e-05,0.008253141140741231,-0.1716880202730801,0.00020148946108179748,0.0007517509887253289,-0.06650330849209873,1.6623536297950324e-05,0.0,-0.0,0.0,0.0,-0.0,0.0,0.0,-0.0,0.0,0.0,-0.0,0.0,0.0,-0.0,0.0,0.0,-0.0,0.0,0.0,-0.0,0.0,0.00028558690475339037,-0.015456388599028748,7.266477945889144e-06,0.00011938926289645235,-0.011394388845495767,3.0634111938051226e-06,0.0004447417224342425,-0.040679982150092185,1.0613716437805076e-05,0.0008434127904158395,-0.1195667916315347,1.8017083710469285e-05,0.0,-0.0,0.0,0.0011183366658075674,-0.1402771605910046,2.4931752297836564e-05,0.0019344354744634097,-0.14164111593609685,4.128758372006339e-05,0.0,-0.0,0.0,0.0028685820871632074,-0.1619714852069205,6.0896627871487496e-05,0.00420837539895323,-0.1738977498752053,8.820299869804365e-05,0.0,0.0,0.0,0.0031660133441189795,-0.16662495290217852,6.689522003526563e-05,0.0,0.0,0.0,0.0,0.0,0.0,0.005753640700083464,-0.1725467851233447,0.00012166133373801488,0.009091440704141182,-0.18411606884547174,0.00020239335512489418,0.0,0.0,0.0,0.0,0.0,0.0,0.007135407329125695,-0.17061290816205404,0.00015442588286829304,0.0,0.0,0.0,0.0,0.0,0.0,0.0,0.0,0.0,0.0,0.0,0.0,0.0,0.0,0.0,0.0,0.0,0.0,0.0,-0.0,0.0,0.0,0.0,0.0,0.0,0.0,0.0,0.0,0.0,0.0,0.013073740242642672,-0.18612413622277,0.0002986523932747026,0.018010721739952013,-0.1917746713526011,0.0004274765097953537,0.0,-0.0,0.0,0.0,-0.0,0.0,0.0,-0.0,0.0,0.0,0.0,0.0,0.0,-0.0,0.0,0.0,-0.0,0.0,0.0,-0.0,0.0,0.0,-0.0,0.0,0.0,-0.0,0.0
3 3 3,0.0,-0.0,0.0,0.0,-0.0,0.0,0.0,-0.0,0.0,0.0,-0.0,0.0,0.0,-0.0,0.0,0.0,-0.0,0.0,0.0,-0.0,0.0,0.0,-0.0,0.0,0.0,-0.0,0.0,-0.0,-0.0,0.0,-0.000734957511915736,-0.05753884516707798,6.04680038922778e-05,-0.0042624600414769035,-0.3934095843113524,0.00013213672616709478,-0.0020610198198723452,-0.14909145307528762,8.902221551690544e-05,-0.003070249036087074,-0.25102459982294734,0.00010871302509358682,-0.00546387628883427,-0.5560721580625656,0.00015495787236427614,-0.00033825916413170203,-0.042582378413135336,4.7855089167448295e-05,-0.0012928913124362208,-0.0883515764131218,7.36261765608367e-05,-7.091674952002792e-05,-0.03393474266122039,3.5826351871892537e-05,8.534549114467924e-05,-0.02810040853785221,2.5366948808612773e-05,4.507872187462152e-05,-0.01271942981188725,1.8626059435482137e-06,7.465355562521997e-05,-0.01631939022203046,3.525125547230847e-06,-0.0,-0.0,0.0,0.0001460492728540071,-0.02173819843179524,1.0794072812115466e-05,0.0001125323080880875,-0.01931688206706771,6.37438802769396e-06,0.0001483648126288645,-0.024303519721529766,1.7048915605625277e-05,2.589521161422357e-05,-0.009056648378319923,9.71891158888611e-07,0.0,-0.0,0.0,0.0,-0.0,0.0,0.0,-0.0,0.0,0.0,-0.0,0.0,0.0,-0.0,0.0,0.0,-0.0,0.0,0.0,-0.0,0.0,9.842023683028925e-06,-0.003053633880226912,3.611609718026285e-07,3.903461450803578e-06,-0.0018807441124437869,1.1521172710717291e-07,1.3749614087364489e-05,-0.0060102973872352755,4.725570515493011e-07,2.360750452731919e-05,-0.014126052317746725,7.348029891671763e-07,0.0,-0.0,0.0,3.5621101731824465e-05,-0.016742421191288107,1.241736459826946e-06,7.122183497011838e-05,-0.020945733554155924,2.5855654135484556e-06,0.0,-0.0,0.0,0.00011133228351779801,-0.02630605996946031,4.444778241744581e-06,0.00016671091922489177,-0.026529564888560713,7.829950173195792e-06,0.0,0.0,0.0,0.0001237772594017469,-0.027109535446571048,5.113091423803349e-06,0.0,0.0,0.0,0.0,0.0,0.0,0.0002271572230594004,-0.023135535521255104,1.2194461138558618e-05,0.0002839555925138916,-0.02441438108656431,1.9184412462352733e-05,0.0,0.0,0.0,0.0,0.0,0.0,0.000255230691338027,-0.022175628666532072,1.5195509793810703e-05,0.0,0.0,0.0,0.0,0.0,0.0,0.0,0.0,0.0,0.0,0.0,0.0,0.0,0.0,0.0,0.0,0.0,0.0,-0.0,-0.0,0.0,0.0,0.0,0.0,0.0,0.0,0.0,0.0,0.0,0.0,0.0003045596229299056,-0.02621984537923562,2.6560965101005626e-05,0.00030165621075903476,-0.02775873055021871,3.662308336335116e-05,-0.0,-0.0,0.0,-0.0,-0.0,0.0,-0.0,-0.0,0.0,-0.0,-0.0,0.0,-0.0,-0.0,0.0,-0.0,-0.0,0.0,-0.0,-0.0,0.0,-0.0,-0.0,0.0,-0.0,-0.0,0.0
3 4 -2,0.0,0.0,0.0,0.0,0.0,0.0,0.0,0.0,0.0,0.0,0.0,0.0,0.0,0.0,0.0,0.0,-0.0,0.0,0.0,-0.0,0.0,0.0,0.0,0.0,0.0,0.0,-0.0,0.0,0.0,-0.0,0.000784136428108918,0.05041372153463814,1.6152533698942344e-06,0.0004780063755603813,0.16948527249484147,8.635624162433246e-06,0.0008518868615322071,0.10055653535920844,3.543936723350776e-06,0.0007268993424769292,0.13415235965323907,5.491068746601551e-06,0.0001588000107620396,0.20173400447727677,1.2640342898137896e-05,0.0006614259387106911,0.03462670345484102,9.205757332752263e-07,0.0008588914187752535,0.07221219378238011,2.42371298512776e-06,0.0005168923204387997,0.023465982800521586,4.223463759398306e-07,0.0003759774772899192,0.015605415285626058,1.8709300147106366e-07,4.116550510930634e-05,0.0010924254854338938,1.6250725877409515e-07,6.790365524464598e-05,0.0020898581822429902,1.9644249024101148e-07,0.0,0.0,-0.0,0.0001705239699135044,0.006313759095297249,1.7676905551842453e-07,0.00010904682615519936,0.003746876119545135,2.0269922808925653e-07,0.00025842639786852195,0.010109902773090184,1.4510248399870068e-07,2.4255575666612484e-05,0.0005374781464428085,1.1833745785325863e-07,0.0,0.0,0.0,0.0,0.0,0.0,0.0,0.0,0.0,0.0,0.0,0.0,0.0,0.0,0.0,0.0,-0.0,0.0,0.0,0.0,0.0,7.280611230410666e-06,0.00012198533789964243,5.582207055019947e-08,2.7261251891080173e-06,-2.4199013341618226e-05,2.5524525056525105e-08,1.325527563456663e-05,0.00022547269258388288,9.119323537009688e-08,2.85869498312123e-05,0.00039096252410188945,1.6048332837242243e-07,0.0,0.0,0.0,3.767758391688415e-05,0.0006672621621086106,2.0286296788758576e-07,6.380892568698047e-05,0.0017303193061784792,2.813685631580434e-07,0.0,0.0,-0.0,9.594695895243481e-05,0.002838981173451638,3.7695098802555497e-07,0.00014025658807934976,0.00479614360657198,3.0314399097549716e-07,0.0,0.0,0.0,0.00010557223417781256,0.0032029581489554397,3.854941324532281e-07,0.0,0.0,0.0,0.0,0.0,0.0,0.00018811595396329552,0.007022723273683298,1.6739855199463518e-07,0.00027375567149779604,0.01086607442275529,8.158338117695015e-08,0.0,0.0,0.0,0.0,0.0,0.0,0.00022613880948721773,0.009022798092786721,1.0361657771630054e-07,0.0,0.0,0.0,0.0,0.0,0.0,0.0,0.0,0.0,0.0,0.0,0.0,0.0,0.0,0.0,0.0,0.0,0.0,0.0,0.0,-0.0,0.0,0.0,0.0,0.0,0.0,0.0,0.0,0.0,0.0,0.0003771286499393778,0.014920435683094637,1.6405278164752868e-08,0.0005117208634517993,0.020014294419868132,-1.2949368710269402e-07,0.0,0.0,0.0,0.0,0.0,0.0,0.0,0.0,0.0,0.0,0.0,0.0,0.0,0.0,0.0,0.0,0.0,0.0,0.0,0.0,0.0,0.0,0.0,0.0,0.0,0.0,0.0
3 4 -1,0.0,0.0,0.0,0.0,0.0,0.0,0.0,0.0,-0.0,0.0,0.0,0.0,0.0,0.0,0.0,0.0,-0.0,0.0,0.0,-0.0,0.0,0.0,0.0,-0.0,0.0,0.0,-0.0,0.0,0.0,-0.0,0.005921082769856794,0.38745829371843543,5.457309210263252e-06,0.007580990356172202,1.093313980120985,4.271193981045463e-05,0.007022746654627758,0.7294825541133443,2.4633257869917496e-05,0.007326672565356056,0.9214468853682637,3.3986860805254404e-05,0.00776225108161507,1.2226691956785227,5.0790110245654274e-05,0.005001329416355123,0.26718773088437325,-1.2617285435508334e-06,0.006588555174367517,0.544705803684802,1.4769657925250297e-05,0.003917365777764024,0.18206086891299872,-3.949870061136698e-06,0.002848656398023266,0.12394358643925803,-3.3538405550238586e-06,0.0003604741875528585,0.012636442517265582,5.029391555053543e-07,0.0005643298511942542,0.022455204416672397,6.866159980398201e-07,0.0,0.0,-0.0,0.0013117054630249884,0.0568163394822514,-6.656723408622239e-08,0.0008648729570216159,0.03686363817138905,6.109061071440923e-07,0.0019620300780680546,0.08440908164561645,-1.5419238372411903e-06,0.00022226620656499267,0.006571076535796704,3.084352194778065e-07,0.0,0.0,0.0,0.0,0.0,0.0,0.0,0.0,0.0,0.0,0.0,-0.0,0.0,0.0,0.0,0.0,-0.0,0.0,0.0,0.0,0.0,6.999757772113669e-05,0.0015081513001428742,2.0890440266896484e-07,2.5716765285481466e-05,-3.660487381631439e-05,2.1264949991480376e-07,0.00012996665608941036,0.002942869628539505,1.816632270430874e-07,0.00028259164139363103,0.0050938418995553885,1.0305411702598145e-08,0.0,0.0,-0.0,0.0003631928979191424,0.008628840907825732,1.016521792810538e-07,0.0005781595947161279,0.021119017985234242,9.586747075552077e-07,0.0,0.0,-0.0,0.0008236243627779434,0.03409567447008168,1.9444072903647827e-06,0.001105999305926606,0.05220798935138221,1.827282649590915e-06,0.0,0.0,0.0,0.0008901362256441242,0.037925232682092504,2.0794673580442805e-06,0.0,0.0,0.0,0.0,0.0,0.0,0.0014027986975462471,0.07006923011506445,1.2336933376872275e-06,0.0019942028693541456,0.09155554123115742,-2.1635306398065528e-07,0.0,0.0,0.0,0.0,0.0,0.0,0.0016529711751630646,0.08351244750957382,2.85064540784402e-07,0.0,0.0,0.0,0.0,0.0,0.0,0.0,0.0,0.0,0.0,0.0,0.0,0.0,0.0,0.0,0.0,0.0,0.0,0.0,0.0,-0.0,0.0,0.0,0.0,0.0,0.0,0.0,0.0,0.0,0.0,0.00278859399574009,0.11636114600454196,-2.748046435825912e-06,0.0038330370496284685,0.1483975583635103,-6.583093636521473e-06,0.0,0.0,-0.0,0.0,0.0,-0.0,0.0,0.0,-0.0,0.0,0.0,0.0,0.0,0.0,0.0,0.0,0.0,-0.0,0.0,0.0,0.0,0.0,0.0,0.0,0.0,0.0,0.0
3 4 1,0.0,0.0,0.0,0.0,0.0,0.0,0.0,0.0,-0.0,0.0,0.0,0.0,0.0,0.0,0.0,0.0,-0.0,0.0,0.0,-0.0,0.0,0.0,0.0,-0.0,0.0,0.0,-0.0,0.0,0.0,-0.0,0.005990538901812161,0.3556651808547443,4.233864720143916e-06,0.008837985976647065,0.7176793568788081,1.777786165743332e-05,0.0074484945863982615,0.5862224238999285,1.5069989479759868e-05,0.008118619695310357,0.6747523058513688,1.717465903553764e-05,0.009498919700327206,0.7120571221214316,1.836677104020766e-05,0.005010180367827727,0.25460006593531936,-1.0634255616288143e-06,0.006780820194092021,0.47207734426164366,1.0468481772626657e-05,0.0038895247535019523,0.17584804895470602,-3.2693336518562677e-06,0.0027935959822660075,0.11838173855494297,-2.587115465869097e-06,0.00033589859733914825,0.01119868854607455,7.743580342064205e-07,0.0005249469901388373,0.019985272246429358,1.0915059776933907e-06,0.0,0.0,-0.0,0.0012420146781768199,0.051481549453060396,5.907772491824041e-07,0.0008083298295582704,0.032950538728603485,1.1546576781619145e-06,0.0018916098978455493,0.07847547317312747,-8.090648377577366e-07,0.0002079998569895035,0.005756479687600435,4.7428796317718385e-07,0.0,0.0,0.0,0.0,0.0,0.0,0.0,0.0,0.0,0.0,0.0,0.0,0.0,0.0,0.0,0.0,-0.0,0.0,0.0,0.0,0.0,6.674216542988877e-05,0.0012722488872919046,2.42130180415465e-07,2.4707729079581568e-05,-0.00010089412584227365,2.1906252159032256e-07,0.00012279634595723792,0.0024811791537362677,2.671766810516802e-07,0.0002652363090107588,0.004088557448437563,2.318591821654049e-07,0.0,0.0,-0.0,0.0003405590604170118,0.007422467030825811,3.907031750372183e-07,0.000540059612218016,0.019001032472697237,1.4129792844406995e-06,0.0,0.0,-0.0,0.0007643039018344955,0.0309078171161282,2.6026417842653274e-06,0.0010155000467397454,0.046683834801893996,2.6807186506015943e-06,0.0,0.0,0.0,0.000825636358848782,0.03438224590025243,2.7812627883756223e-06,0.0,0.0,0.0,0.0,0.0,0.0,0.0012835864476193645,0.062067017839934416,2.2265768525760056e-06,0.0018712807564231874,0.07998094398700162,7.504952778691356e-07,0.0,0.0,0.0,0.0,0.0,0.0,0.001525322085021736,0.07344158455773563,1.3234880334023144e-06,0.0,0.0,0.0,0.0,0.0,0.0,0.0,0.0,0.0,0.0,0.0,0.0,0.0,0.0,0.0,0.0,0.0,0.0,0.0,0.0,-0.0,0.0,0.0,0.0,0.0,0.0,0.0,0.0,0.0,0.0,0.0026833795164829875,0.10381722345986348,-2.009852656883699e-06,0.003750330438388781,0.1366454038227065,-6.0647084195582784e-06,0.0,0.0,-0.0,0.0,0.0,-0.0,0.0,0.0,-0.0,0.0,0.0,-0.0,0.0,0.0,0.0,0.0,0.0,-0.0,0.0,0.0,-0.0,0.0,0.0,0.0,0.0,0.0,0.0
3 4 2,0.0,0.0,-0.0,0.0,0.0,0.0,0.0,0.0,0.0,0.0,-0.0,0.0,0.0,-0.0,0.0,0.0,-0.0,0.0,0.0,-0.0,0.0,0.0,0.0,-0.0,0.0,0.0,-0.0,0.0,0.0,-0.0,0.000493410054295598,0.03525847306780359,-2.2700151802682798e-06,0.00014877108366221262,0.03226298489379474,8.178679863194477e-07,0.0004719001680029352,0.04702383551380803,-1.8782501192113255e-06,0.0003501257483279052,0.04384532761626582,-9.995948481425794e-07,-9.110504663477288e-05,0.014672678563676808,3.4070692166542534e-06,0.0004340940707536399,0.026405817963003037,-2.23329744956525e-06,0.0005128125701319412,0.04312137682661243,-2.1745161137351878e-06,0.0003514350599395523,0.018387494555404785,-1.9599316996187855e-06,0.000263279825424663,0.011971797415718998,-1.4672140384965538e-06,3.140452679652173e-05,0.0004427713306478572,8.34281502734461e-08,5.099169070816944e-05,0.0010949401345108321,2.305112827151889e-08,0.0,0.0,-0.0,0.00012439424311598625,0.004226484350116645,-4.5337061411536435e-07,8.070025604526664e-05,0.002270488518337968,-1.4293930028556065e-07,0.00018523962637368075,0.007325737336292723,-9.153536065537851e-07,1.879820738608894e-05,0.00012668236777350897,8.534403270356842e-08,0.0,0.0,0.0,0.0,0.0,-0.0,0.0,0.0,0.0,0.0,0.0,0.0,0.0,-0.0,0.0,0.0,-0.0,0.0,0.0,-0.0,0.0,6.0454088436629614e-06,-1.6766274354448565e-05,5.41045794987025e-08,2.308504355128448e-06,-6.541751521913717e-05,2.5131678354221148e-08,1.062687287737266e-05,-3.7034375166628264e-05,8.557275457699563e-08,2.229246191172143e-05,-0.000180425446320298,1.4467164516476815e-07,0.0,0.0,-0.0,2.934839908628983e-05,-1.3084768517149821e-05,1.7003343913580948e-07,4.9151895491606456e-05,0.0006654583463490774,1.8249574680995842e-07,0.0,0.0,-0.0,7.279624566594357e-05,0.0014366710647077071,1.7782231085195831e-07,0.00010359684591660216,0.0028874447002893537,-1.2329897558130554e-07,0.0,0.0,0.0,7.986874677226244e-05,0.0017115884483141133,1.4367287833138176e-07,0.0,0.0,0.0,0.0,0.0,0.0,0.00013685446601678175,0.004643802122134363,-5.230864095682101e-07,0.0001996482578153589,0.00717056000904523,-1.0214420669725988e-06,0.0,0.0,0.0,0.0,0.0,0.0,0.00016384667948590747,0.0059957437446849495,-7.848365256531268e-07,0.0,0.0,0.0,0.0,0.0,0.0,0.0,0.0,0.0,0.0,0.0,0.0,0.0,0.0,0.0,0.0,0.0,0.0,0.0,0.0,-0.0,0.0,0.0,0.0,0.0,0.0,0.0,0.0,0.0,0.0,0.0002758821136056552,0.010365478992786382,-1.5710502990234902e-06,0.0003719964368435938,0.014768009727135108,-2.3776297702109177e-06,0.0,0.0,-0.0,0.0,0.0,-0.0,0.0,0.0,-0.0,0.0,0.0,-0.0,0.0,0.0,-0.0,0.0,0.0,-0.0,0.0,0.0,-0.0,0.0,0.0,-0.0,0.0,0.0,-0.0
4 1 -3,0.0,-0.0,0.0,0.0,-0.0,0.0,0.0,-0.0,0.0,0.0,-0.0,0.0,0.0,-0.0,0.0,0.0,-0.0,0.0,0.0,-0.0,0.0,0.0,-0.0,0.0,0.0,-0.0,0.0,0.0,-0.0,0.0,8.765144447794929e-06,-0.015268674330976261,1.0473634461000755e-05,5.9126437472700006e-06,0.5477559086469609,1.693348838704512e-05,7.188452227169738e-06,0.16264088132076007,1.379401345072124e-05,6.288814272889934e-06,0.3339662420090971,1.5308534159281057e-05,5.864836302848253e-06,0.7698555589536102,1.841525149070245e-05,8.217122199763988e-06,-0.04094240019637804,8.379905553022637e-06,8.249476464982345e-06,0.047844530226495874,1.2266659433689207e-05,6.700589616109242e-06,-0.044548295146852164,6.217322869286494e-06,4.829740337053573e-06,-0.03876715147118796,4.311383672205321e-06,3.966187102230283e-07,-0.008519437232351214,5.269645557147542e-07,6.862737699408088e-07,-0.012990477764556816,8.165060614275364e-07,0.0,-0.0,0.0,1.975563945634934e-06,-0.02451084052076426,1.8856889559184853e-06,1.1779372781307866e-06,-0.018448188491165002,1.2429008315828935e-06,3.182656248735838e-06,-0.03127085335017693,2.8679776809066012e-06,2.2855831338533773e-07,-0.005371274575234033,3.303705192535524e-07,0.0,-0.0,0.0,0.0,-0.0,0.0,0.0,-0.0,0.0,0.0,-0.0,0.0,0.0,-0.0,0.0,0.0,-0.0,0.0,0.0,-0.0,0.0,6.80620224379123e-08,-0.001762175791096054,1.2237489783959047e-07,1.376471588797611e-08,-0.0017417215897442078,4.0288791787701605e-08,1.2926798607614275e-07,-0.0031969351254437523,2.0355982919262413e-07,2.8422269815841843e-07,-0.007335627928808638,4.15604736255373e-07,0.0,-0.0,0.0,3.7407696674071737e-07,-0.008126035310338021,5.481211649034752e-07,5.629082861780286e-07,-0.00998021331403382,8.275627518511583e-07,0.0,-0.0,0.0,8.474864091993554e-07,-0.019385462272289836,1.1634142941058433e-06,1.4198022769107965e-06,-0.02965156604304177,1.5647270690663969e-06,0.0,0.0,0.0,9.536409732368676e-07,-0.022419377145912054,1.2575533119796448e-06,0.0,0.0,0.0,0.0,0.0,0.0,2.115352281134244e-06,-0.03746840266555324,2.0853983938179085e-06,3.251594445181854e-06,-0.0320492283110163,2.8333220301562277e-06,0.0,0.0,0.0,0.0,0.0,0.0,2.59159183897838e-06,-0.033614649507081845,2.3838554597386966e-06,0.0,0.0,0.0,0.0,0.0,0.0,0.0,0.0,0.0,0.0,0.0,0.0,0.0,0.0,0.0,0.0,0.0,0.0,0.0,-0.0,0.0,0.0,0.0,0.0,0.0,0.0,0.0,0.0,0.0,0.0,4.631517146313035e-06,-0.034441884279078835,3.8197060949013366e-06,6.6078221899097434e-06,-0.0466786097824558,5.1814981460144065e-06,0.0,-0.0,0.0,0.0,-0.0,0.0,0.0,0.0,0.0,0.0,0.0,0.0,0.0,0.0,0.0,0.0,-0.0,0.0,0.0,0.0,0.0,0.0,0.0,0.0,0.0,0.0,0.0
4 1 -2,0.0,-0.0,0.0,0.0,-0.0,0.0,0.0,-0.0,0.0,0.0,-0.0,0.0,0.0,-0.0,0.0,0.0,-0.0,0.0,0.0,-0.0,0.0,0.0,-0.0,0.0,0.0,-0.0,0.0,0.0,-0.0,0.0,0.00010988509277768729,-0.7663751031042298,0.00031564438219294837,3.644744955884097e-05,0.8778902740940364,0.0006214996845881988,9.353901656432068e-05,-0.30591398279862086,0.00047975640856468856,6.79123761458859e-05,0.22840578362196826,0.0005544441837449561,3.345776224217027e-06,1.5165209357316172,0.00067513823917376,9.822328764847302e-05,-0.7335600702574901,0.0002337982756259041,0.00010860263943709866,-0.6405126881354871,0.0003995912731674655,7.87742934521713e-05,-0.6151515535671171,0.00016213526103309322,5.839502797133551e-05,-0.4795916117017536,0.00010609188199462199,8.096297080720215e-06,-0.12638879186659702,8.448165364605086e-06,1.2857767808062863e-05,-0.17099277009226307,1.4279354814081089e-05,0.0,-0.0,0.0,2.8874567351814816e-05,-0.2850829850210669,4.041167184508877e-05,1.9597696604229614e-05,-0.22270059125563085,2.4130753098236575e-05,4.1519111754185536e-05,-0.367411285576926,6.644486812458065e-05,4.915638257443189e-06,-0.08926489937006785,5.051060464226485e-06,0.0,-0.0,0.0,0.0,-0.0,0.0,0.0,-0.0,0.0,0.0,-0.0,0.0,0.0,-0.0,0.0,0.0,-0.0,0.0,0.0,-0.0,0.0,1.6407339672419987e-06,-0.034153429347663716,2.248650826326846e-06,6.915864976651341e-07,-0.02461393409945181,9.948821846892406e-07,2.9359249176774254e-06,-0.06208992907462744,3.066338814968574e-06,6.2111551998588894e-06,-0.14158492733936506,5.615240885479777e-06,0.0,-0.0,0.0,7.602952399209483e-06,-0.16131998241183496,7.280142770139469e-06,1.1930749052141283e-05,-0.17117276364954787,1.1878989500061546e-05,0.0,-0.0,0.0,1.8720856691784387e-05,-0.23724303770584504,1.8466847634112797e-05,2.7368758096868897e-05,-0.3118483866444281,2.927871030134746e-05,0.0,0.0,0.0,2.0751361551963758e-05,-0.25982117703505814,2.0947918290179833e-05,0.0,0.0,0.0,0.0,0.0,0.0,3.5360833322220555e-05,-0.3540309652303443,4.213072036707961e-05,4.3575116970264314e-05,-0.3560679073178799,6.438026460585358e-05,0.0,0.0,0.0,0.0,0.0,0.0,3.8221996050789156e-05,-0.33481371645878566,5.10161162948292e-05,0.0,0.0,0.0,0.0,0.0,0.0,0.0,0.0,0.0,0.0,0.0,0.0,0.0,0.0,0.0,0.0,0.0,0.0,0.0,-0.0,0.0,0.0,0.0,0.0,0.0,0.0,0.0,0.0,0.0,0.0,5.6260601606666224e-05,-0.4252503961714229,9.345032504286856e-05,7.697271449484679e-05,-0.5805890542934891,0.00013377199560516946,0.0,-0.0,0.0,0.0,-0.0,0.0,0.0,-0.0,0.0,0.0,0.0,0.0,0.0,0.0,0.0,0.0,-0.0,0.0,0.0,-0.0,0.0,0.0,-0.0,0.0,0.0,0.0,0.0
4 1 -1,0.0,-0.0,0.0,0.0,-0.0,0.0,0.0,-0.0,0.0,0.0,-0.0,0.0,0.0,-0.0,0.0,0.0,-0.0,0.0,0.0,-0.0,0.0,0.0,-0.0,0.0,0.0,-4.363325691402524,0.0,0.0,-11.124542146586455,0.0,0.0001007801818088626,-5.454654108323836,0.00034054186158515373,-0.000467757313906627,-10.27875049903722,0.0007731456246226777,-3.589374672557504e-05,-7.6516150011094055,0.0005552240275497521,-0.00021745481705069198,-8.804486759728963,0.0006659874918198361,-0.0007461367704036553,-12.034439560004976,0.0008665219265117122,9.853649606944803e-05,-4.242322373990964,0.0002442689388940961,6.530038784094831e-05,-6.5968711928938175,0.0004458890949349872,8.431969374942288e-05,-3.1044435479643666,0.00016358534365215854,7.307808587987891e-05,-2.1765726964314775,0.00010229850752086645,3.260268557006062e-05,-0.39505928614460917,4.913617575400982e-06,4.5119237366911445e-05,-0.5506536864943294,9.075211347540458e-06,0.0,-19.227547314775656,0.0,6.35595395243807e-05,-1.0575036317392628,3.3174667618115336e-05,5.6249422703876204e-05,-0.7585088410902799,1.7495570643659073e-05,6.768317230428641e-05,-1.5071049186518748,5.998964456644882e-05,2.178609094964247e-05,-0.27399925237693096,2.9787092163606776e-06,0.0,-0.0,0.0,0.0,-0.0,0.0,0.0,-0.0,0.0,0.0,-0.0,0.0,0.0,-0.0,0.0,0.0,-0.0,0.0,0.0,-0.0,0.0,9.188300558366871e-06,-0.10692317315186975,2.2073045454324297e-06,5.106941256011961e-06,-0.06333235248074208,1.2198373989101256e-06,1.533428915807435e-05,-0.19011928395848246,2.229966874322762e-06,3.053166338543393e-05,-0.4213875638821285,3.2104284166846376e-06,0.0,-1.1601374350573659,0.0,3.26869685448803e-05,-0.49020833072393694,3.2805794997086564e-06,4.724363621707197e-05,-0.5691820882347217,4.805075576289084e-06,0.0,-3.2804163000335542,0.0,7.79916661612881e-05,-0.7569282602718045,8.798606868868461e-06,9.428307964400797e-05,-0.981428652697468,1.9075977012935395e-05,0.0,0.0,0.0,8.529932948945351e-05,-0.8181813510221454,1.1197007083519802e-05,0.0,0.0,0.0,0.0,0.0,0.0,9.367161710021422e-05,-1.1342275450891852,3.062161076653414e-05,6.742561411184788e-05,-1.4589831518299587,5.479767889913768e-05,0.0,0.0,0.0,0.0,0.0,0.0,7.49050214917111e-05,-1.2167719576537843,3.974305744693603e-05,0.0,0.0,0.0,0.0,0.0,0.0,0.0,0.0,0.0,0.0,0.0,0.0,0.0,0.0,0.0,0.0,0.0,0.0,0.0,-28.13414159539935,0.0,0.0,0.0,0.0,0.0,0.0,0.0,0.0,0.0,0.0,5.761739354871467e-05,-1.9710826591549218,8.730794310338954e-05,6.451055530905635e-05,-2.750786495512053,0.0001316348001612016,0.0,-5.626432960062998,0.0,0.0,-7.984600899395258,0.0,-0.0,-29.39557220154948,0.0,-0.0,-24.540557722459866,0.0,-0.0,-16.03862927859685,0.0,0.0,-9.570024670054721,0.0,0.0,-11.244649624951746,0.0,-0.0,-12.316363829596039,0.0,-0.0,-12.39054479553093,0.0
4 1 1,0.0,-0.0,0.0,0.0,-0.0,0.0,0.0,-0.0,0.0,0.0,-0.0,0.0,0.0,-0.0,0.0,0.0,-0.0,0.0,0.0,-0.0,0.0,0.0,-0.0,0.0,0.0,-0.0,0.0,0.0,-0.0,0.0,0.00022033459056046645,-5.197939212691656,0.00026901995518697027,0.000424617094033927,-11.458847767340123,0.0004508142560752763,0.0003693722678837213,-7.817827530783037,0.0003738666241611368,0.0004157149880205811,-9.410701608022555,0.0004155235788657977,0.00039929250787048296,-13.833700651751597,0.00047883345586659216,0.00015577267347935406,-3.9474276435451645,0.00021142663432810655,0.00029763514990649936,-6.482226355071729,0.00032478972018331367,0.00011299450660542556,-2.840056459709716,0.00015802291808376205,9.060558273087598e-05,-1.9766886718504444,0.00011272526541600024,3.823360422432791e-05,-0.4112960456171626,1.1316026715293124e-05,5.203615708801298e-05,-0.5536750407872628,1.928476068052872e-05,-0.0,-0.0,0.0,7.368354300692032e-05,-0.9877234270411644,5.041414048702131e-05,6.450008670187003e-05,-0.7333055440878774,3.1761356974844944e-05,8.055713898670185e-05,-1.3772905375967182,7.696626014222263e-05,2.598883343770125e-05,-0.2923395745639774,6.5380302649163766e-06,0.0,-0.0,0.0,0.0,-0.0,0.0,0.0,-0.0,0.0,0.0,-0.0,0.0,0.0,-0.0,0.0,0.0,-0.0,0.0,0.0,-0.0,0.0,1.1197773927047743e-05,-0.11770176826192845,2.8953528759084243e-06,5.993573907212144e-06,-0.06729223977212599,1.4638455581478013e-06,1.8437846922998898e-05,-0.20936625111125295,3.5252916902858267e-06,3.6595553325942903e-05,-0.46208194259909646,6.237274143527553e-06,0.0,-0.5450970891236264,0.0,3.9968310214547315e-05,-0.5321845288634347,8.219152974528238e-06,5.860891108688222e-05,-0.6076273558456038,1.59826576178043e-05,0.0,-2.3358355962923705,0.0,8.967517674380817e-05,-0.7700349850628835,2.856568981471729e-05,0.00010187629645635825,-0.9360963914184399,4.165707614143111e-05,0.0,0.0,0.0,9.649338761224342e-05,-0.8196414196056807,3.152268021813277e-05,0.0,0.0,0.0,0.0,0.0,0.0,9.651917506520154e-05,-1.0133666887989023,5.6582246664735784e-05,8.383137209907705e-05,-1.3156059278451848,8.161683334393258e-05,0.0,0.0,0.0,0.0,0.0,0.0,8.26085458800293e-05,-1.0776306258715431,6.72757913116031e-05,0.0,0.0,0.0,0.0,0.0,0.0,0.0,0.0,0.0,0.0,0.0,0.0,0.0,0.0,0.0,0.0,0.0,0.0,0.0,-0.0,0.0,0.0,0.0,0.0,0.0,0.0,0.0,0.0,0.0,0.0,8.276244744542288e-05,-1.7733108897994592,0.00011087634445277419,9.315244860405566e-05,-2.449366924949492,0.00015486963537726615,0.0,-4.472092154374889,0.0,0.0,-6.622089103789602,0.0,0.0,-0.0,0.0,0.0,-3.1508126051233565,0.0,0.0,-14.700086377092951,0.0,0.0,-8.603825548427995,0.0,0.0,-10.940788303191493,0.0,0.0,-12.951441881077947,0.0,0.0,-13.909903639147288,0.0
4 1 2,0.0,-0.0,0.0,0.0,-0.0,0.0,0.0,-0.0,0.0,0.0,-0.0,0.0,0.0,-0.0,0.0,0.0,-0.0,0.0,0.0,-0.0,0.0,0.0,-0.0,0.0,0.0,-0.0,0.0,-0.0,-0.0,0.0,0.00012153646507035913,-0.5222099041761192,0.00029471856431818584,0.0003356040157341528,-0.8971184930392456,0.0006249779919097962,0.0002052574249075076,-0.6566973209056038,0.000456039215646073,0.00026726638533876404,-0.7433614698614229,0.0005413911287250677,0.0004013240967895671,-1.1143023865350656,0.0006980022188461534,0.00010018015328035516,-0.43095275335562344,0.00022394240776597838,0.00015585095207644106,-0.59545957093467,0.0003731498458778354,8.63154981283532e-05,-0.340519758538378,0.0001640224353094005,7.415205040761869e-05,-0.27397359502786006,0.00011612826973952498,9.854015312969049e-06,-0.15973321187537956,1.2197492481394372e-05,1.785787748062305e-05,-0.19169487309453292,2.0515463957696923e-05,-0.0,-0.0,0.0,4.447209319414217e-05,-0.22398800575413472,5.253829428125325e-05,2.9602444515882442e-05,-0.21215943237674917,3.342936583973381e-05,6.0180836385765594e-05,-0.23889065646225793,7.951850410619264e-05,5.077875648853111e-06,-0.12144158984965628,7.107635111322482e-06,0.0,-0.0,0.0,0.0,-0.0,0.0,0.0,-0.0,0.0,0.0,-0.0,0.0,0.0,-0.0,0.0,0.0,-0.0,0.0,0.0,-0.0,0.0,1.4542141667654636e-06,-0.05120019625211745,2.7120720251424518e-06,7.680324199345984e-07,-0.03071716839398532,1.1719145935295608e-06,1.9338203258260722e-06,-0.09271320496637704,3.889287263203648e-06,3.333524126316941e-06,-0.206696741883237,7.407489837094141e-06,0.0,-0.0,0.0,5.476702883377436e-06,-0.2303870765969002,1.0006672429183302e-05,1.5375528288424536e-05,-0.24321000895345135,1.823989946154506e-05,0.0,-0.0,0.0,2.7715474057882493e-05,-0.28109243420722985,2.9346908904253953e-05,4.139935989059982e-05,-0.2806317774568242,4.321661028749464e-05,0.0,0.0,0.0,3.114355474007682e-05,-0.2890779239832,3.23558280934351e-05,0.0,0.0,0.0,0.0,0.0,0.0,5.7302247480292737e-05,-0.2228739582588485,5.9403928519489595e-05,7.935905546265859e-05,-0.21211315234355801,8.644330518011841e-05,0.0,0.0,0.0,0.0,0.0,0.0,6.732414540263874e-05,-0.18613904907553372,7.097689512090717e-05,0.0,0.0,0.0,0.0,0.0,0.0,0.0,0.0,0.0,0.0,0.0,0.0,0.0,0.0,0.0,0.0,0.0,0.0,0.0,-0.0,0.0,0.0,0.0,0.0,0.0,0.0,0.0,0.0,0.0,0.0,9.978498372438962e-05,-0.2242466368501032,0.00011665754759649937,0.00012687930820250894,-0.25838766860106094,0.00015750414649283958,0.0,-0.0,0.0,0.0,-0.0,0.0,0.0,-0.0,0.0,0.0,0.0,0.0,0.0,0.0,0.0,0.0,-0.0,0.0,0.0,-0.0,0.0,0.0,-0.0,0.0,0.0,-0.0,0.0
4 1 3,0.0,-0.0,0.0,0.0,-0.0,0.0,-0.0,-0.0,0.0,-0.0,-0.0,0.0,0.0,-0.0,0.0,0.0,-0.0,0.0,0.0,-0.0,0.0,0.0,-0.0,0.0,0.0,-0.0,0.0,-0.0,-0.0,0.0,3.1170837562177715e-06,-0.028523917101154355,7.71409859639299e-06,3.647306095166695e-06,-0.2319007744027138,1.686868941601691e-05,2.0973155159275183e-06,-0.0929389069006025,1.1959932954761706e-05,2.4623436374006507e-06,-0.15449599131378147,1.4353362825515652e-05,5.373472050230502e-06,-0.31292505599355325,1.918740709868554e-05,3.6992182139950367e-06,-0.01758908658712787,5.889338904528138e-06,2.4369331041490165e-06,-0.05176174060951891,9.754855765440483e-06,3.88197892272928e-06,-0.01410546309517399,4.362806827205514e-06,3.6021774147029027e-06,-0.015127713327463321,3.164109256792741e-06,3.5117857884956873e-07,-0.01652924560087368,4.5832717862307525e-07,7.302207916675115e-07,-0.02009860643148351,7.206003537035925e-07,-0.0,0.0,0.0,2.1218454079446686e-06,-0.021035737992772485,1.5882985612337469e-06,1.3305868733473618e-06,-0.0217995244458635,1.0882814026542748e-06,2.9534667058887743e-06,-0.01825017686542431,2.2605494134507712e-06,1.4849644367745687e-07,-0.012272013194871558,2.801691819720297e-07,0.0,-0.0,0.0,0.0,-0.0,0.0,-0.0,-0.0,0.0,0.0,-0.0,0.0,0.0,-0.0,0.0,0.0,-0.0,0.0,0.0,-0.0,0.0,2.488975118490894e-08,-0.005123678285198693,1.0240003828888038e-07,7.328456325782366e-09,-0.0029186662410514257,3.51079383250284e-08,1.8731337575780617e-08,-0.009200649910450888,1.6289790408043295e-07,1.023859853568286e-08,-0.020065354758970748,3.2200147115649435e-07,0.0,-0.0,0.0,1.099847541598863e-07,-0.022079362446327574,4.4128158389006303e-07,5.162406471256392e-07,-0.02631975386913472,7.323382298307671e-07,0.0,-0.0,0.0,1.0438709808509154e-06,-0.032576628879421365,1.0777657592835875e-06,1.8046621271731888e-06,-0.031646457344969556,1.435185572527155e-06,0.0,0.0,0.0,1.2085423170360449e-06,-0.033577268260561205,1.1640316464900977e-06,0.0,0.0,0.0,0.0,0.0,0.0,2.799018194446987e-06,-0.023558563013927506,1.889229427308208e-06,4.066565295430505e-06,-0.018814789230202078,2.495524553251427e-06,0.0,0.0,0.0,0.0,0.0,0.0,3.4178397181320537e-06,-0.018124003141707673,2.1356583924709596e-06,0.0,0.0,0.0,0.0,0.0,0.0,0.0,0.0,0.0,0.0,0.0,0.0,0.0,0.0,0.0,0.0,0.0,0.0,-0.0,0.0,0.0,0.0,0.0,0.0,0.0,0.0,0.0,0.0,0.0,0.0,5.165864073038472e-06,-0.013386549144488787,3.186461932190383e-06,6.59834640433153e-06,-0.006010729068279742,4.08137487782216e-06,0.0,-0.0,0.0,0.0,-0.0,0.0,-0.0,0.0,0.0,-0.0,0.0,0.0,0.0,-0.0,0.0,0.0,-0.0,0.0,0.0,-0.0,0.0,0.0,-0.0,0.0,0.0,-0.0,0.0
4 2 -3,0.0,-0.0,0.0,0.0,-0.0,0.0,0.0,-0.0,0.0,0.0,-0.0,0.0,0.0,-0.0,0.0,0.0,-0.0,0.0,0.0,-0.0,0.0,0.0,-0.0,0.0,0.0,-0.0,0.0,0.0,-0.0,0.0,3.1188088722316463e-06,0.003040323551658076,2.377903966491267e-06,-1.1523262636484307e-06,0.133143473846546,3.5904953894504105e-06,1.5426482810677067e-06,0.04520507345532554,3.190894804384441e-06,2.525137873114981e-07,0.08451271743204607,3.448135151467955e-06,-2.5556147206353185e-06,0.1834113154971693,3.612956665385204e-06,3.105453199548828e-06,-0.003944381947618581,1.8739942533212044e-06,2.560882005446152e-06,0.01838897275853887,2.8290520102155863e-06,2.6197239646738352e-06,-0.005900906461514958,1.3745461249970708e-06,1.9387622512272496e-06,-0.005538698069750263,9.39621617853458e-07,1.7181676908812903e-07,-0.0010843565011557901,7.887299735673306e-08,2.957137548023144e-07,-0.001746467561023994,1.3435540990010953e-07,0.0,-0.0,0.0,8.303269733882409e-07,-0.0035080729232542414,3.7554255981755504e-07,5.027381269137062e-07,-0.002575327808095999,2.2652658076292865e-07,1.3094165624449043e-06,-0.0045290121218387195,6.062116447587541e-07,9.911686405676628e-08,-0.0006388328853778542,4.599716186421638e-08,0.0,-0.0,0.0,0.0,-0.0,0.0,0.0,-0.0,0.0,0.0,-0.0,0.0,0.0,-0.0,0.0,0.0,-0.0,0.0,0.0,-0.0,0.0,2.822520060057135e-08,-0.00018834823262151655,1.6143083099690988e-08,5.782715623853082e-09,-0.00018631786985576438,5.501406669394096e-09,5.5024060580333695e-08,-0.00034690659494768786,2.6024270949352584e-08,1.2318361812058122e-07,-0.0007979811396021042,5.1752475113771886e-08,0.0,-0.0,0.0,1.627977501917629e-07,-0.000850319633462685,7.046211620508524e-08,2.5091381131546426e-07,-0.0012492604517031184,1.1725557058384242e-07,0.0,-0.0,0.0,3.6744702359940967e-07,-0.00274956111047224,1.768534054804426e-07,6.146020098492006e-07,-0.004236542401278397,2.7541148115000596e-07,0.0,0.0,0.0,4.1184854712111575e-07,-0.003202070981543805,1.9672888015573304e-07,0.0,0.0,0.0,0.0,0.0,0.0,9.035149136295053e-07,-0.005425633378721903,3.9650514913591515e-07,1.3840304608702253e-06,-0.004714908070009453,6.088746927537091e-07,0.0,0.0,0.0,0.0,0.0,0.0,1.1086011859789243e-06,-0.004895465633728746,4.862409606903129e-07,0.0,0.0,0.0,0.0,0.0,0.0,0.0,0.0,0.0,0.0,0.0,0.0,0.0,0.0,0.0,0.0,0.0,0.0,0.0,-0.0,0.0,0.0,0.0,0.0,0.0,0.0,0.0,0.0,0.0,0.0,1.9502533682219307e-06,-0.005179914345105295,8.667082610672005e-07,2.7464075889013664e-06,-0.007040483983888328,1.2150446384426763e-06,0.0,-0.0,0.0,0.0,-0.0,0.0,0.0,0.0,0.0,0.0,0.0,0.0,-0.0,0.0,0.0,0.0,0.0,0.0,0.0,0.0,0.0,0.0,0.0,0.0,0.0,0.0,0.0
4 2 -2,0.0,-0.0,0.0,0.0,-0.0,0.0,0.0,-0.0,0.0,0.0,-0.0,0.0,0.0,-0.0,0.0,0.0,-0.0,0.0,0.0,-0.0,0.0,0.0,-0.0,0.0,0.0,-0.0,0.0,0.0,-0.0,0.0,0.00023923434500701727,-0.19488438536474767,0.00018142756587290903,0.0003225043897645921,1.17565666237399,0.0003748866983819743,0.0002868716173939284,0.23999179448065389,0.00028067923951660104,0.0003040632842043461,0.6575954268827062,0.00032982344138125775,0.0003391456919114406,1.710782013066729,0.00041128200079448905,0.00020129970186916413,-0.2469564050162063,0.00013495780039741133,0.0002673004096601031,-0.04170437636594736,0.00023066334710699607,0.00015866026079658312,-0.2328810124905766,9.400815609845812e-05,0.00011901639098514739,-0.19017473774381555,6.104527715796832e-05,1.870415753105819e-05,-0.04682562495003452,3.4169534189495848e-06,2.879804965904007e-05,-0.0648535714852085,6.270062748606312e-06,0.0,-0.0,0.0,6.185382152254465e-05,-0.11247495522790266,2.1232985243154523e-05,4.2843879769839834e-05,-0.08627878559918903,1.164392327280821e-05,8.679793165568579e-05,-0.1466855151118513,3.706901622852935e-05,1.1640300101004553e-05,-0.0323318485804971,1.9241925946753162e-06,0.0,-0.0,0.0,0.0,-0.0,0.0,0.0,-0.0,0.0,0.0,-0.0,0.0,0.0,-0.0,0.0,0.0,-0.0,0.0,0.0,-0.0,0.0,3.5198089430827637e-06,-0.011652812956213785,7.636169568034722e-07,1.147376993485605e-06,-0.008374959824001101,2.953128799043392e-07,6.7590287858127185e-06,-0.021792547776762122,1.1220468360090887e-06,1.520805166371309e-05,-0.05102811188131328,2.056862167201361e-06,0.0,-0.0,0.0,1.968921100165595e-05,-0.05724654960845274,2.7579560052475755e-06,3.08888210640023e-05,-0.06265339362823404,4.631402048943149e-06,0.0,-0.0,0.0,4.1365364019447535e-05,-0.09230337863680566,7.2391427832554005e-06,5.712313239692497e-05,-0.12210795784353856,1.2859479547959089e-05,0.0,0.0,0.0,4.438744202963671e-05,-0.10171607632892062,8.298289992041728e-06,0.0,0.0,0.0,0.0,0.0,0.0,7.26305303660686e-05,-0.1419767498711689,1.993369350453014e-05,9.519155191422166e-05,-0.14217123431883238,3.515613620861708e-05,0.0,0.0,0.0,0.0,0.0,0.0,8.223811567574061e-05,-0.13391672000615262,2.6218958478410754e-05,0.0,0.0,0.0,0.0,0.0,0.0,0.0,0.0,0.0,0.0,0.0,0.0,0.0,0.0,0.0,0.0,0.0,0.0,0.0,-0.0,0.0,0.0,0.0,0.0,0.0,0.0,0.0,0.0,0.0,0.0,0.00012429490238646674,-0.17179011623755402,5.419341576077962e-05,0.00016529878590415602,-0.23570474690733662,8.007625338217e-05,0.0,-0.0,0.0,0.0,-0.0,0.0,0.0,-0.0,0.0,0.0,0.0,0.0,0.0,0.0,0.0,0.0,-0.0,0.0,0.0,-0.0,0.0,0.0,0.0,0.0,0.0,0.0,0.0
4 2 -1,0.0,-0.0,0.0,0.0,-0.0,0.0,0.0,-0.0,0.0,0.0,-0.0,0.0,0.0,-0.0,0.0,0.0,-0.0,0.0,0.0,-0.0,0.0,0.0,-0.0,0.0,0.0,-0.0,0.0,0.0,-0.0,0.0,0.0006385841218362293,-1.1969321829723099,0.0001310123779791318,0.0009567862047693355,0.12464775325052246,0.00030841846267160304,0.0008270534819436338,-0.8649238117069168,0.0002142475282346468,0.0009006077562776973,-0.4230545049502031,0.0002614680581406732,0.0009850120457668005,0.6716681683211865,0.0003494277480560823,0.0005225340548367602,-1.0970647421637965,9.589158409851258e-05,0.0007405223617794525,-1.1288902023512695,0.0001704521889126722,0.0004024542434428419,-0.8928966459820928,6.557723337846015e-05,0.0002943590881797803,-0.6663524539142301,4.113794983297945e-05,4.8321788836965164e-05,-0.14719989255585103,1.5792965894712875e-06,7.198575323633027e-05,-0.19682750127638055,2.7887131204631473e-06,0.0,-0.0,0.0,0.00014785822846244482,-0.34711816730728645,1.1996894982030033e-05,0.0001038514743810993,-0.2592061104375747,5.722140459640276e-06,0.00020949778633555697,-0.4787821786205823,2.3372435605181635e-05,3.093251600382299e-05,-0.10552125484642616,1.0588344539788316e-06,0.0,-0.0,0.0,0.0,-0.0,0.0,0.0,-0.0,0.0,0.0,-0.0,0.0,0.0,-0.0,0.0,0.0,-0.0,0.0,0.0,-0.0,0.0,1.053870670818833e-05,-0.04082466370928803,7.562989647632795e-07,4.232307242602013e-06,-0.025661847509723654,3.3009549312760894e-07,1.9068410653140437e-05,-0.07541443968124076,9.563436778637157e-07,4.075776904982758e-05,-0.1751105562683641,1.4639022664842234e-06,0.0,-0.0,0.0,5.135738296890644e-05,-0.19588908003856184,1.629462236054808e-06,8.005621399318857e-05,-0.20409056614724347,1.7316593092886095e-06,0.0,-0.0,0.0,0.00010866626509756709,-0.2657256399494834,2.1338832296524306e-06,0.0001382287105218078,-0.33156296696388227,4.248771913784878e-06,0.0,0.0,0.0,0.00011581459417006987,-0.28614136724670014,2.526565215582779e-06,0.0,0.0,0.0,0.0,0.0,0.0,0.0001634496920743249,-0.37231485668166514,7.691945320448867e-06,0.00021236887612160202,-0.4491094991250057,1.9321773104338912e-05,0.0,0.0,0.0,0.0,0.0,0.0,0.00018190376878591071,-0.3774539451187188,1.1926719248315853e-05,0.0,0.0,0.0,0.0,0.0,0.0,0.0,0.0,0.0,0.0,0.0,0.0,0.0,0.0,0.0,0.0,0.0,0.0,0.0,-0.0,0.0,0.0,0.0,0.0,0.0,0.0,0.0,0.0,0.0,0.0,0.00028738224684944776,-0.6016771748174929,3.544918496299274e-05,0.0003916151644493408,-0.8519614929407104,5.73548518748174e-05,0.0,-0.0,0.0,0.0,-0.0,0.0,0.0,-0.0,0.0,0.0,0.0,0.0,0.0,-0.0,0.0,0.0,-0.0,0.0,0.0,-0.0,0.0,0.0,-0.0,0.0,0.0,-0.0,0.0
4 2 1,0.0,-0.0,0.0,0.0,-0.0,0.0,0.0,-0.0,0.0,0.0,-0.0,0.0,0.0,-0.0,0.0,0.0,-0.0,0.0,0.0,-0.0,0.0,0.0,-0.0,0.0,0.0,-0.0,0.0,0.0,-0.0,0.0,0.0010226728968110196,-1.0100291184500851,0.00010939108834461569,0.0020053201679042687,-0.3975873435482701,0.00022675309393771533,0.0015206571518156082,-0.8555842862961092,0.00016292899389087665,0.0017771946913799235,-0.6369192397762752,0.00019400283487434842,0.002178507216263194,-0.19246579072261782,0.0002570893558811559,0.0007988769847507715,-0.9132075570195513,8.527326331434984e-05,0.0012639320434756141,-0.991973848645562,0.0001349749154463478,0.0005929471035608382,-0.7436502585594886,6.267325177635937e-05,0.00041501617772686663,-0.5638586940448671,4.268236496923826e-05,4.7653109493138514e-05,-0.15847482927514683,2.62773253353592e-06,7.533992930789829e-05,-0.203453030774159,4.6124684123338975e-06,0.0,-0.0,0.0,0.0001806549175634027,-0.3205433612334384,1.5436055079663177e-05,0.00011685418775409858,-0.2539026512809263,8.454682689068636e-06,0.0002772502808762875,-0.41964302795902836,2.6710716330175695e-05,2.9046230304572663e-05,-0.11650645282738187,1.588833205667744e-06,0.0,-0.0,0.0,0.0,-0.0,0.0,0.0,-0.0,0.0,0.0,-0.0,0.0,0.0,-0.0,0.0,0.0,-0.0,0.0,0.0,-0.0,0.0,9.482038849912814e-06,-0.046638303220211036,8.471364391974136e-07,4.001641327516942e-06,-0.027722992856931517,3.658499793325747e-07,1.6311479870331954e-05,-0.08599063138576259,1.099748624429927e-06,3.392145768197011e-05,-0.19771800482871282,1.7701484735014024e-06,0.0,-0.0,0.0,4.498892843036262e-05,-0.2197319268034887,2.239478684070928e-06,7.945530177940369e-05,-0.22818496620385972,3.465698579861155e-06,0.0,-0.0,0.0,0.00011363723512892422,-0.27959176382246126,5.451068180571439e-06,0.00014816791218369717,-0.32094097694035134,8.671239334353392e-06,0.0,0.0,0.0,0.0001224895561740088,-0.2950537589241613,6.042024800943201e-06,0.0,0.0,0.0,0.0,0.0,0.0,0.0001840222849414958,-0.3280823736436074,1.3446654286121523e-05,0.00027008291525360337,-0.3945378617497584,2.54466249851117e-05,0.0,0.0,0.0,0.0,0.0,0.0,0.0002175409510984051,-0.3255609581157591,1.8127977495257918e-05,0.0,0.0,0.0,0.0,0.0,0.0,0.0,0.0,0.0,0.0,0.0,0.0,0.0,0.0,0.0,0.0,0.0,0.0,0.0,-0.0,0.0,0.0,0.0,0.0,0.0,0.0,0.0,0.0,0.0,0.0,0.00039325800728620366,-0.5163639840794131,4.089271354708517e-05,0.0005604916965212013,-0.7084535479232343,6.22926953966372e-05,0.0,-0.0,0.0,0.0,-0.0,0.0,0.0,-0.0,0.0,0.0,0.0,0.0,0.0,0.0,0.0,0.0,-0.0,0.0,0.0,-0.0,0.0,0.0,-0.0,0.0,0.0,-0.0,0.0
4 2 2,0.0,-0.0,0.0,0.0,-0.0,0.0,0.0,-0.0,0.0,0.0,-0.0,0.0,0.0,-0.0,0.0,0.0,-0.0,0.0,0.0,-0.0,0.0,0.0,-0.0,0.0,0.0,-0.0,0.0,0.0,-0.0,0.0,0.0003808813944156131,-0.10321213346476232,0.00016321629869340423,0.0008603251594499902,0.07291600696336949,0.0003412569928925285,0.0005978214755295146,-0.014002367721165122,0.00025256941019152345,0.0007304055737080656,0.03537803846334362,0.00029815255911355573,0.0009754143221221993,0.09389412561500401,0.000377338600357283,0.00030776015912749007,-0.12117733884662872,0.00012223981071127354,0.0004775259236464444,-0.06436429692976382,0.00020719334691269285,0.00024896647500730746,-0.119284120531714,8.637605088317907e-05,0.0001957487010450688,-0.10881946255518406,5.736203900617862e-05,1.7469973051742183e-05,-0.06266781298207906,3.6790802134575784e-06,3.435941494129703e-05,-0.07692107671839817,6.667881463241788e-06,0.0,-0.0,0.0,9.88082476447163e-05,-0.09381930097959774,2.1241979331127314e-05,6.115952745126202e-05,-0.087195815330531,1.2048859250333701e-05,0.00014503814879909097,-0.09984843886468991,3.5865249388403344e-05,8.022012402972287e-06,-0.04674860033002705,2.0602188281534526e-06,0.0,-0.0,0.0,0.0,-0.0,0.0,0.0,-0.0,0.0,0.0,-0.0,0.0,0.0,-0.0,0.0,0.0,-0.0,0.0,0.0,-0.0,0.0,1.3511183289325764e-06,-0.018923643635303456,7.841077492454797e-07,6.227508148794874e-07,-0.010918587286661285,3.0810264357023313e-07,1.4615525896410654e-06,-0.03496603484169168,1.1474949111422137e-06,2.3052351515501997e-06,-0.07915031343160418,2.101966899076339e-06,0.0,-0.0,0.0,7.453276281108324e-06,-0.08746483061957491,2.887759410649184e-06,2.8738735897481924e-05,-0.09552874568329846,5.15481499357094e-06,0.0,-0.0,0.0,5.1629139206043777e-05,-0.1153728226248228,8.245444332960247e-06,8.086471438745622e-05,-0.11792958181493017,1.3909714222730844e-05,0.0,0.0,0.0,5.82382504607779e-05,-0.1195051653055643,9.32077501953432e-06,0.0,0.0,0.0,0.0,0.0,0.0,0.00011845357992515088,-0.09970563630126283,2.0952423579797162e-05,0.00017675583663208318,-0.0952950467983457,3.5451528843003314e-05,0.0,0.0,0.0,0.0,0.0,0.0,0.00014573755188880587,-0.08541428118322845,2.702116242431953e-05,0.0,0.0,0.0,0.0,0.0,0.0,0.0,0.0,0.0,0.0,0.0,0.0,0.0,0.0,0.0,0.0,0.0,0.0,0.0,-0.0,0.0,0.0,0.0,0.0,0.0,0.0,0.0,0.0,0.0,0.0,0.0002387102832578118,-0.10016017904704512,5.294256017472834e-05,0.0003204827425613241,-0.11131037673551177,7.661961934784924e-05,0.0,-0.0,0.0,0.0,-0.0,0.0,0.0,-0.0,0.0,0.0,0.0,0.0,0.0,0.0,0.0,0.0,-0.0,0.0,0.0,-0.0,0.0,0.0,-0.0,0.0,0.0,0.0,0.0
4 2 3,0.0,-0.0,0.0,0.0,-0.0,0.0,-0.0,-0.0,0.0,-0.0,-0.0,0.0,0.0,-0.0,0.0,0.0,-0.0,0.0,0.0,-0.0,0.0,0.0,-0.0,0.0,0.0,-0.0,0.0,-0.0,-0.0,0.0,-1.2727875556173708e-07,-0.009875755571502415,1.7122434945856391e-06,-3.3993137150227328e-06,-0.07284816063797094,3.1363341886653176e-06,-1.7279011947201626e-06,-0.030706524437919363,2.539681863626526e-06,-2.584953766961905e-06,-0.04955702021820839,2.8778547636710897e-06,-4.058555326075693e-06,-0.09708884220203472,3.3028422986077066e-06,5.104365013017366e-07,-0.005792944444193491,1.297352853738182e-06,-8.973935172617393e-07,-0.017671157719168957,2.1409079910679795e-06,9.26848206039818e-07,-0.0039915943298278415,9.347479570886026e-07,1.0806547293967749e-06,-0.0034837373372652984,6.44525145743167e-07,1.222236601594269e-07,-0.002329541201394965,6.366854222218063e-08,2.6485973652864994e-07,-0.0029771699776613243,1.062215129149181e-07,-0.0,0.0,0.0,7.580043828165849e-07,-0.0036198925134525543,2.7654664337549153e-07,4.859230181395746e-07,-0.0034437756991789704,1.73536086289529e-07,9.954092180261803e-07,-0.003540396075623375,4.2863613640394156e-07,4.673226634989254e-08,-0.0016648324650632873,3.754130544568663e-08,0.0,-0.0,0.0,0.0,-0.0,0.0,-0.0,-0.0,0.0,0.0,-0.0,0.0,-0.0,-0.0,0.0,0.0,-0.0,0.0,0.0,-0.0,0.0,5.012280190057789e-09,-0.0006692042830788079,1.3678121689667962e-08,2.025768648886832e-09,-0.0003534524218034025,4.884822967612076e-09,-2.5132099169526942e-09,-0.001204604812089519,2.140656324870291e-08,-1.8806871111321523e-08,-0.0026142443882320233,4.1408527659410076e-08,0.0,-0.0,0.0,1.8411517508793648e-08,-0.0028828985921127695,5.688787689177612e-08,1.831724191571637e-07,-0.0037255291306412057,9.69722315678793e-08,0.0,-0.0,0.0,3.891186966141647e-07,-0.004904289129626998,1.461997249261087e-07,6.815843439479438e-07,-0.005101432198888716,2.1857701240956817e-07,0.0,0.0,0.0,4.526396288110102e-07,-0.0051259720003429664,1.6130415429011932e-07,0.0,0.0,0.0,0.0,0.0,0.0,1.0602635893560272e-06,-0.0043562816599627165,3.040823391758444e-07,1.5122025421704182e-06,-0.003998035456184528,4.522303927847781e-07,0.0,0.0,0.0,0.0,0.0,0.0,1.2900008025995076e-06,-0.003797137744878748,3.6546904614533755e-07,0.0,0.0,0.0,0.0,0.0,0.0,0.0,0.0,0.0,0.0,0.0,0.0,0.0,0.0,0.0,0.0,0.0,0.0,-0.0,0.0,0.0,0.0,0.0,0.0,0.0,0.0,0.0,0.0,0.0,0.0,1.8607210864125085e-06,-0.0034649217268713176,6.237712107089515e-07,2.289131566505442e-06,-0.0026269644049496054,8.462352277818494e-07,0.0,-0.0,0.0,-0.0,-0.0,0.0,-0.0,-0.0,0.0,-0.0,-0.0,0.0,-0.0,-0.0,0.0,-0.0,-0.0,0.0,-0.0,-0.0,0.0,-0.0,-0.0,0.0,-0.0,-0.0,0.0
4 3 -2,0.0,-0.0,0.0,0.0,-0.0,0.0,0.0,-0.0,0.0,0.0,-0.0,0.0,0.0,-0.0,0.0,0.0,-0.0,0.0,0.0,-0.0,0.0,0.0,-0.0,0.0,0.0,-0.0,0.0,0.0,-0.0,0.0,1.960108759889114e-05,-0.0003468732097667668,3.758558905671882e-06,1.8347037364314024e-05,0.11755038257638552,7.769738579213205e-06,2.1750940185497615e-05,0.03840777601403359,5.8020852000703465e-06,2.0678667941973925e-05,0.07377055219114352,6.81920457841755e-06,1.5246786825446026e-05,0.1628581496928813,8.560747123594261e-06,1.672883717421116e-05,-0.006981281892652508,2.790741503675839e-06,2.1373414031985054e-05,0.014013867347795684,4.774092524050293e-06,1.3271236675175288e-05,-0.0085085161955228,1.9292922360118874e-06,9.874268743640284e-06,-0.007506477893866096,1.2324261961330327e-06,1.3425837263495401e-06,-0.0015470217973503526,4.946426758017623e-08,2.1173549265839945e-06,-0.002290137076088439,1.0025344609426857e-07,0.0,-0.0,0.0,4.833259595540736e-06,-0.004393892627399201,3.977207980400837e-07,3.2397244097751834e-06,-0.0032262849459338307,2.0372883268098154e-07,7.019553082060706e-06,-0.005862090253300434,7.27108388671687e-07,8.194612481506213e-07,-0.0010002325934027425,2.5622613754113558e-08,0.0,-0.0,0.0,0.0,-0.0,0.0,0.0,-0.0,0.0,0.0,-0.0,0.0,0.0,-0.0,0.0,0.0,-0.0,0.0,0.0,-0.0,0.0,2.45810941806889e-07,-0.00034396664856814685,1.0024808002500655e-08,8.835339857398303e-08,-0.000230092270875286,3.984002815707298e-09,4.641339895548164e-07,-0.0006360562019117296,1.404422714666586e-08,1.030115984662677e-06,-0.0014608728316512097,2.390143507711902e-08,0.0,-0.0,0.0,1.3364695857344315e-06,-0.0015824399998790415,3.286309908269677e-08,2.1760846656124137e-06,-0.0020685230707911803,6.020493916322484e-08,0.0,-0.0,0.0,3.0615370243582495e-06,-0.003496169380442986,1.0302218482035547e-07,4.2517920902359025e-06,-0.004723081794617873,2.1152771056344374e-07,0.0,0.0,0.0,3.3123471884532864e-06,-0.003896704229735021,1.222818518138399e-07,0.0,0.0,0.0,0.0,0.0,0.0,5.463594204933784e-06,-0.005655559265378291,3.4832458742679894e-07,7.517931911373692e-06,-0.005870641528783296,6.694235146661094e-07,0.0,0.0,0.0,0.0,0.0,0.0,6.360908291133231e-06,-0.005425248900351056,4.815888528902241e-07,0.0,0.0,0.0,0.0,0.0,0.0,0.0,0.0,0.0,0.0,0.0,0.0,0.0,0.0,0.0,0.0,0.0,0.0,0.0,-0.0,0.0,0.0,0.0,0.0,0.0,0.0,0.0,0.0,0.0,0.0,1.0132312958259672e-05,-0.007315343934978236,1.0724117430868044e-06,1.3629022788403056e-05,-0.01009909949935715,1.6229781199296264e-06,0.0,-0.0,0.0,0.0,-0.0,0.0,0.0,0.0,0.0,0.0,0.0,0.0,0.0,0.0,0.0,0.0,-0.0,0.0,0.0,0.0,0.0,0.0,0.0,0.0,0.0,0.0,0.0
4 3 -1,0.0,-0.0,-0.0,0.0,-0.0,-0.0,0.0,-0.0,0.0,0.0,-0.0,0.0,0.0,-0.0,0.0,0.0,-0.0,0.0,0.0,-0.0,0.0,0.0,-0.0,0.0,0.0,-0.0,0.0,0.0,-0.0,0.0,0.00028838494360043865,-0.07819219652120053,6.196731403469015e-06,0.00041026096677786406,0.37759692597257566,1.5905258769625374e-05,0.00036194727851681854,0.07001201569391861,1.0401999314155898e-05,0.000389388149542909,0.20708110451076844,1.305641293187392e-05,0.00042166156525410496,0.5553505034654929,1.8566226571043392e-05,0.00023963347723903155,-0.09708183338877724,4.504127050973491e-06,0.00032883895945048724,-0.024380218632412253,8.128208273127107e-06,0.00018563800571367542,-0.09030102649107909,3.0222482396157902e-06,0.0001340759668515152,-0.07122846711680936,1.8093041776575781e-06,1.7078671597804677e-05,-0.013457446498979304,3.097028123998906e-08,2.6713071971040936e-05,-0.018884675781237977,4.689605447140423e-08,0.0,-0.0,0.0,6.168566191944603e-05,-0.03649722313817462,3.9727256311004815e-07,4.081416629449922e-05,-0.02612372307944969,1.3663264707616207e-07,9.212648577333325e-05,-0.05157099906632836,9.328762402911915e-07,1.0509353068886118e-05,-0.009266803941734288,3.1730094315618304e-08,0.0,-0.0,-0.0,0.0,-0.0,0.0,0.0,-0.0,0.0,0.0,-0.0,-0.0,0.0,-0.0,0.0,0.0,-0.0,0.0,0.0,-0.0,0.0,3.186341336631234e-06,-0.0034363110104806984,3.695756419261797e-08,1.1798100335749804e-06,-0.0021280199780832243,1.4219808812610835e-08,6.034933953486349e-06,-0.006382877625593693,4.6792540900009226e-08,1.3358473827762121e-05,-0.014954977303161204,6.643760906451805e-08,0.0,-0.0,0.0,1.720005382331791e-05,-0.016212215717346008,6.409430842681015e-08,2.7770471378599504e-05,-0.018386554294775308,1.2547413909872074e-08,0.0,-0.0,0.0,3.912942032954995e-05,-0.02661443647651463,-3.7799210322324234e-08,5.261871195127809e-05,-0.034088142946369075,-4.134145914652317e-08,0.0,0.0,0.0,4.221179273840849e-05,-0.029020760843350618,-4.287660993239856e-08,0.0,0.0,0.0,0.0,0.0,0.0,6.637512852731737e-05,-0.039957969329147344,2.8727955987138288e-08,9.311040401710174e-05,-0.04918147870922502,5.811445422392091e-07,0.0,0.0,0.0,0.0,0.0,0.0,7.771988194513393e-05,-0.04084891680131525,2.029362679830474e-07,0.0,0.0,0.0,0.0,0.0,0.0,0.0,0.0,0.0,0.0,0.0,0.0,0.0,0.0,0.0,0.0,0.0,0.0,0.0,-0.0,0.0,0.0,0.0,0.0,0.0,0.0,0.0,0.0,0.0,0.0,0.00012965950305925515,-0.06754358800358248,1.4386796351932995e-06,0.00017864956004120684,-0.096731326133322,2.622730052255125e-06,0.0,-0.0,0.0,0.0,-0.0,0.0,0.0,-0.0,0.0,0.0,0.0,0.0,0.0,0.0,0.0,0.0,-0.0,0.0,0.0,-0.0,0.0,0.0,0.0,0.0,0.0,0.0,0.0
4 3 1,0.0,-0.0,-0.0,0.0,-0.0,-0.0,0.0,-0.0,0.0,0.0,-0.0,0.0,0.0,-0.0,0.0,0.0,-0.0,0.0,0.0,-0.0,0.0,0.0,-0.0,0.0,0.0,-0.0,0.0,0.0,-0.0,0.0,0.00034894199798715826,-0.06264757648291641,4.341326589176271e-06,0.000572352817222616,0.2168509690812432,1.0003932989356878e-05,0.0004714044337324844,0.03810093674540526,6.597496888855644e-06,0.0005263569940328923,0.12038854060032007,8.154226195646418e-06,0.0006041428251768238,0.3132607833208032,1.1871220635548379e-05,0.0002814826885336436,-0.07872980598468952,3.3527211766726567e-06,0.0004119654643527886,-0.02353841524052084,5.374670115553975e-06,0.00021171555619841937,-0.07551015221109404,2.377702478597263e-06,0.0001474268105941838,-0.06209212109694069,1.4945875916355574e-06,1.577551449534693e-05,-0.015009919606872374,5.571081340613978e-08,2.499695386680117e-05,-0.02033742259047921,7.595397628052566e-08,0.0,-0.0,0.0,6.166116059118577e-05,-0.03554005635662961,3.7403011725899305e-07,3.9175528454803e-05,-0.026867945828393743,1.5559887815632128e-07,9.672945138815812e-05,-0.04738956328307619,8.102820034175832e-07,9.638866689544119e-06,-0.010571495652880217,4.858263780930137e-08,0.0,-0.0,-0.0,0.0,-0.0,0.0,0.0,-0.0,0.0,0.0,-0.0,0.0,0.0,-0.0,0.0,0.0,-0.0,0.0,0.0,-0.0,0.0,2.928652968856707e-06,-0.0040567288941624115,4.182297381147808e-08,1.1008355429820317e-06,-0.0023395069638539414,1.5600294029197393e-08,5.462405520975877e-06,-0.007505760541589459,5.671838928652233e-08,1.1988966908117235e-05,-0.017342615795354694,8.94554069284273e-08,0.0,-0.0,0.0,1.5594787456915433e-05,-0.01882821599052945,9.391844989262035e-08,2.576227900918499e-05,-0.021468678174765873,5.802927313232009e-08,0.0,-0.0,0.0,3.643945536546039e-05,-0.02916082445501949,2.9720535064233916e-08,4.8687322775270396e-05,-0.03500780760645155,1.7814461754742998e-08,0.0,0.0,0.0,3.935762552020255e-05,-0.031245203716904084,2.308266148045541e-08,0.0,0.0,0.0,0.0,0.0,0.0,6.173847448314479e-05,-0.03835677753013214,7.149296548663632e-08,9.216432618990616e-05,-0.04729738877251922,5.278716641742096e-07,0.0,0.0,0.0,0.0,0.0,0.0,7.413385919525942e-05,-0.03899083041381875,2.1027415617336512e-07,0.0,0.0,0.0,0.0,0.0,0.0,0.0,0.0,0.0,0.0,0.0,0.0,0.0,0.0,0.0,0.0,0.0,0.0,0.0,-0.0,0.0,0.0,0.0,0.0,0.0,0.0,0.0,0.0,0.0,0.0,0.00013529501560446502,-0.06266025735525979,1.2399702136752856e-06,0.00019313363878641402,-0.08565196250000556,2.2490813723333667e-06,0.0,-0.0,0.0,0.0,-0.0,0.0,0.0,-0.0,0.0,0.0,0.0,0.0,0.0,0.0,0.0,0.0,-0.0,0.0,0.0,-0.0,0.0,0.0,0.0,0.0,0.0,0.0,0.0
4 3 2,0.0,-0.0,0.0,0.0,-0.0,0.0,0.0,-0.0,0.0,0.0,-0.0,0.0,0.0,-0.0,0.0,0.0,-0.0,0.0,0.0,-0.0,0.0,0.0,-0.0,0.0,0.0,-0.0,0.0,0.0,-0.0,0.0,2.0120178077087832e-05,-0.0047577593770038945,3.0625725533267586e-06,2.9836160621404903e-05,-0.006137125559268334,6.368613576215817e-06,2.6364575892454466e-05,-0.0028427692181304835,4.732688855848527e-06,2.860337713228181e-05,-0.003657552381257705,5.571207252225258e-06,3.0131380243915883e-05,-0.010014063973536524,7.044463850483523e-06,1.6656139978753108e-05,-0.005793779190064206,2.274913505332868e-06,2.3414229876366856e-05,-0.003444032937182291,3.8921491471102e-06,1.3095189078842692e-05,-0.006011640262287881,1.5789289405095077e-06,9.673820680743468e-06,-0.005620110912589091,1.0181282287283695e-06,9.89055354334091e-07,-0.002213957776226915,4.802821570877065e-08,1.688966746591566e-06,-0.0029528220330280524,9.285927962423075e-08,0.0,-0.0,0.0,4.425528640752877e-06,-0.004373354881625618,3.415159000527972e-07,2.783808525617114e-06,-0.0036854231232331973,1.8077250543417602e-07,6.723133182161764e-06,-0.005019897166365708,6.101093835000973e-07,5.577098156145414e-07,-0.001548086608436621,2.587542835006577e-08,0.0,-0.0,0.0,0.0,-0.0,0.0,0.0,-0.0,0.0,0.0,-0.0,0.0,0.0,-0.0,0.0,0.0,-0.0,0.0,0.0,-0.0,0.0,1.5841508233304985e-07,-0.000599981124271794,1.0326945616064997e-08,6.361968798926681e-08,-0.0003173937360449622,4.192798239637027e-09,2.6517210308211226e-07,-0.0010952145516344462,1.4673292554806376e-08,5.48929041802701e-07,-0.0024331122393853,2.53701369304691e-08,0.0,-0.0,0.0,7.943664813984524e-07,-0.0026686373120083573,3.441427644769478e-08,1.613246608011564e-06,-0.00338969088006772,6.169750974192612e-08,0.0,-0.0,0.0,2.482364015560147e-06,-0.004634917325350058,1.0271858891054432e-07,3.533073445893544e-06,-0.005226089622383397,1.9474192765006008e-07,0.0,0.0,0.0,2.728424118657516e-06,-0.0049158483232916205,1.1925198173338677e-07,0.0,0.0,0.0,0.0,0.0,0.0,4.77438254595839e-06,-0.00517612771637488,3.0855202039731707e-07,7.216044838387213e-06,-0.005537446545790385,5.726788438156985e-07,0.0,0.0,0.0,0.0,0.0,0.0,5.823384483848125e-06,-0.004947742770404291,4.1811247851463146e-07,0.0,0.0,0.0,0.0,0.0,0.0,0.0,0.0,0.0,0.0,0.0,0.0,0.0,0.0,0.0,0.0,0.0,0.0,0.0,0.0,0.0,0.0,0.0,0.0,0.0,0.0,0.0,0.0,0.0,0.0,1.0248235801696957e-05,-0.006211749173271281,8.989185340570924e-07,1.4203526629829105e-05,-0.007145238612074394,1.344830436212391e-06,0.0,-0.0,0.0,0.0,-0.0,0.0,0.0,0.0,0.0,0.0,0.0,0.0,0.0,0.0,0.0,0.0,-0.0,0.0,0.0,-0.0,0.0,0.0,-0.0,0.0,0.0,0.0,0.0
