a1,a2,a3,a4,a13,a14,a23,a24,a41,a42,a31,a32,b1,b2,b3,b4,b13,b14,b23,b24,b31,b32,b41,b42,c1,c2,c3,c4,c13,c14,c23,c24,c31,c32,c41,c42,d1,d2,d3,d4,d13,d14,d23,d24,d31,d32,d41,d42,e1,e2,e3,e4,e13,e14,e23,e24,e31,e32,e41,e42,f1,f2,f3,f4,f31,f41,f42,f32,f13,f23,f24,f14,x1,x2,x3,x4,x13,x14,x23,x24,x31,x32,x41,x42,y1,y2,y3,y4,y13,y14,y23,y24,y31,y32,y41,y42
-1.321617073129031,-2.035277293409107,2.625615840615538,-0.48544665429521894,2.6101305128779586,-0.345698109420679,2.5491316154355754,-0.5030443556278936,-1.049039532225077,-2.070377330500626,-1.0630116534350216,-2.1252379960386234,-3.6614187843458734,-2.073110446463172,-0.5254738126599259,-0.8449528180999177,-1.196799567264709,1.4527710365480475,-0.6559254117012969,-0.26320944818516434,-2.593365533249559,-1.1749527433427656,-3.002060386026595,-1.788446135838604,0.11210339845225237,-0.42261865096972073,1.7053597528085036,3.6062451358173426,2.598721682109421,4.137801398601129,2.1657315209420287,3.8533010177597937,1.5025166739651428,0.057290924519219466,0.5785557116741868,0.32442357187553084,-1.3633963985745616,-0.24654247444888844,3.695901154268098,5.111526318679692,3.7083340302331234,4.8276298305005625,3.968227919634149,5.159051038455777,-1.8569137097059654,0.270993566430334,-1.0570816910921448,-0.0052699849665946985,2.1640777271721223,-2.0801461253357596,1.5981117338808772,-0.1662712593272544,2.029608623665993,3.4726781237496045,2.2923521461044407,4.569830424330215,3.010530226960774,1.768883875172663,2.488974362022237,1.205722583375159,-2.0275942710783745,1.2247972489417442,0.743187111946678,-0.6876271793204181,-0.7924357102382387,-1.4259009248334484,1.2479799938165415,1.6942149116670988,0.4977978614924412,0.3196126501516843,2.3115500630546286,-0.2714669167624706,-1.1165220976773116,-1.1165220976773116,-1.1165220976773116,-1.1165220976773116,-0.747001754066452,-0.6307428053395039,-0.6307428053395039,-0.747001754066452,-0.747001754066452,-0.6307428053395039,-0.6307428053395039,-0.747001754066452,-1.0718258541298413,-1.0718258541298413,-1.0718258541298413,-1.0718258541298413,-0.5047666665019759,-0.4924749372652657,-0.4924749372652657,-0.5047666665019759,-0.5047666665019759,-0.4924749372652657,-0.4924749372652657,-0.5047666665019759
-1.4337678033436991,-2.007097499077688,2.5311319075580565,-0.5375417826029949,2.521469230223021,-0.3764394413374692,2.4655784887373873,-0.5492562345013017,-1.1368081380653283,-2.053247754831385,-1.1728589103175224,-2.0901906427319767,-3.3961645123572337,-2.088482295552489,-0.23012860996326268,-0.8142095607027713,-1.3877206718006088,1.5860654609728417,-0.48497952437999636,-0.274783538582815,-2.3964099224099584,-1.100342593585225,-2.8772562776096606,-1.6378343641125017,0.3454215813819763,-0.292908914949221,1.6742666961445414,3.8432068733565696,2.6435803611488566,4.344771665573246,2.1928066359168215,4.049406491720854,1.6336961586470142,0.3280158549025627,0.759967342657573,0.6549453438488193,-1.2430561418673012,0.03202844835542873,3.777890888621826,4.926319273772057,3.8072241019117623,4.653207657075454,4.06029624938359,4.989427864135095,-1.6560324633350083,0.567275685917469,-0.9219355921343286,0.24816427033984922,2.0997883931668504,-1.8422592839820915,1.5789723833253095,-0.1817097543032986,2.241709569835651,3.5883962154178057,2.408560859833333,4.4243006190072744,3.1258709417759984,2.1216558943786428,2.5441728919253537,1.2970773581329134,-2.0411373526772807,1.2923302984595164,0.8476155554087619,-0.695772089020414,-0.7654402964687135,-1.3661156065416389,1.1617778687421412,1.7985986110507595,0.6031220398134778,0.4325120991440201,2.191801430910381,-0.2925269589242321,-1.1287552515098813,-1.1287552515098813,-1.1287552515098813,-1.1287552515098813,-0.6795067041026925,-0.5782287681071079,-0.5782287681071079,-0.6795067041026925,-0.6795067041026925,-0.5782287681071079,-0.5782287681071079,-0.6795067041026925,-1.0749088258622441,-1.0749088258622441,-1.0749088258622441,-1.0749088258622441,-0.5211836581247695,-0.5067165194762602,-0.5067165194762602,-0.5211836581247695,-0.5211836581247695,-0.5067165194762602,-0.5067165194762602,-0.5211836581247695
-1.1815999241353334,-1.563906885101678,2.505354317589136,-0.47279750369342555,2.508075846052513,-0.329577276146221,2.4647354387218856,-0.47626763096967295,-0.9232677684034285,-1.5240260195618127,-0.9449808966994726,-1.5841030617431255,-3.2630590877894754,-1.864377521519768,-0.31703956557092905,-0.6544133648081258,-1.3349082527085807,2.126639612255479,-0.47102752224349853,-0.21753433133661915,-2.05922764493189,-1.026149487912674,-2.64029235918623,-1.471466463674317,0.23876103101022927,-0.3659514769812038,2.0607075947553355,3.7057091064039795,3.0324074239207413,4.263782545315891,2.608035528823744,3.9752883513531287,1.5693689203247807,0.3495795530434318,0.5265068669047972,0.5452199919514715,-1.0527907599953577,0.22377481960646506,3.3896476009232295,5.024561867163849,3.3044743706992996,4.7302895505140725,3.6243102929996223,5.1150437316962325,-1.5508350384146978,0.7459769045377467,-0.7490501164489962,0.46071907759839803,2.3425005117535047,-1.9151345752207636,1.532144650676928,-0.21081944275783826,2.149097973763493,3.193698647902666,2.077018112079946,4.286604426108553,3.3096239955863593,1.5947391836442897,2.5554087637680265,1.2377459767341197,-2.111467810305813,1.1506938998128202,0.395817469535964,-0.676926793764363,-0.8756215269506278,-1.6368546513164581,1.1301829659063998,1.743528641324077,0.27194855442449395,0.20646934510421389,2.178380704872339,-0.24724324206557569,-1.0870515446134652,-1.0870515446134652,-1.0870515446134652,-1.0870515446134652,-0.6302662623713351,-0.5464468022577673,-0.5464468022577673,-0.6302662623713351,-0.6302662623713351,-0.5464468022577673,-0.5464468022577673,-0.6302662623713351,-1.102164327551328,-1.102164327551328,-1.102164327551328,-1.102164327551328,-0.5259975450003997,-0.5184436838093336,-0.5184436838093336,-0.5259975450003997,-0.5259975450003997,-0.5184436838093336,-0.5184436838093336,-0.5259975450003997
-1.4938031603772863,-1.9212822459108776,2.456187792089545,-0.41151156126546073,2.4337331367099155,-0.24555101222334752,2.387038466628817,-0.4131515082047166,-1.2166309946208358,-1.9614577440386949,-1.249841380678653,-2.000602152543692,-2.8753767070152576,-1.9791447691183057,-0.3090823329831869,-0.8577007986941725,-1.0738210974732896,1.2540333384069706,-0.48435170356031065,-0.3532666947817775,-1.8196735599933298,-1.0031345494322474,-2.389227012621846,-1.5809116379180272,0.5191504639147837,-0.10598784856551369,1.8802433981235733,3.721187876143614,2.845227050742511,4.293372785017861,2.4142720923766126,3.972312119746303,1.3818416032607788,0.4387878938117096,0.7562585523591254,0.7971741404551738,-1.2895748254508952,0.11985273163549781,3.715988921336348,4.768336664894924,3.6932714865368643,4.469237803523579,3.9804478215693218,4.818539735550693,-1.6572917704522072,0.6090920515849358,-0.9689448627913126,0.3529925614823304,2.1016057406386714,-1.6296784561769742,1.6198240765229839,-0.0009088020743135417,2.257633515723323,3.452564181559919,2.42569205716166,4.285292981560139,3.006063688276801,1.8997450467061023,2.4663418581667997,1.1566770175895602,-2.0494550569090464,1.621484422851526,0.7051113144118082,-0.5532167203396652,-0.7586454549554622,-1.364207426018389,1.483212332429174,2.2260032998558463,0.534317461028178,0.35440063793549736,2.1802730124034477,-0.19087688938547753,-1.1117852318142623,-1.1117852318142623,-1.1117852318142623,-1.1117852318142623,-0.6995809941201694,-0.5945066977294893,-0.5945066977294893,-0.6995809941201694,-0.6995809941201694,-0.5945066977294893,-0.5945066977294893,-0.6995809941201694,-1.076722936459614,-1.076722936459614,-1.076722936459614,-1.076722936459614,-0.5435486352896097,-0.5264422043592534,-0.5264422043592534,-0.5435486352896097,-0.5435486352896097,-0.5264422043592534,-0.5264422043592534,-0.5435486352896097
-1.6684887098265273,-1.5342286741924447,2.353954407174087,-0.29161631770689134,2.3134966117594153,-0.12026533126745687,2.260749224745286,-0.30808998796024767,-1.3878659726992502,-1.6493360054789141,-1.4607746260355068,-1.6735891571027182,-3.070002518281445,-2.010948986152777,-0.1991088081964616,-0.823385296441586,-1.1099745402668022,1.7509956749513735,-0.3548544207482376,-0.32869545077140927,-2.0386614010223774,-1.2017221659008004,-2.6909653246860668,-1.6564560424702153,0.4924172469844823,0.06294154496650606,1.8596666122322993,3.6700203199348973,2.90560943265646,4.139295703372417,2.446929478370988,3.8373468105528588,1.7185075098333442,0.4302127417908812,0.9651876695727575,0.9402614350054321,-1.276948505630172,-0.06714402069278425,3.5222953858606196,5.260155104990265,3.545292629886797,4.953141731902662,3.7567629850145394,5.260512719734315,-1.6849970887703272,0.37858385602135236,-0.9892542852956718,0.05706584163560713,2.388412258857495,-1.7711060333412192,1.7414391409909937,-0.05362335543534158,2.2057028246292623,3.669926557965912,2.510162814845458,4.550229190721064,3.226787264439757,2.104497263089134,2.7782915240031443,1.449160048238027,-1.8331096802345526,1.6441037109571521,0.7458884015839722,-0.32976144152873665,-0.8231554133018903,-1.1163430059670905,1.669267048876172,2.2059159996796955,0.547670384448903,0.42506802172918956,2.2761486006934852,-0.11800435292159506,-1.152816371307234,-1.152816371307234,-1.152816371307234,-1.152816371307234,-0.7345977571217857,-0.5971669297429845,-0.5971669297429845,-0.7345977571217857,-0.7345977571217857,-0.5971669297429845,-0.5971669297429845,-0.7345977571217857,-1.0635762058229492,-1.0635762058229492,-1.0635762058229492,-1.0635762058229492,-0.528540396176016,-0.5155570353716836,-0.5155570353716836,-0.528540396176016,-0.528540396176016,-0.5155570353716836,-0.5155570353716836,-0.528540396176016
-1.3018590186181074,-2.062036403696111,2.4845646541969133,-0.45231526828641666,2.4672946995646585,-0.3055370300400453,2.415165195428216,-0.47402358825820645,-1.0158341309781038,-2.1159122215187858,-1.0557012242178754,-2.1498839416233695,-3.1914949738379805,-1.959127242417166,-0.20220106428044726,-0.8132844944036677,-1.4503004154570873,1.4811975459850766,-0.4379373131447162,-0.3057791669370875,-2.2250226312864827,-1.029659865571893,-2.7159813662198142,-1.572271648409159,0.3407360015609031,-0.10639573899329413,1.8200608157156264,3.8514071850594513,2.7653147414324826,4.369933496955276,2.3328763026823554,4.0772508940855365,1.5218629268696295,0.5463003445631944,0.7212124867548146,0.8712379732231339,-1.2801950344912623,0.08234336339876336,3.832017106819122,4.962498155611059,3.844616892915165,4.650835495095435,4.107119881846812,4.980790396289589,-1.7288307952527773,0.5930894527976358,-0.9874664554864916,0.26290374425018737,2.1488352098978734,-1.8781301859974482,1.6532234877557777,-0.12564678122300155,2.2017159919488867,3.5696130757731153,2.4413215882432713,4.450955480802723,3.0269828730845196,1.9837510148605046,2.5264481081182764,1.2654247220681745,-1.8490124938777397,1.3847970701512802,0.7133438066793412,-0.5992806642581039,-0.6579869255966644,-1.2201201643876898,1.3085597032661704,1.9225965830096046,0.5488958998499376,0.3885607680674399,2.214904540859509,-0.2525588106978338,-1.121850355888344,-1.121850355888344,-1.121850355888344,-1.121850355888344,-0.6792301665926397,-0.5818679351559002,-0.5818679351559002,-0.6792301665926397,-0.6792301665926397,-0.5818679351559002,-0.5818679351559002,-0.6792301665926397,-1.0848606626457995,-1.0848606626457995,-1.0848606626457995,-1.0848606626457995,-0.5196938237851816,-0.5049837691723074,-0.5049837691723074,-0.5196938237851816,-0.5196938237851816,-0.5049837691723074,-0.5049837691723074,-0.5196938237851816
-0.8073426063172247,-2.802769349496723,2.7361089170602098,-0.5284519472182749,2.7687175110237847,-0.36011263912342883,2.705968058397678,-0.5118069466251862,-0.5044996344074688,-2.8362054233153398,-0.5841440785028968,-2.8134468874832383,-4.180040380535646,-1.3481054589032104,-1.0823397802777506,-0.6895956330201845,-1.3350883176298147,2.3950196201210927,-1.122910711654229,-0.15479236224700887,-3.1361882075664926,-0.43454818784630733,-3.5933778909384073,-1.0062742720985955,0.305210865026563,-0.4156035542869976,1.6370802649812868,4.3474459712101305,2.643078904607087,4.9814110386407995,2.134543850861311,4.630315939625571,1.318776462842508,0.0970611204247449,0.5054080266680643,0.7175364573665997,-0.9975515875772936,0.15177422713264832,3.6769493515399336,4.750818901838207,3.670018603639633,4.606630211432843,3.925151465793422,4.882545130362833,-1.1979903757428376,0.5794166653939605,-0.6590337979026888,0.23937100519241117,2.9078741039991316,-1.7282799146545007,2.485258123692404,0.03071841696237687,2.8994511743389966,3.5538471971280634,3.1247001887134926,4.26508515400847,3.5190444558874603,1.9106289533368956,3.3707507243914225,1.02627811866801,-1.5677766975635938,1.5384790626631881,1.2930677669893509,-1.3552221421355286,-0.18358242128203806,-0.9616440059657223,1.195793204053838,1.5187642287397312,1.2876568531208639,1.1967001737469767,1.356888443725346,-0.8955997873005357,-1.1163339243558879,-1.1163339243558879,-1.1163339243558879,-1.1163339243558879,-0.6460317289859194,-0.5455444123668962,-0.5455444123668962,-0.6460317289859194,-0.6460317289859194,-0.5455444123668962,-0.5455444123668962,-0.6460317289859194,-1.0962750438547282,-1.0962750438547282,-1.0962750438547282,-1.0962750438547282,-0.49952430119953917,-0.49621029392368454,-0.49621029392368454,-0.49952430119953917,-0.49952430119953917,-0.49621029392368454,-0.49621029392368454,-0.49952430119953917
-2.03184757585519,-1.0851032050796323,2.0674315239655705,-0.1337471640612291,2.1224184361863285,-0.007142688760713778,2.0801166925349728,-0.1484299604818493,-1.7930824301958945,-1.1428962021130147,-1.7854745827464271,-1.149440684735278,-2.4463472931106813,-3.33572414277145,-0.23783536687572182,-1.2649958665574899,-1.1386233561750398,2.767443002488945,-0.5268211574483637,-0.8487893829783575,-1.605137772583694,-2.541351976026426,-2.0103171443199024,-2.9263825595593818,0.4113694270237116,-0.7237645840016018,2.508588988067652,3.0762656310854464,3.617502731770843,3.600796939604024,3.248319373931528,3.2296750015339803,1.7812020554893344,-0.17541914530973557,0.9810778939212659,0.0053796364783766926,-1.292485230729967,0.5304334053494326,3.946306823178488,4.216635156830582,3.9160611164235952,4.111667396900749,4.1735411633093396,4.378823152328215,-1.699954219734433,0.9393607070712542,-0.9312033863178901,0.541237869929255,2.511929453241028,-1.70511856947467,2.4658151642271537,-0.4830364349970875,2.8785681169567274,3.2508996697466532,3.060806685709758,3.9169531877072377,3.2507973260188816,2.396929064642407,3.0049333463589543,1.426287329684726,-1.9940397737370716,1.3221481743168955,0.8831182796650219,-0.6247971569723778,-1.2638159634064368,-1.7048177998727239,1.6142473652181542,2.313493872804716,0.7405695195000477,0.604020744766772,1.9121042516623081,-0.49507393438534475,-1.1197302579069581,-1.1197302579069581,-1.1197302579069581,-1.1197302579069581,-0.7107158022107738,-0.5927142927482394,-0.5927142927482394,-0.7107158022107738,-0.7107158022107738,-0.5927142927482394,-0.5927142927482394,-0.7107158022107738,-1.1183793292735986,-1.1183793292735986,-1.1183793292735986,-1.1183793292735986,-0.5017385785625827,-0.4983023451635309,-0.4983023451635309,-0.5017385785625827,-0.5017385785625827,-0.4983023451635309,-0.4983023451635309,-0.5017385785625827
-1.3451997901328694,-2.0391937768462025,2.526643142699382,-0.5259735291600256,2.5072943650286446,-0.3758124391445268,2.4609985449137666,-0.5408250847510034,-1.081298836889819,-2.1203487560320564,-1.1074162695668686,-2.1400369626830273,-3.242251591446719,-1.9249992845629609,-0.1941654464254121,-0.76605298971013,-1.4198034353636162,1.9006987813909362,-0.47142728814990065,-0.32835724138158184,-2.2969674088036784,-1.021450246334798,-2.7664123036042985,-1.4596388422341784,0.41315636675440626,-0.14789004852367427,1.902298654358356,3.9920995918200815,2.8489496078218535,4.459415558232457,2.438043038896681,4.169226985096755,1.5457900455800972,0.44377139531789833,0.7649331239600308,0.7576340562460278,-1.0861742344321268,0.1949734196391102,3.7991452640511083,5.107715865372644,3.788333966597471,4.8161733942327905,4.029230671922222,5.12189604038132,-1.5490204262713982,0.7049689642765173,-0.786161938505404,0.39400339738918433,2.11594159829224,-1.7804176243569327,1.6852444817544567,-0.018013832950804165,2.2798628963539525,3.708859335435446,2.5019072077204774,4.550583328299587,3.0453565332190173,2.0940919890420924,2.547795148252961,1.3601093958865418,-1.8307672269332165,1.2979433760582522,0.7773836482305869,-0.581905332637505,-0.7374104762613802,-1.1949141782593733,1.2205342420504461,1.8400057142377975,0.501014873251659,0.3647442900752438,2.174236789613177,-0.32080834714583784,-1.1191456308083771,-1.1191456308083771,-1.1191456308083771,-1.1191456308083771,-0.6933393439114353,-0.5932215694211491,-0.5932215694211491,-0.6933393439114353,-0.6933393439114353,-0.5932215694211491,-0.5932215694211491,-0.6933393439114353,-1.05656043024459,-1.05656043024459,-1.05656043024459,-1.05656043024459,-0.5208511812833301,-0.5037022538035352,-0.5037022538035352,-0.5208511812833301,-0.5208511812833301,-0.5037022538035352,-0.5037022538035352,-0.5208511812833301
-1.5500135604835465,-1.8987694859768993,2.409437966612474,-0.35803849028227575,2.396952620592786,-0.20174078702807474,2.3425079994352034,-0.3753554857082362,-1.2599649498587207,-1.9319340671679481,-1.3097502840500135,-1.9742792544117247,-3.135076559217314,-2.1461350439625786,-0.3269151710370961,-0.8764284605871833,-1.219573607964655,1.6538282215428053,-0.5069497504348703,-0.38346560497505955,-2.118543618279649,-1.2064243974026443,-2.6243859275551324,-1.6992547954260742,0.4449527638738191,-0.2998665392409743,1.7732618113415155,3.7909247144261924,2.7949060515946336,4.333742507653414,2.3570297907320583,4.026300991368738,1.595021148064589,0.382833243883824,0.8093773116073022,0.6668847771367483,-1.2127758164561686,0.053938285619059556,3.7139263941115734,4.928752220979738,3.733005825111131,4.636040709401699,3.985696838274138,4.9611416345469594,-1.648403939038963,0.5384088904838462,-0.9034188883351599,0.2220945506058296,2.239222465456531,-1.6969084128236283,1.7644884074097131,-0.11036115497540866,2.283435611383913,3.4753011122261173,2.5298084831009247,4.388390041524372,3.112070116373771,2.053761609034355,2.6763068250031674,1.3403374746662733,-1.9544250745343366,1.4540724364793745,0.6598254283320895,-0.5660986218608466,-0.8315475910092065,-1.345845026683254,1.3069737553337797,2.024436959169342,0.4834422752232692,0.3501838603767986,2.1865985096345266,-0.2457636542921593,-1.118029199551092,-1.118029199551092,-1.118029199551092,-1.118029199551092,-0.6814405111363273,-0.5677339526941445,-0.5677339526941445,-0.6814405111363273,-0.6814405111363273,-0.5677339526941445,-0.5677339526941445,-0.6814405111363273,-1.0809107961721036,-1.0809107961721036,-1.0809107961721036,-1.0809107961721036,-0.5226033574303859,-0.5079668842202567,-0.5079668842202567,-0.5226033574303859,-0.5226033574303859,-0.5079668842202567,-0.5079668842202567,-0.5226033574303859
-1.384145544159718,-1.9927344954308852,2.6768633710442673,-0.5912025937434073,2.661200689392742,-0.4463485850519211,2.603489386605986,-0.6113581337590102,-1.1138989477361063,-2.0497358828319543,-1.1340281164031296,-2.086961883454028,-3.2771999413750716,-2.105160626049647,-0.27275437289893567,-0.6726216525714119,-1.1421158259416337,1.6816377118112902,-0.5838529133098493,-0.1683203695736859,-2.3243738102808167,-1.2510076727992447,-2.780315026928424,-1.7743853988945668,0.34456760375249473,-0.44269721591061106,1.5825591632032312,3.810994593855482,2.4773516035919334,4.362655143563313,2.0465339647811662,4.070183087045252,1.5782367894201608,0.2324998253189383,0.6991839373994067,0.49715871496816444,-1.024340367807628,0.27050823187256157,3.513755964388488,4.540463414043372,3.5217046607647946,4.312258530716995,3.7658000836250816,4.636505378305496,-1.6000480218581332,0.7920322176292167,-0.7606226132057077,0.4608691899507029,2.349987388137202,-2.055719285521394,2.07583111807413,-0.38684796668098764,2.5229514103004282,3.429288424631892,2.799235195308321,4.239639179091751,3.1799895584569517,1.9248409725739073,2.8000305954477236,0.9006610640439687,-2.0991904047324987,1.3511414249010825,0.9015104770215068,-0.6969759854212483,-0.9853586850607821,-1.5399391102014492,1.3254239089180748,2.0304517531882,0.6172245459830421,0.4473342760932333,2.095581007420864,-0.4684640061942309,-1.1104099910988827,-1.1104099910988827,-1.1104099910988827,-1.1104099910988827,-0.7012043376087878,-0.5855908168074899,-0.5855908168074899,-0.7012043376087878,-0.7012043376087878,-0.5855908168074899,-0.5855908168074899,-0.7012043376087878,-1.0723877817825107,-1.0723877817825107,-1.0723877817825107,-1.0723877817825107,-0.5086156348474518,-0.49442532784289916,-0.49442532784289916,-0.5086156348474518,-0.5086156348474518,-0.49442532784289916,-0.49442532784289916,-0.5086156348474518
-1.4720110787416891,-1.948394109028218,2.5928851176896908,-0.49625359221691534,2.5938872518862963,-0.29871964259884365,2.5098398026088695,-0.4911703512572454,-1.184714849205967,-1.9437922093331341,-1.2845768105171858,-2.0071845254042118,-3.507290038420603,-2.2332217125184823,-0.46363944518194966,-1.1328537110915002,-1.2820141638168663,2.957746875291283,-0.5943292680227659,-0.6678429687481602,-2.338298198734462,-1.35088747548246,-2.792904785299279,-1.5914781498327286,0.022206700125071865,-0.10281715345187603,2.276997655467807,3.9330196173172167,3.1087815797311844,4.478193019710683,2.6778210970149603,4.165952097088565,1.5584599399654886,0.6352800567230941,0.6068440762254657,1.124046515297608,-1.5146540924621221,0.28788293481959704,4.003025545079283,4.872715536353039,4.012656828024609,4.914985500441199,4.11485106395763,5.126937097850898,-1.7777175879132177,0.7539852086422765,-1.2034231259717574,0.46263184053564643,2.30491719364069,-2.2661827990105468,2.4777632799450533,-0.4510409018842698,2.8904622982318884,3.5590334637143686,3.1956799884966367,4.485396301679315,3.071194846452599,1.910121247657509,2.89644542394117,1.279960559723909,-1.6419045670795196,1.2911659527418982,0.7739277142918688,-1.1975689909978868,-0.8470212855988701,-1.3519518534812214,1.2192795778554322,1.8034055641912383,0.5917743532777502,0.5343106549405827,1.438069243376039,-1.094294120534288,-1.089036757309263,-1.089036757309263,-1.089036757309263,-1.089036757309263,-0.6505512931064108,-0.566128622243097,-0.566128622243097,-0.6505512931064108,-0.6505512931064108,-0.566128622243097,-0.566128622243097,-0.6505512931064108,-1.0593898069613987,-1.0593898069613987,-1.0593898069613987,-1.0593898069613987,-0.508231212946094,-0.4969051485734046,-0.4969051485734046,-0.508231212946094,-0.508231212946094,-0.4969051485734046,-0.4969051485734046,-0.508231212946094
-1.2550384933324992,-2.1955141246347543,2.618217713855427,-0.6365962673476675,2.6116453564560773,-0.48168405330755437,2.563163018816277,-0.6475262509370827,-1.0076443022362942,-2.289529026872404,-1.009541968426781,-2.3043721725883666,-3.306753328763541,-1.7739146316646632,-0.218180167066639,-0.7229715952485352,-1.542654860729546,1.856614108245413,-0.5314077291839574,-0.270581253039218,-2.335568232352669,-0.8723208513755107,-2.8687082743902597,-1.330485087890115,0.38666251867908485,0.010270684528123297,1.7810712589187858,4.016931080059068,2.7838728130997517,4.478705681723973,2.3345324382822588,4.1731344600635225,1.459930043507165,0.531568200639855,0.6996847504425601,0.943682640216803,-1.1667651231139207,0.13273499835052505,3.6455639685866146,4.85815142361823,3.696458813821298,4.595261728963218,3.935825706535258,4.923077108111169,-1.6351144538514069,0.7380484300692363,-0.8722745097659192,0.39167408342814003,2.1090103905034487,-1.9158208124785512,1.719382778351929,-0.08188589234281185,2.3572441449156436,3.6888537708679348,2.573686313038656,4.576152757656969,3.1416105435019617,2.0365085303487707,2.6203422333982473,1.2852697144445369,-1.8351953657955136,1.1693157732623662,0.8694326538056627,-0.7088310013776091,-0.6477635543082805,-1.1723310339274855,1.1485608734127393,1.784022757313159,0.625196003496316,0.455104128753141,2.1463307818495174,-0.3632191604394137,-1.2015050408917864,-1.2015050408917864,-1.2015050408917864,-1.2015050408917864,-0.7017962850418957,-0.6120505770525728,-0.6120505770525728,-0.7017962850418957,-0.7017962850418957,-0.6120505770525728,-0.6120505770525728,-0.7017962850418957,-1.0982534626882892,-1.0982534626882892,-1.0982534626882892,-1.0982534626882892,-0.5041545960421798,-0.49361820562759107,-0.49361820562759107,-0.5041545960421798,-0.5041545960421798,-0.49361820562759107,-0.49361820562759107,-0.5041545960421798
-1.4781525587730728,-1.9425164079667376,2.4498812244741703,-0.45082486987100623,2.4332237956120437,-0.2907280346602956,2.380206785588313,-0.46373109853669003,-1.1932721383797968,-1.9874147450403123,-1.2338401948339834,-2.028920048413858,-3.2335357783222034,-2.141017283562968,-0.28071979088706467,-0.8419256235530046,-1.328726496026734,1.7174276688099699,-0.5031803781649025,-0.35681478507667297,-2.258884320836458,-1.2063788203861456,-2.6984530502411244,-1.6824386177137733,0.42308007370069234,-0.3245768015245254,1.8618490621475754,3.820782297637301,2.8684006939089706,4.335571252712185,2.440739443952677,4.029870592347679,1.6073540560503314,0.3810474886161863,0.7853029518928114,0.6282078264149078,-1.1858649271926458,0.07067226194659249,3.7859356436341844,4.9441428656550865,3.8130982724553473,4.642168191633123,4.0630472362445005,4.963448225482358,-1.6455757103322104,0.5652950078170651,-0.8784416809385247,0.25896983602293844,2.1033589081851716,-1.7587724749782359,1.6188258646822522,-0.05226944567316316,2.1974476816290425,3.582679739271388,2.434356909856933,4.500439081775527,3.035517815945771,2.0493795297091744,2.555535918405181,1.3791838339514708,-1.9652986616910253,1.3721077992675514,0.7099920413119172,-0.6492492565289361,-0.810917610207567,-1.3124958237863917,1.2522005161601824,1.9022026878306004,0.5007190561632262,0.3776709826830267,2.1597199448132764,-0.32406015558669043,-1.1156499092271295,-1.1156499092271295,-1.1156499092271295,-1.1156499092271295,-0.6903945154652034,-0.5817399593712267,-0.5817399593712267,-0.6903945154652034,-0.6903945154652034,-0.5817399593712267,-0.5817399593712267,-0.6903945154652034,-1.0810641050238843,-1.0810641050238843,-1.0810641050238843,-1.0810641050238843,-0.520706171386955,-0.5045571684341015,-0.5045571684341015,-0.520706171386955,-0.520706171386955,-0.5045571684341015,-0.5045571684341015,-0.520706171386955
-1.3967832439057086,-2.031333970439098,2.4817904157990407,-0.4595312310542843,2.465696504611743,-0.2935531801622826,2.409961517945682,-0.4706444284292264,-1.1166429645381957,-2.078637484331182,-1.166064484160679,-2.1247220120584767,-3.4100902998511815,-2.0311090012933675,-0.3714704369778272,-0.8236440448484368,-1.3365576321216537,1.916513834921787,-0.5402961971841642,-0.3549022641779045,-2.3879217049107284,-1.1009410958974764,-2.8357292963277017,-1.562368997830525,0.43785273171454,-0.26402978939666877,1.9235821243836115,3.8825589093509096,2.950048040131583,4.399552145202677,2.5219203166901254,4.088250859227466,1.4915779878471636,0.32461573169033464,0.7352081063750475,0.6441442895920977,-1.1793826969530263,0.015657171486386012,3.7032398353751805,4.9944933716316475,3.725216798539903,4.696112186707251,3.9752144160531246,5.015630795284564,-1.6497945635293805,0.5032924870965463,-0.8706329044232861,0.22593823122912937,2.0963738256807565,-1.7030699795919015,1.5966083351739,0.0040447493756863295,2.1639619798705434,3.5274646964535403,2.4154303926811194,4.562118605186453,3.0219966048135385,1.9801595808413461,2.559715934535685,1.4757984839881129,-1.947231614979256,1.3444800201679152,0.6748767693407212,-0.7185886354129769,-0.8139381382483739,-1.2688521684214917,1.2297731490241501,1.792002784217007,0.4838027002284617,0.39672221062582036,2.105524757893691,-0.4068551541627716,-1.1254069913267055,-1.1254069913267055,-1.1254069913267055,-1.1254069913267055,-0.7115023599550279,-0.6008435111257384,-0.6008435111257384,-0.7115023599550279,-0.7115023599550279,-0.6008435111257384,-0.6008435111257384,-0.7115023599550279,-1.0769291934391187,-1.0769291934391187,-1.0769291934391187,-1.0769291934391187,-0.5229498137804534,-0.5063220057222249,-0.5063220057222249,-0.5229498137804534,-0.5229498137804534,-0.5063220057222249,-0.5063220057222249,-0.5229498137804534
-1.6144278510682577,-1.6192124924056226,2.5435802824317006,-0.4598585526878649,2.533990345057429,-0.3127393623494914,2.4826165372024454,-0.47553787851484053,-1.3625322579227332,-1.6620424994828658,-1.361005439825124,-1.7048210415086684,-2.891957761268471,-2.770746112066149,-0.04430282430001364,-0.8353901707753817,-1.1662241506964222,1.3751819802441094,-0.3383058871614377,-0.392040066562362,-1.980655675834932,-1.9010232724819045,-2.3682433760301436,-2.461819289543395,0.39031903279758584,-0.5375430323279233,1.915658586680479,3.679931404903213,2.8175101194171095,4.117724908023708,2.4352999631355248,3.818861204328475,1.6883062066081687,0.12380993805786833,0.7955351963812758,0.37470922729268086,-1.0670154027551835,0.1064518115817874,3.668516534616314,4.645718199773259,3.7072337066490837,4.381860795648014,3.9751772597686434,4.7090794325907845,-1.6171665821761705,0.6473980152832901,-0.7427729753371022,0.3107228066869494,1.9603863046204983,-1.8546408153432696,1.8305114041862822,-0.3169000765998602,2.3696397607212036,3.4500373681065257,2.808320775797508,4.167317000644979,2.855536070276192,2.0964623160928006,2.5850172229163544,1.1298378987857793,-2.14529715070063,1.4657699033267608,0.5501317291220493,-0.5323238492414002,-1.1942121626321196,-1.5226824411776674,1.4331240888947452,2.185931933466091,0.3431845023065341,0.28175707579984444,2.4193827777497656,-0.12320493319334602,-1.132279605089277,-1.132279605089277,-1.132279605089277,-1.132279605089277,-0.7470936733947262,-0.6219873487390197,-0.6219873487390197,-0.7470936733947262,-0.7470936733947262,-0.6219873487390197,-0.6219873487390197,-0.7470936733947262,-1.0921536080556709,-1.0921536080556709,-1.0921536080556709,-1.0921536080556709,-0.5172846176804597,-0.5025499419867239,-0.5025499419867239,-0.5172846176804597,-0.5172846176804597,-0.5025499419867239,-0.5025499419867239,-0.5172846176804597
-1.4621760523264946,-1.9863435149698594,2.460298725305047,-0.4205612149735809,2.4426271795929315,-0.2658160980707889,2.3853913721979607,-0.4405597889876134,-1.1681531861143712,-2.0316758795876657,-1.2250440957680815,-2.085276475500602,-3.2879615698761966,-2.1371552558299887,-0.33033510807214306,-0.866465362663035,-1.2896151326998773,1.7915286977979967,-0.5638025877519905,-0.3540850467735508,-2.333305791807838,-1.2144943899334382,-2.7313187785305915,-1.688316557790691,0.3981453844490286,-0.4675440049513453,1.7730096086512708,3.7362392824048323,2.744545937019022,4.254332415297115,2.314090806418286,3.9507219498950095,1.65765362089921,0.27793963650117615,0.8219236250776474,0.48840535180494005,-1.1570849490086825,0.0004547057830075474,3.6913960146681735,4.853908698373471,3.7288523033691776,4.569334893048896,3.973879105785607,4.8853015378653994,-1.6438101238943101,0.47575653682540864,-0.857440632722986,0.13474286702086768,2.0975829766289706,-1.7843350753351084,1.630841971474104,-0.08626631119665973,2.192650077179147,3.5843521820919086,2.4333869478870485,4.461658588841524,3.016603072722069,2.091575112582335,2.5393130013521734,1.346659880515559,-1.9834854057689504,1.3455373854578268,0.745482653023676,-0.717429113024957,-0.8128795919802636,-1.3625463506496298,1.1882885850351315,1.8824339945525708,0.5029114698206136,0.3682057857564951,2.125275736629196,-0.36889488068814913,-1.1095277060973974,-1.1095277060973974,-1.1095277060973974,-1.1095277060973974,-0.7025074830687768,-0.5936093245129799,-0.5936093245129799,-0.7025074830687768,-0.7025074830687768,-0.5936093245129799,-0.5936093245129799,-0.7025074830687768,-1.0771061817759726,-1.0771061817759726,-1.0771061817759726,-1.0771061817759726,-0.5158728704869637,-0.4984670007983292,-0.4984670007983292,-0.5158728704869637,-0.5158728704869637,-0.4984670007983292,-0.4984670007983292,-0.5158728704869637
-1.4557340347774668,-1.9505686947852015,2.4448525406227573,-0.4650520618077225,2.428275900673384,-0.3041774891437674,2.373495702277295,-0.4757463701142104,-1.1805202829099026,-1.9920831324785504,-1.211851105097466,-2.036215328626044,-3.2883657937886905,-2.1195130387048513,-0.315659757964057,-0.8343582219731989,-1.3100539451027915,1.6773866405008153,-0.5258701952431544,-0.3623457703628361,-2.289495423343398,-1.214894666221725,-2.719716569733367,-1.6982901208642947,0.39939249554983824,-0.25943073782216164,1.8925912570265941,3.7940954014574677,2.890379868715277,4.3141370875356655,2.4643642989719057,4.016453479001902,1.5856245148339951,0.3943582556194025,0.7591127494528127,0.6865031618272823,-1.2412028659666863,0.050857539431812704,3.8118079351733405,5.014531812776698,3.8242157528899936,4.712215317078271,4.073342380144406,5.034748047172736,-1.7033512596921545,0.5432155676175494,-0.939362570833675,0.23835788141207548,2.081162753431385,-1.800145898360706,1.6369297240277687,-0.08335191538834419,2.20481001825682,3.541873624464295,2.428357334219979,4.478347767278119,3.02407220558466,1.9996180633922558,2.52942850200355,1.369300932948181,-1.9187616730643415,1.3485411485162988,0.7199522258601743,-0.6021561874439572,-0.7706297947105671,-1.278668568799071,1.263224875096161,1.9039430437053833,0.5274577596864356,0.38966499326771054,2.171343413094629,-0.30607080092015604,-1.1027996508253488,-1.1027996508253488,-1.1027996508253488,-1.1027996508253488,-0.6821066586370845,-0.5759422567505075,-0.5759422567505075,-0.6821066586370845,-0.6821066586370845,-0.5759422567505075,-0.5759422567505075,-0.6821066586370845,-1.0770383066490412,-1.0770383066490412,-1.0770383066490412,-1.0770383066490412,-0.5130267662131063,-0.4988611510329761,-0.4988611510329761,-0.5130267662131063,-0.5130267662131063,-0.4988611510329761,-0.4988611510329761,-0.5130267662131063
-1.5113911571906429,-1.95473952160224,2.4270181108169933,-0.39102313943483846,2.408780419152377,-0.23078065805490056,2.354703189669812,-0.40686678976059465,-1.222895790235841,-2.0058054591334056,-1.2627914928848658,-2.0450439447486177,-3.163183196401272,-2.120538796566695,-0.28292856007504685,-0.9035913836661038,-1.362878652230794,1.627478874451696,-0.509136766408969,-0.4141563301135438,-2.183418587799073,-1.1789678089831046,-2.6459271563478888,-1.6539843345244756,0.38578981742598195,-0.2995001666536625,1.863342630812272,3.8118206347729098,2.8633641706342106,4.315935880792703,2.426658493500459,4.019079591437339,1.6143722808033951,0.44251244645432397,0.7730434056043123,0.6920818773206898,-1.2159150932258607,0.0978651578081724,3.8522729509250384,5.030460393404662,3.8866409615965205,4.720852531616138,4.123187989231632,5.035936479604723,-1.6699741754038322,0.6035400208814021,-0.912142881855714,0.2571470538714209,2.1232337849598517,-1.797458150855892,1.6412990623382715,-0.07246994604156232,2.195532864940245,3.643945745523191,2.4609076233726963,4.5539582617201715,3.0528666517621055,2.123229695639557,2.6056034000914208,1.4395247194525282,-1.929863266459256,1.361666839010896,0.7136586365782458,-0.6354487860938756,-0.8106446555302469,-1.2942209624596739,1.2528771835766888,1.9131282649232748,0.49547545302598195,0.34191823500988594,2.159429301326793,-0.3264445887804781,-1.12125802777555,-1.12125802777555,-1.12125802777555,-1.12125802777555,-0.6680171350464734,-0.5662251560660705,-0.5662251560660705,-0.6680171350464734,-0.6680171350464734,-0.5662251560660705,-0.5662251560660705,-0.6680171350464734,-1.0779509808200398,-1.0779509808200398,-1.0779509808200398,-1.0779509808200398,-0.5140213673712486,-0.4993522638834058,-0.4993522638834058,-0.5140213673712486,-0.5140213673712486,-0.4993522638834058,-0.4993522638834058,-0.5140213673712486
-1.3770123964780288,-2.03998237221379,2.4698819762078434,-0.49714512969695246,2.448962537409318,-0.35026958027128785,2.4106713509641944,-0.5082469686587183,-1.1158651530928365,-2.1339194099334464,-1.1251560047935865,-2.1281845289868864,-3.1282226962343946,-1.8761718893034938,-0.1769426572561441,-0.7188062063780372,-1.4247319006897268,1.6165299557585078,-0.4696775900058272,-0.2685208996558801,-2.211652433704968,-0.9523082343638682,-2.7263319343263346,-1.4526473629996994,0.46132771411506646,-0.1203235431398566,1.8638337107429885,3.996857316680628,2.8053208929431532,4.48403945792949,2.3875795042767853,4.200107969963667,1.574342324341358,0.5030497093170752,0.807706646403588,0.8002281399285902,-1.093493064868098,0.25175438211209933,3.897280941374322,5.2202816499198486,3.8664425527272845,4.893369909598955,4.114032269606233,5.1995199810838875,-1.4935495945218538,0.7360660394255296,-0.790943607348721,0.42471721041518595,2.170606460511924,-1.7627534007101326,1.670674771762405,0.009963567747171886,2.273019572883169,3.7810089900353168,2.4482737731705813,4.497781796170183,3.0842011571005896,2.1352856469161727,2.5148070542257868,1.233333323436118,-1.8175520076879685,1.3654087690632926,0.7495381097754796,-0.4163030808076824,-0.6878718453306636,-1.1845269762432347,1.2579121506058,1.9254405456479926,0.48031923792194764,0.2965176939328895,2.2825953792756044,-0.14573284380918583,-1.1184736911363302,-1.1184736911363302,-1.1184736911363302,-1.1184736911363302,-0.6850099819828142,-0.5830904472127632,-0.5830904472127632,-0.6850099819828142,-0.6850099819828142,-0.5830904472127632,-0.5830904472127632,-0.6850099819828142,-1.0484058269947996,-1.0484058269947996,-1.0484058269947996,-1.0484058269947996,-0.5153316670313375,-0.49801866373848913,-0.49801866373848913,-0.5153316670313375,-0.5153316670313375,-0.49801866373848913,-0.49801866373848913,-0.5153316670313375
-1.4682363165302568,-1.8607668866870481,2.389888424667478,-0.5783953815634688,2.453570538293813,-0.34226516433860876,2.3698971529217987,-0.5369764611226597,-1.166368390207004,-1.859162560213536,-1.2404419272061462,-1.910941510418513,-3.121319456647917,-2.464458581558695,0.007036811093268369,-0.9115591295128302,-1.0477103189175345,2.2030895284468537,-0.1159518552886123,-0.3913299777125303,-2.1509274556956743,-1.405154982410025,-2.4546334733967132,-1.6945775792254911,0.534843133569086,-0.1846001127753376,1.4433143381254983,4.098202422171291,2.4687037485275045,4.59817824186625,2.026746055129835,4.251035955829778,1.7034378277697,0.5034457018952527,0.7412156484213392,0.9105594176383978,-0.6104020920420314,0.33364962197195425,3.213824163735892,4.117566000321501,3.444799502589909,3.9377043351431444,3.554063739004225,4.242689385230908,-0.9390349188650298,0.8219434649996264,-0.3237860110256552,0.565183521569729,1.8185472173645145,-1.472295642979121,1.6221154681719048,0.006192048608346212,2.396915174076037,3.300713897979179,2.934219189971258,4.327507074959626,2.977709087239572,1.8930913413258148,2.889910963395727,1.3316629127052453,-1.6164786840946048,1.58840030500592,0.6714612477184589,-0.7590229800474138,-0.6743051096104518,-0.9285847574303077,1.4718177130736816,2.2744030760503113,0.5960162174089811,0.6515623944934292,1.9056897178835541,-0.4555664470225258,-1.0860678105407109,-1.0860678105407109,-1.0860678105407109,-1.0860678105407109,-0.6308670997976744,-0.5067073399514168,-0.5067073399514168,-0.6308670997976744,-0.6308670997976744,-0.5067073399514168,-0.5067073399514168,-0.6308670997976744,-1.0936016870656076,-1.0936016870656076,-1.0936016870656076,-1.0936016870656076,-0.5349049752593125,-0.5149126671233963,-0.5149126671233963,-0.5349049752593125,-0.5349049752593125,-0.5149126671233963,-0.5149126671233963,-0.5349049752593125
-1.557013051512973,-1.9088870861402776,2.3617249768302444,-0.07577609380405237,2.3577870061742305,0.10130981493690916,2.291941291069287,-0.08958391439037294,-1.2257885921788083,-1.9324559941062769,-1.3407447222166795,-2.0021337366456433,-3.2700673974173533,-2.152581419100217,-0.5083675655540136,-1.112378965130917,-1.1625474578201551,2.2413338466878234,-0.5946725682010818,-0.5853089081712999,-2.15408551941338,-1.1918982205565842,-2.6744274198077473,-1.6196248029342577,0.4550838773997632,-0.4953440193355205,2.032491864431377,3.732354175144779,3.0354098788150936,4.281840831485786,2.5561585095129735,3.959092821928365,1.7292105590555873,-0.0607567746765576,0.928327064833518,0.4061443811897698,-1.0915074640463454,-0.04287522918419695,3.56785017348439,4.879757987039781,3.6028487085230867,4.698406901423228,3.833972962022576,4.993792531577862,-1.4874812256267325,0.41560506045051016,-0.7382025439247362,-0.012020421217144861,2.2163402862820827,-1.550797573815416,1.7119716233410514,0.03616105146561743,2.3202848285570954,3.8298294828056867,2.5643807447113782,4.729392759435047,3.136355857812432,2.4078706903423286,2.7352673612350578,1.7608302704957501,-2.1492810617168434,1.352661958520144,0.6980590512234301,-0.985107974579666,-0.9768271111769931,-1.52187657917134,1.1788319611608435,1.8167858209877088,0.4959527032640305,0.374657415768056,1.8967581747707976,-0.6077139383717269,-1.1252074449626297,-1.1252074449626297,-1.1252074449626297,-1.1252074449626297,-0.6643739311489321,-0.572935539183439,-0.572935539183439,-0.6643739311489321,-0.6643739311489321,-0.572935539183439,-0.572935539183439,-0.6643739311489321,-1.0759098981947457,-1.0759098981947457,-1.0759098981947457,-1.0759098981947457,-0.512869798648143,-0.49951586797089353,-0.49951586797089353,-0.512869798648143,-0.512869798648143,-0.49951586797089353,-0.49951586797089353,-0.512869798648143
-1.3476811452998438,-1.9761136319409491,2.427272570992785,-0.5949134221014631,2.4137222005380403,-0.4118491372323163,2.3655909379007927,-0.5831877918169486,-1.1009108498126956,-2.0339986393787726,-1.1140147658370743,-2.0741575230965594,-3.2719790929796853,-2.1205508019148205,-0.17126451684579624,-0.6776194352788627,-1.2519648268076935,2.1975181364811673,-0.5254846353379246,-0.21351995886144515,-2.382957217113898,-1.2627694817667408,-2.7454381298945663,-1.6794650434738658,0.4874977334885635,-0.28247417786060325,1.5521557830340198,3.8183698001926816,2.565490458160765,4.311334210558148,2.119334822525075,3.9959010922445435,1.6222415518418467,0.5079799123898603,0.7511865664442903,0.6884084274073201,-1.072739949194796,0.1606328778961279,3.4761479370079833,4.460130941909269,3.6262948082112905,4.2259242032693,3.7880650371804814,4.5304834747076805,-1.4185657633460336,0.686963565617245,-0.7777123889163886,0.35946852395628426,2.0903931250426524,-1.846792846536757,1.6830300185461216,-0.11951414380369307,2.34444489113982,3.585502513258766,2.52613814176867,4.371835270467725,3.1187623540414693,1.9887695901588591,2.5880877764144055,1.227264825728299,-1.8090606389974657,1.3857164740813745,0.887913870606245,-0.8222142645097978,-0.6570220876519635,-1.130958015566912,1.243629698805833,1.9207832988432392,0.6555834238192793,0.5609277504660781,1.9219517006825608,-0.5162279719246436,-1.1513074615857204,-1.1513074615857204,-1.1513074615857204,-1.1513074615857204,-0.7106018927923428,-0.6006185131765145,-0.6006185131765145,-0.7106018927923428,-0.7106018927923428,-0.6006185131765145,-0.6006185131765145,-0.7106018927923428,-1.0822580605388366,-1.0822580605388366,-1.0822580605388366,-1.0822580605388366,-0.5221271833166918,-0.5080032282293665,-0.5080032282293665,-0.5221271833166918,-0.5221271833166918,-0.5080032282293665,-0.5080032282293665,-0.5221271833166918
-1.3319026254922401,-2.0645356262197536,2.5664120520306257,-0.38849628743364395,2.5454285145381252,-0.19770218392983718,2.496035011964598,-0.37557565830851214,-1.071762354188301,-2.094740085108942,-1.10983975932451,-2.1481994014023864,-3.3565402694379496,-2.0082669658405363,-0.2865262634979606,-0.7396525550759705,-1.2740740312188006,1.9326717681116428,-0.5075773117829692,-0.26959500656231583,-2.3890512643159685,-1.1256932834927111,-2.813748186955777,-1.538963461604598,0.37721806937628255,-0.4210172950598565,1.7099355433246721,3.7827022163734334,2.7786279554236906,4.320035725032916,2.3142461374571432,3.968442547274897,1.4923422064932685,0.2768582826939241,0.6291574688778647,0.6298230283319235,-1.049708953033583,0.18955087850180075,3.573173247851848,4.669108088935381,3.6789225721977754,4.46935938528909,3.843960123698004,4.750772128459886,-1.3348084042502575,0.6719402323016377,-0.7346299360829378,0.3481747668796764,2.1057966789127827,-1.5646581339361036,1.6288357746970812,0.021814385160111804,2.3408084750698652,3.8467161833810195,2.5399259757442048,4.456212137011919,3.1525710825261486,2.349496919501651,2.6593392318581754,1.410847112348418,-1.9645007560179213,1.3148911390159235,0.8943931882695448,-0.9580455397809797,-0.7829973405974648,-1.2696529495731639,1.1021240874824212,1.8156098960041342,0.6380552182898604,0.5661616778079432,1.732458305004621,-0.7275867055199114,-1.1482296289166607,-1.1482296289166607,-1.1482296289166607,-1.1482296289166607,-0.6911865446923375,-0.5919428022478046,-0.5919428022478046,-0.6911865446923375,-0.6911865446923375,-0.5919428022478046,-0.5919428022478046,-0.6911865446923375,-1.081010094485181,-1.081010094485181,-1.081010094485181,-1.081010094485181,-0.515028760464463,-0.5008347409158151,-0.5008347409158151,-0.515028760464463,-0.515028760464463,-0.5008347409158151,-0.5008347409158151,-0.515028760464463
-1.5592101065793766,-1.8579620047517005,2.361272301930807,-0.3621499468281524,2.3471905718182065,-0.2059423638267983,2.2928472172576653,-0.3795441536624171,-1.2631534834034426,-1.884377589965383,-1.313759010300667,-1.9339668221014703,-3.1907500748358015,-2.250709622270292,-0.31907378219610383,-0.9024956033225786,-1.340279033484494,1.5299803983705402,-0.4893824500775157,-0.39863385941593066,-2.1801384668064294,-1.2945446003646492,-2.611226933510055,-1.806892826930059,0.4180065958170962,-0.3568562514105116,1.9365643214853625,3.6980732382299824,2.9507455115580745,4.249410351966761,2.514106468185786,3.9425902155831256,1.6222425126952267,0.35523054727143055,0.788020440914889,0.5786242138010245,-1.273792763392266,-0.010287341415200046,3.802342612573632,5.029961830317417,3.8172923186012095,4.708100860921951,4.079660608145973,5.040308034471108,-1.7107118306940352,0.4571652848684833,-0.9521613050087101,0.1661013138291878,2.129931221692189,-1.8223067662329413,1.5792387234657328,-0.10748632517880274,2.1170472838914254,3.4621452558796673,2.3351556470200157,4.429298941622715,3.0139538754760657,1.9389262967194911,2.508154790799937,1.3320313204033232,-1.9983409279410238,1.4184689409935984,0.562144756529869,-0.5747114852815507,-0.8489688603886449,-1.387078828289134,1.3113031906065373,1.9596658035070202,0.40524668545070597,0.2811313908784969,2.249758519934396,-0.22306845910085116,-1.103521527729436,-1.103521527729436,-1.103521527729436,-1.103521527729436,-0.6944274929261605,-0.5782455133323339,-0.5782455133323339,-0.6944274929261605,-0.6944274929261605,-0.5782455133323339,-0.5782455133323339,-0.6944274929261605,-1.0822038101449065,-1.0822038101449065,-1.0822038101449065,-1.0822038101449065,-0.5248439806458673,-0.5087458402395537,-0.5087458402395537,-0.5248439806458673,-0.5248439806458673,-0.5087458402395537,-0.5087458402395537,-0.5248439806458673
-1.4091359974264996,-1.973960011128809,2.698112993229997,-0.5182376052331099,2.6706159182813094,-0.3952587232985465,2.618177122492357,-0.5524868227378903,-1.138917162515491,-1.9895932229934248,-1.1507668468284349,-2.0459535431213824,-3.363098001569292,-2.023528700065609,-0.2683543465360083,-0.7535104799460246,-1.4404102331688389,1.0381721207965606,-0.5039896114159506,-0.2132083138800125,-2.336236691149945,-1.129858328273726,-2.856032315433004,-1.7773354991416102,0.14294628911064677,-0.2567956302988277,1.7313504225042093,3.7521006524573286,2.672423209282548,4.312784227438208,2.2189521806515744,4.028152194313264,1.5280202012088102,0.38243964194513413,0.4955183251202442,0.7195577070502726,-1.257990956245579,0.12111895748432389,3.817618571643181,4.957869218851928,3.7753702765479717,4.659448546044028,4.061288354399335,5.021765904263909,-1.7452694859264226,0.6673627084091205,-0.9834710901139827,0.32393474147011236,2.3218601334022786,-1.9626332965531654,1.7962807248639505,-0.33876056142495514,2.3167085059526764,3.492643711064461,2.402792581422971,4.268547976821869,3.1987358031318704,2.0093934871511445,2.500610253856661,1.076962227994529,-1.9094404299765197,1.1994566914652642,0.7397324899734121,-0.5251476728712392,-0.732548604275773,-1.3998147480876892,1.1711970242409437,1.834030110922349,0.505610637321749,0.3010565478432383,2.3452786871747593,-0.13907352324223066,-1.123803990127862,-1.123803990127862,-1.123803990127862,-1.123803990127862,-0.6837679476000114,-0.5705349731217817,-0.5705349731217817,-0.6837679476000114,-0.6837679476000114,-0.5705349731217817,-0.5705349731217817,-0.6837679476000114,-1.077281103069624,-1.077281103069624,-1.077281103069624,-1.077281103069624,-0.4985692072796821,-0.4912982005219897,-0.4912982005219897,-0.4985692072796821,-0.4985692072796821,-0.4912982005219897,-0.4912982005219897,-0.4985692072796821
-1.4530237423353558,-1.9669338052221894,2.3407574358274257,-0.3730457913945395,2.3272734596591267,-0.21743957956046334,2.2737992032066545,-0.39187725668206896,-1.1707598816207105,-2.001871598404718,-1.213670028479478,-2.0527539691401833,-3.2269183136328126,-2.102606384916726,-0.3014709483647513,-0.7157702679272275,-1.228510291491825,1.6214513513076731,-0.4848247475469849,-0.2541009606942861,-2.2413976909645683,-1.1614124425652212,-2.6687925786108773,-1.6322311204752804,0.5025211333264652,-0.36859281760142526,1.7966772242369835,3.815897580775461,2.8359568357060434,4.346309999237947,2.4108747960192245,4.03636559391602,1.6192808486500017,0.33742928816504936,0.8301874434557304,0.5592540733960583,-1.17857339495978,0.06012879668245841,3.672576514863456,4.962862342083174,3.7232666212894383,4.635962525226573,3.9655634489813654,4.961897746288397,-1.5928756114270408,0.5224206933733324,-0.8518048141650016,0.2226716954600958,2.065624270120952,-1.6771050777600172,1.5475993765220544,-0.00034271208032343736,2.1641519983958872,3.5265331903145167,2.4070379384343425,4.494387616317669,3.0238864382258015,2.009214520217589,2.5164013396390965,1.4294046457343033,-2.0070807224178577,1.412406629135278,0.607034943049479,-0.5616802669957668,-0.8750441433118317,-1.331040684731566,1.279822219431658,1.9444185121384852,0.38602441835080903,0.2778466023521782,2.233551449001121,-0.2194971840647959,-1.1100734522316853,-1.1100734522316853,-1.1100734522316853,-1.1100734522316853,-0.6895313071364404,-0.5791393589454428,-0.5791393589454428,-0.6895313071364404,-0.6895313071364404,-0.5791393589454428,-0.5791393589454428,-0.6895313071364404,-1.080965636510944,-1.080965636510944,-1.080965636510944,-1.080965636510944,-0.5275778511765701,-0.5086026850484684,-0.5086026850484684,-0.5275778511765701,-0.5275778511765701,-0.5086026850484684,-0.5086026850484684,-0.5275778511765701
-1.6417381404006721,-1.7412362995156894,2.560127749890257,-0.5773338908058339,2.5381113239881605,-0.37916089328671365,2.48514365447817,-0.555981340597862,-1.3485966930737865,-1.7665699011395861,-1.3724058628797877,-1.8216135684047554,-3.036891817480661,-2.2949495879956547,0.12612004759464668,-0.8694702304378983,-1.1923228017507457,1.2185843230605737,-0.11057940072543104,-0.2959476614843579,-2.0278209314900355,-1.3012777841424432,-2.474796585854946,-1.9097641008729669,0.3912692965147748,-0.3276172631332246,1.6229561780730855,3.8513676728333675,2.644068057275078,4.405773779151026,2.1988943989384406,4.112634189041863,1.4698310672994204,0.4660827406879342,0.6218344846704769,0.6332202487476666,-1.2167630554202598,0.11780029051297536,3.7832349000218963,4.5858190377152415,3.805666529890818,4.228334776402891,4.072699513150448,4.592274922928798,-1.7849470994094792,0.6515816012788003,-0.9873588975915766,0.4579971136688181,2.243071325365886,-1.808012946798704,1.6132276368241438,-0.14921061025764093,2.1415909915524542,3.3533905184668678,2.354801533448131,4.391848949337344,3.1018920527444473,1.7683779732942861,2.5684122702908025,1.1183015602690025,-2.2758176937586647,1.4487088300686377,0.7395047207451766,-0.664299781570187,-1.0167869466764135,-1.5921570556900857,1.3570006704647586,2.0252418900070905,0.5882211459493663,0.44313472258387243,2.171624753063628,-0.38845312839196433,-1.094255143642712,-1.094255143642712,-1.094255143642712,-1.094255143642712,-0.6916487281767241,-0.571579763579185,-0.571579763579185,-0.6916487281767241,-0.6916487281767241,-0.571579763579185,-0.571579763579185,-0.6916487281767241,-1.0842215201981569,-1.0842215201981569,-1.0842215201981569,-1.0842215201981569,-0.5268884106864755,-0.5093822674867701,-0.5093822674867701,-0.5268884106864755,-0.5268884106864755,-0.5093822674867701,-0.5093822674867701,-0.5268884106864755
-1.4684363823901068,-1.8578483603584157,1.88368817954174,-0.13195321736049248,1.9252986458527577,0.07187098983435192,1.863640884353825,-0.10768985594865832,-1.173612645551028,-1.9362569109023413,-1.2412124490613285,-1.9534607604707341,-2.77824385695199,-2.6228417437571623,0.06696287293033354,-0.9186763662122424,-1.3812144086677751,2.638630911566441,-0.22312643755000217,-0.4572640119754183,-1.9769132552186353,-1.684423838205051,-2.1306542469236827,-1.9257048575226774,0.7423968835233872,-0.24651830090428906,1.9883377768780832,3.355959263136681,2.958510179665266,4.105642238701142,2.509092873823434,3.725083542031685,1.382364879985582,0.3860736131552098,1.159468347220491,0.41273583142485926,-0.6203721907392516,0.393772854367719,3.6495794582898213,4.846101442406276,3.657661107938033,4.661664399948108,3.814213878759592,4.914325125271931,-0.9083514814818443,0.6968309119337288,-0.28631825255450316,0.42805517103475665,2.210613659797392,-1.6199537160239892,1.6958719112714435,0.17055243292396582,2.2657332358213527,3.9520936346774533,2.522701604259513,4.408717471537031,3.041007314368821,2.3487675207862857,2.6527393536385286,1.3894851550695453,-1.5155382447893988,1.4470862019923434,0.630107658678293,-0.3146897543047693,-0.6383911444531263,-1.1005892497429315,1.4046426895734951,2.178459395845751,0.42555544515975097,0.33347349567869955,2.0948786205812464,-0.3168462219471877,-1.1114522370530429,-1.1114522370530429,-1.1114522370530429,-1.1114522370530429,-0.7628556416035881,-0.6508425798191393,-0.6508425798191393,-0.7628556416035881,-0.7628556416035881,-0.6508425798191393,-0.6508425798191393,-0.7628556416035881,-1.105962077130048,-1.105962077130048,-1.105962077130048,-1.105962077130048,-0.6422879095131675,-0.606425326765315,-0.606425326765315,-0.6422879095131675,-0.6422879095131675,-0.606425326765315,-0.606425326765315,-0.6422879095131675
-1.4551608705776093,-1.9989389942955755,2.502754457138554,-0.5584409093418028,2.4852081610920953,-0.38801515664757424,2.4318595975818917,-0.560072007136033,-1.182253487981364,-2.0498358769326384,-1.206406473652772,-2.084004290245893,-3.2489050418425984,-2.049459434892743,-0.2622287766986222,-0.8236494825400644,-1.2924620117940897,1.612803018448842,-0.5041143728365407,-0.33061097689365404,-2.2672714900955864,-1.1255502336152223,-2.7201771669711494,-1.591524771167368,0.3669364605688834,-0.17264990501932154,1.8112781959117719,3.9100652388832327,2.794128867877201,4.424132101506302,2.3721218201926018,4.135588928260107,1.5596951211037524,0.5333975813746008,0.7444706955346332,0.8072839133482663,-1.2779802182591578,0.10564387122760621,3.8645028013476086,4.975642755069936,3.8911006544567517,4.676990612223252,4.119539029812435,4.990087143005642,-1.7441655480287417,0.609501685905534,-1.0111407536404537,0.3281621538513546,2.122418813007708,-1.820276350073343,1.689235921710944,-0.0495040849088646,2.2584946648451174,3.5838377475671024,2.4872408891220372,4.528589996066383,3.0648759476960343,1.9825050224196659,2.561289554275863,1.329910952579974,-1.8938337009294446,1.3615128457647216,0.7731075843528625,-0.5633912844336342,-0.7601763293946142,-1.260893721595263,1.274945167791703,1.9272664496598608,0.5647725478373662,0.4222919156861913,2.1985760946824726,-0.27683721531437033,-1.1157728185245679,-1.1157728185245679,-1.1157728185245679,-1.1157728185245679,-0.6762729651359134,-0.5742597033216477,-0.5742597033216477,-0.6762729651359134,-0.6762729651359134,-0.5742597033216477,-0.5742597033216477,-0.6762729651359134,-1.0821929047344048,-1.0821929047344048,-1.0821929047344048,-1.0821929047344048,-0.5172763240488134,-0.5002295911667627,-0.5002295911667627,-0.5172763240488134,-0.5172763240488134,-0.5002295911667627,-0.5002295911667627,-0.5172763240488134
-1.3640192444654256,-2.0637136047439135,2.684817975673461,-0.6591470831572419,2.6610408816508686,-0.47928858319484924,2.618016629896629,-0.647369634010639,-1.1081534284944885,-2.1440647815901794,-1.118634782132128,-2.1679836913119486,-3.48278878577706,-2.195915349615143,-0.3569688714431143,-0.9483279594198786,-1.438088182739266,1.7502010882915995,-0.5998845523792387,-0.45371695940076107,-2.5191997040147616,-1.338767544700806,-2.9392781940242223,-1.788982090470645,0.20388920708767344,-0.15278191172109423,1.9086051864979163,4.011946513197425,2.8541483161455874,4.396668843703687,2.4496613391441917,4.112853285837237,1.387451354766105,0.43535725262335934,0.6364105575846732,0.862126588393533,-1.4889208376106362,-0.08148191917823455,3.78085969679754,5.026924898889237,3.808317758592114,4.766371514654554,4.039477081460221,5.089746632500089,-1.957456761775369,0.48772093226694846,-1.1841719179036718,0.15915958608163105,1.990370414273463,-1.9220080421840011,1.7494207078085156,-0.09472467140061624,2.4001431129231756,3.5921858218533957,2.677289572842337,4.449133055949759,2.9811389664233703,1.9800632667754003,2.542451017769813,1.2763676538321285,-2.1784279178678982,1.3012978381502576,0.9300194507642638,-0.840100537522515,-0.9487280762027188,-1.403780502771248,1.2175424403802024,1.8814475853396893,0.6927304876295581,0.5345023384103635,2.0487013356062223,-0.49658925691144074,-1.1416911332627286,-1.1416911332627286,-1.1416911332627286,-1.1416911332627286,-0.7048377826189598,-0.595327334697572,-0.595327334697572,-0.7048377826189598,-0.7048377826189598,-0.595327334697572,-0.595327334697572,-0.7048377826189598,-1.0770880527770106,-1.0770880527770106,-1.0770880527770106,-1.0770880527770106,-0.5231020435120439,-0.5073731798782837,-0.5073731798782837,-0.5231020435120439,-0.5231020435120439,-0.5073731798782837,-0.5073731798782837,-0.5231020435120439
-1.6034072818968843,-2.046679779163229,2.255267448642937,-0.6693666536954677,2.2959265042116064,-0.5404723660451642,2.2358108908090317,-0.6769892335702368,-1.321165107199433,-2.0580764361110657,-1.2980980711048957,-2.063333782768074,-3.071641103534085,-2.419759049464541,-0.02347613625624856,-0.5956743803563631,-1.0529165190658727,1.1537646089984976,-0.2768966273829392,-0.10911633162560896,-2.209144177271146,-1.4469466728944722,-2.660389580874355,-1.9915945537398354,0.003970755829502792,0.3451408029946865,1.394911360998928,4.086667261498946,2.378437530127397,4.601067643767519,1.96213695138389,4.332478092131905,1.8149941803592071,0.9363715476591388,0.5503517808645499,1.374742395247682,-0.5836955984814818,0.2801959345085958,3.8365690004715036,5.291965320964555,3.8370513130679607,4.940267958562537,4.141770574347128,5.333099581999265,-1.0158997320139953,0.9490603799042026,-0.23623131174404488,0.6303585341803046,2.52737524368147,-1.6158077652681682,1.787860047458131,0.15824458007626685,2.438961209495564,3.5050957617761194,2.725036010486133,4.567881684447316,3.332040601346411,1.7096613016233153,3.0088494872663185,1.0372931415545708,-1.8060479744546774,1.407436643763126,0.9495064278785215,0.02553902974548361,-0.47027755975524865,-1.2341152094946457,1.3932644020653653,2.038936213725072,0.6746486814481303,0.2836374628902938,2.8803738131018024,0.3769922092037534,-1.1202348786267473,-1.1202348786267473,-1.1202348786267473,-1.1202348786267473,-0.5826413776614912,-0.4516225049028728,-0.4516225049028728,-0.5826413776614912,-0.5826413776614912,-0.4516225049028728,-0.4516225049028728,-0.5826413776614912,-1.1184759332829914,-1.1184759332829914,-1.1184759332829914,-1.1184759332829914,-0.51361731165031,-0.5029268053875322,-0.5029268053875322,-0.51361731165031,-0.51361731165031,-0.5029268053875322,-0.5029268053875322,-0.51361731165031
-1.426192260814612,-1.977019004137258,2.507845353847392,-0.49336002227833475,2.4956350715349567,-0.33270210508509024,2.4416041193588436,-0.5026351386233876,-1.147939303299986,-2.018533027028673,-1.1816732321172831,-2.06132836999223,-3.3431328646156566,-2.0608017288196185,-0.28523366194055555,-0.827408802021957,-1.3321226911447077,1.74008645937508,-0.5116695840153263,-0.34219598545563645,-2.336871273019894,-1.1676025703143083,-2.783776325712192,-1.6278915015906188,0.34018684195982374,-0.2512704064820239,1.8431790788385953,3.836150026667992,2.8202913158312892,4.362189226423181,2.3868229586311287,4.0636735648041,1.5918100096991958,0.3765337537283697,0.7217432571951985,0.68536834285886,-1.1720913108356958,0.08022213357290653,3.7564314292059997,5.028320312955307,3.758202546984027,4.736918805966203,4.008115877310209,5.064470533246647,-1.6547888559335875,0.5857156259869187,-0.8802266980479083,0.27816208004663245,2.179531197500091,-1.8336935597121697,1.6797136593174464,-0.11246593951598172,2.2395823053186508,3.564232589934205,2.4324840989793692,4.509155245850897,3.110036577017345,2.0004172207459474,2.560177567283392,1.3649286275175054,-1.9286239001071044,1.292654415369018,0.716915682624796,-0.6394662199515895,-0.7816641202262398,-1.3180192361232024,1.2289237712217984,1.8331871532992796,0.4977332770922578,0.36838069919922134,2.175195359131302,-0.3296065252194351,-1.1157903936026496,-1.1157903936026496,-1.1157903936026496,-1.1157903936026496,-0.6866775235356268,-0.5824758494170439,-0.5824758494170439,-0.6866775235356268,-0.6866775235356268,-0.5824758494170439,-0.5824758494170439,-0.6866775235356268,-1.0815383458800056,-1.0815383458800056,-1.0815383458800056,-1.0815383458800056,-0.5173138652513001,-0.5026276260370484,-0.5026276260370484,-0.5173138652513001,-0.5173138652513001,-0.5026276260370484,-0.5026276260370484,-0.5173138652513001
-1.218417511053973,-2.006834241600332,2.0956838927035175,-0.28709544306876467,2.116137064298231,-0.17892850898790602,2.0476806341337817,-0.3344176549718503,-1.0001078162038972,-2.0272550373291827,-1.0195710816013337,-2.1183279736696665,-3.312605237324509,-2.082264502407858,-0.20200228885285032,-0.6379330127705103,-1.640165234912633,2.4635884563542643,-0.48721539826601745,-0.17611562351103238,-2.2088719729470183,-1.3758600879163616,-2.550196573285849,-1.7700272523230725,0.6176094365466254,-0.3632092235027109,2.314330820144219,3.1021733824441657,3.2295960069508087,3.748102972945299,2.808675408624296,3.443962701727271,1.9554861351551978,-0.017260140547189273,1.0268744455587004,0.1595007756600424,-0.8569866161731863,0.4151153995323327,3.017334417230879,5.057355228827342,2.9041257564179848,4.914892641576101,3.1119905201818323,5.220170309314343,-1.1338850637647448,0.7969156419699202,-0.42424325914362004,0.4954062575897584,2.223767650263868,-1.9186300531988794,1.7921353723640099,-0.3295690073337987,2.281078395103526,3.1578779936858705,2.1991967965814663,4.14168927898927,3.1751310480912753,1.6225711940727408,2.4323942274537327,1.1516566615003692,-1.5959459472805513,1.3435222952707715,0.4037072356912219,-0.060187130944525435,-0.7344651239154683,-1.382864252530715,1.710294962116202,2.014902092241991,0.15383927528505748,-0.0014991691685830588,2.5563997573619126,0.03872231059622244,-1.1400414809004618,-1.1400414809004618,-1.1400414809004618,-1.1400414809004618,-0.7511127357878369,-0.6645870583573341,-0.6645870583573341,-0.7511127357878369,-0.7511127357878369,-0.6645870583573341,-0.6645870583573341,-0.7511127357878369,-1.069365466594581,-1.069365466594581,-1.069365466594581,-1.069365466594581,-0.5485478272421291,-0.5402909311129553,-0.5402909311129553,-0.5485478272421291,-0.5485478272421291,-0.5402909311129553,-0.5402909311129553,-0.5485478272421291
-1.5506745975539293,-2.0301355282413756,2.16754996876693,-0.22921734491944878,2.1881529001948348,-0.0242482870473939,2.1256765064362213,-0.1924111795164234,-1.262930325847091,-2.0724672696357223,-1.3260203799288997,-2.1200172944128663,-3.0465855434588764,-2.106175550110313,-0.08235685370891677,-1.026362957134674,-1.0506976903737808,1.472359360834111,-0.29221047886451457,-0.5107126484214661,-1.9813013940898445,-1.1997460231435508,-2.4205247247599075,-1.7278617995967216,0.5582934702077704,-0.3299395844279296,1.3471087045320749,3.5536917012210116,2.331984956977391,4.2091240151326215,1.8936632722103983,3.896666885849447,1.4347851309336876,0.16738944060327476,0.7545025313385603,0.3761392341945502,-0.9889705706822527,0.07488559320419519,3.1346717110817606,4.275803619711169,3.1713311595723788,4.014137658224412,3.4134328364820075,4.344788556651764,-1.3538101233466238,0.5472672632093394,-0.7468677904245515,0.13202495942254622,2.0690813528844787,-1.569081936234216,1.5734847367130165,-0.1888251689986471,2.117657917313487,3.3457014395799094,2.4122498809920003,3.8800085751982696,2.8665839981178713,1.9787417549848776,2.447427820579195,1.0382032903656437,-1.9880780578908888,1.5377722634741477,0.7194470988405781,-0.20267462609473164,-0.7810647796221275,-1.3541918665173998,1.4616635615467066,2.384237684271362,0.41464627504942,0.27167205221036106,2.435976236146354,0.06893224680700882,-1.0934306571295371,-1.0934306571295371,-1.0934306571295371,-1.0934306571295371,-0.7853198038954021,-0.6410792263869465,-0.6410792263869465,-0.7853198038954021,-0.7853198038954021,-0.6410792263869465,-0.6410792263869465,-0.7853198038954021,-1.081177797402047,-1.081177797402047,-1.081177797402047,-1.081177797402047,-0.5507872843656454,-0.5277388952360571,-0.5277388952360571,-0.5507872843656454,-0.5507872843656454,-0.5277388952360571,-0.5277388952360571,-0.5507872843656454
-1.5241009674026822,-1.8228711663421784,2.431500212144286,-0.3859102582934977,2.427096461204502,-0.18656566221533755,2.3641789927922705,-0.37314630728302767,-1.232127293599619,-1.8703220970005225,-1.3072923623532793,-1.9268536138940382,-3.2056597976541754,-2.1996114237410196,-0.32342380174449925,-0.9280982913945399,-1.1636314359453506,3.128636857017818,-0.5600711051550116,-0.48830069390869824,-2.253521314336881,-1.3447360348177706,-2.6243760867355177,-1.692588733592567,0.28593700499985353,-0.3023838999954984,1.510341550625328,3.75413534129659,2.4513647788155977,4.245571335060428,1.9995168570900015,3.9344340153606874,1.682648593488774,0.2698422251617467,0.7735404433608783,0.568641175005344,-0.9746642763522528,0.1010571810458929,3.249344862593534,4.665807439405067,3.374771735157119,4.473686427386947,3.543872774480879,4.750662608469695,-1.4452759685317282,0.584659217989012,-0.6863506524462606,0.16777880737833684,2.1583088854757513,-1.6894291462396613,1.665447334562785,-0.15896885337202527,2.2975724083043607,3.8028074604903503,2.4895106091572448,4.420982380857731,3.1789763620017855,2.4245192224030454,2.6792840772229463,1.5448370834715757,-2.0081201154124955,1.31298884683833,0.853790922096719,-0.774437410885882,-0.8886145523545412,-1.3436132055028978,1.2126675276695602,1.8129536174006313,0.5369782778192302,0.4124745793353979,2.0370428598883077,-0.41981283016086923,-1.1253487772870168,-1.1253487772870168,-1.1253487772870168,-1.1253487772870168,-0.6990806722713563,-0.5880512700248923,-0.5880512700248923,-0.6990806722713563,-0.6990806722713563,-0.5880512700248923,-0.5880512700248923,-0.6990806722713563,-1.076384158238934,-1.076384158238934,-1.076384158238934,-1.076384158238934,-0.5197938358657348,-0.5019225680824064,-0.5019225680824064,-0.5197938358657348,-0.5197938358657348,-0.5019225680824064,-0.5019225680824064,-0.5197938358657348
-1.4871338023252516,-1.883710917001574,2.4385221929401206,-0.4226582229402758,2.427807126741457,-0.2548543473507845,2.3729710244111653,-0.431805452808653,-1.1985601476769059,-1.922946887510232,-1.2486646628957745,-1.9708472861352302,-3.2723727781219774,-2.284484257840874,-0.28467359179834073,-0.8636641328726031,-1.3063910476178924,1.8915267734643582,-0.49547001344848773,-0.3923522442730274,-2.3035030710820923,-1.3564823512072288,-2.6974109721575394,-1.8019652238484216,0.4148654045722324,-0.3929610800018306,1.8611947530614295,3.787545497729443,2.880383309380779,4.286203001850794,2.4508977144774784,3.9691272477789283,1.6152078220740425,0.28703215515981384,0.782750705413882,0.5451038591841444,-1.132981720784485,0.025370719821451893,3.692487644816813,4.886929583014812,3.7378344231279366,4.599971271353644,3.9824739497453017,4.920044489046539,-1.6025282211400662,0.5258507225286175,-0.8090568706909465,0.20494782533726852,2.062732725028937,-1.7336005138357455,1.6109233026285574,-0.06453846514955952,2.2117088175062065,3.5765852752178793,2.4797146492394013,4.485719656927714,3.0132913437457844,2.0936506997427378,2.576826678196533,1.435916534286502,-2.0231123581176105,1.3655396129915092,0.6961680999088085,-0.7467439865145908,-0.8816350560166306,-1.3391818533341624,1.240218191695737,1.8710105613404853,0.4807407475315628,0.3900412450948201,2.11322956081161,-0.39930683923189614,-1.1127905486989613,-1.1127905486989613,-1.1127905486989613,-1.1127905486989613,-0.6960869282106659,-0.5802865802858954,-0.5802865802858954,-0.6960869282106659,-0.6960869282106659,-0.5802865802858954,-0.5802865802858954,-0.6960869282106659,-1.074760304175554,-1.074760304175554,-1.074760304175554,-1.074760304175554,-0.5136233706327289,-0.497021705558061,-0.497021705558061,-0.5136233706327289,-0.5136233706327289,-0.497021705558061,-0.497021705558061,-0.5136233706327289
-1.142501891413985,-1.8724582904899187,1.524700615073261,0.0034979415958718008,1.5821135607574304,0.1700747309852515,1.5017082341116588,0.017581358959435356,-0.8409019891840446,-1.9661759695298144,-0.9229692863185512,-1.9665151362018936,-3.504886390840225,-2.7809794212081753,-0.2403148654795535,-0.5743880018944574,-1.3821273049130758,2.521404086991234,-0.49137293349461153,-0.1413274782657723,-2.659010997375251,-1.841886083834202,-2.7679233694252465,-2.0497093700926463,0.03729351630125066,0.02352850535708395,2.216788333350464,2.9821221058207543,3.1266314144275187,3.727568835343722,2.5859442278916687,3.4162283016447246,1.5993155911261683,0.010612570087605633,0.44047002982438155,0.3860117582149245,-0.6799011313918708,-0.12500606353431998,3.729572014282586,4.743888873188756,3.603988367712291,4.5425195053593965,3.862105000053673,4.869490094786406,-1.09036990509289,0.3581589433158179,-0.41173408045125814,0.00908923423228103,2.644388038799584,-2.7722657914553848,1.5193214910349306,-0.8654401870751269,1.9797918207909229,3.2822073338443127,1.9720256702253085,3.435172391984147,3.4095189162718524,1.820806942134145,2.855532466667573,0.6648416916642832,-0.9310799900302982,0.4887394059028347,0.9955050920164501,-0.3925204331912404,-0.14291641038873415,-0.5559999833134186,0.9886408116329228,1.004921477983479,1.011415986772775,0.8326089004129962,1.847639190683008,-0.7148299818988146,-1.1316488799428552,-1.1316488799428552,-1.1316488799428552,-1.1316488799428552,-0.8122848863357266,-0.7052489152579975,-0.7052489152579975,-0.8122848863357266,-0.8122848863357266,-0.7052489152579975,-0.7052489152579975,-0.8122848863357266,-1.0795968353382324,-1.0795968353382324,-1.0795968353382324,-1.0795968353382324,-0.5263027631360568,-0.5302703959743367,-0.5302703959743367,-0.5263027631360568,-0.5263027631360568,-0.5302703959743367,-0.5302703959743367,-0.5263027631360568
-1.2588202348019197,-1.9689244785774749,2.2016359573867557,-0.34616163279142453,2.2609511359922023,-0.21372170590923334,2.2037223848501672,-0.32625663130507343,-0.9980444833078677,-2.080933382896799,-1.0309041389660494,-2.0484986250478676,-3.448527122107856,-2.4193313510251455,-0.24322327137948418,-0.7515258863748109,-1.153791984786896,2.642675329300413,-0.47551067373926115,-0.36917633862658006,-2.730133818738134,-1.577029152755893,-2.8447186393135144,-1.9931375205233488,-0.02278898233697335,-0.023422770061181986,1.5871370707900119,4.2539066584690755,2.660150173068869,4.94297573534449,2.221383939388757,4.65226445122441,1.5209276901212134,0.10452081765427934,0.7516694038873593,0.49657027119695085,-1.0076563114218016,0.1865516604529085,3.572044768873306,5.238177871276136,3.593933648371864,5.104795073593774,3.76746539914704,5.376345510259581,-1.2540131370203063,0.5096995474677821,-0.6817830787997452,0.3971312412480992,2.754045074691892,-2.0935087113272886,2.3693191256317054,-0.3574617521759058,2.750037829406508,3.0282591657503155,2.7749560856703055,4.072761939506398,3.3704655007414313,1.5665007206767094,2.787314085218432,1.0915704243829212,-1.2253211231195786,1.2608354429920925,0.5341032941152775,-0.07747239077037493,-0.5105569532017982,-0.7768401695589175,1.4170141501794782,1.835962743675815,0.35737915965579115,0.2207859235207903,2.5052656923922174,0.010225537521281414,-1.0981176255463843,-1.0981176255463843,-1.0981176255463843,-1.0981176255463843,-0.6767576553497627,-0.53899149355771,-0.53899149355771,-0.6767576553497627,-0.6767576553497627,-0.53899149355771,-0.53899149355771,-0.6767576553497627,-1.0981992695092164,-1.0981992695092164,-1.0981992695092164,-1.0981992695092164,-0.4888713943620697,-0.4685695994598773,-0.4685695994598773,-0.4888713943620697,-0.4888713943620697,-0.4685695994598773,-0.4685695994598773,-0.4888713943620697
-1.2590984494729929,-2.1307686297453867,2.5813192333970374,-0.5479836636530244,2.586190873117517,-0.416022988866116,2.5234294471465617,-0.5785273600661229,-0.9786564761041223,-2.185462592513252,-1.0101226003418566,-2.2284904413572715,-3.476624627713644,-1.8393450009832097,-0.2215579511890482,-0.7990848627844187,-1.5833545779324973,1.8214587294799216,-0.4603992619176367,-0.34797462794341705,-2.4293778836780504,-0.9680113917103315,-2.864962156188305,-1.3981394475303968,0.18837058015002395,0.09477036903732561,1.8416222326143359,4.066104386376761,2.7012555951600943,4.5833582824464525,2.2472149046155128,4.310913021915514,1.4545034721204315,0.47280415681483046,0.5997771840784143,0.8888807914352599,-1.1032238651400488,0.22521341627293534,3.607629934672495,5.368444222984854,3.5254280556328546,5.104195915229829,3.792966740040928,5.461046323671052,-1.6081159533248446,0.7816231903070436,-0.7988669759583082,0.45633303564060235,2.3147626786756383,-2.181880950770628,1.876288771081125,-0.24844076343594867,2.399008446518578,3.590660661669288,2.521227615724559,4.586841547181262,3.197038023068762,1.8009558029888098,2.549445243853625,1.279304386034104,-1.6991373882510894,1.0001492352788013,0.545345616570323,-0.5350719773976085,-0.6778099530821056,-1.2361932412939542,1.1091897070461867,1.6568534585818258,0.3186513900761252,0.12647629443606867,2.373627772537935,-0.2098745448261221,-1.1287271076098944,-1.1287271076098944,-1.1287271076098944,-1.1287271076098944,-0.7025018694271372,-0.6033417387152804,-0.6033417387152804,-0.7025018694271372,-0.7025018694271372,-0.6033417387152804,-0.6033417387152804,-0.7025018694271372,-1.0771349700428177,-1.0771349700428177,-1.0771349700428177,-1.0771349700428177,-0.5277062877812675,-0.5171266678982747,-0.5171266678982747,-0.5277062877812675,-0.5277062877812675,-0.5171266678982747,-0.5171266678982747,-0.5277062877812675
-1.3307118993955624,-1.9864702025923577,2.3875811406973986,-0.478984885308229,2.4054585122609087,-0.2912973655642741,2.345228382822633,-0.469285767893469,-1.0487431409701795,-2.028466153784068,-1.1012892832155945,-2.0666373767078388,-3.3140449651653916,-2.134791175925519,-0.2913035635175296,-0.837133146205169,-1.2838820918946579,2.410220166548717,-0.5628497587513968,-0.4055726584638002,-2.38863210302097,-1.2409061493264026,-2.711649892068014,-1.5885800402922667,0.423866085126714,-0.2241243313389676,1.45044239885471,3.886402816369406,2.5011088833089783,4.423335766898777,2.064615764708858,4.101631603385574,1.4552733921667667,0.418969088363764,0.7779884918018425,0.6491336505961804,-0.9736388920836871,0.10276687236534432,3.5625315843991316,4.7119390947945,3.609635197551242,4.4959645316426435,3.804782384160724,4.785702535469369,-1.3723403645761594,0.575430710954909,-0.6838649885427053,0.1727119987672081,2.175945472020188,-1.591121713491496,1.8688962820627504,-0.15892640111182743,2.5339225541748815,3.6820201574880294,2.7305349836277806,4.228588127431792,3.1643643203189527,2.415314001797375,2.7353962591722087,1.4175012808152125,-1.7207793537705136,1.3218502105672165,0.916722479791436,-0.6808925369768271,-0.6050241758825177,-1.0533074846913615,1.1358287772756785,1.9118456778219812,0.6572245402440231,0.5680242123722961,1.919954665550815,-0.450542427983887,-1.1193557972150368,-1.1193557972150368,-1.1193557972150368,-1.1193557972150368,-0.6925987219137486,-0.5923252195977255,-0.5923252195977255,-0.6925987219137486,-0.6925987219137486,-0.5923252195977255,-0.5923252195977255,-0.6925987219137486,-1.0830148024666189,-1.0830148024666189,-1.0830148024666189,-1.0830148024666189,-0.5252199783410489,-0.5096595203893299,-0.5096595203893299,-0.5252199783410489,-0.5252199783410489,-0.5096595203893299,-0.5096595203893299,-0.5252199783410489
-1.476114180840506,-1.9437972896699223,2.4528115249119047,-0.45264580544986277,2.436238124673931,-0.2926455248768489,2.383224905412951,-0.46553239118578826,-1.1914640808433217,-1.9887739737109733,-1.2318117405940239,-2.0302976944693727,-3.2363749351114004,-2.1381421181926585,-0.2796051770298602,-0.8416300160492614,-1.3307187204592,1.7199767380160056,-0.5025273043333716,-0.35731503922913443,-2.2613087345220855,-1.2044467820237474,-2.700890646790339,-1.6795360052422614,0.42128555699336534,-0.3221784643620369,1.8639562077957263,3.822857639843673,2.869725551842415,4.336896589311398,2.4422531750854075,4.031549740621302,1.605858196543278,0.38200755945350373,0.7841768775423574,0.6303853506127144,-1.1858899029087016,0.07117553990505687,3.7868912449883725,4.947730667716095,3.813371178098607,4.646174137538677,4.063454047933349,4.967458069817133,-1.6470747933207956,0.5669901814175171,-0.8786649151650758,0.26104848697326766,2.1038574024133814,-1.7610954342831975,1.621061841949957,-0.052365978176006855,2.1991599584756996,3.5827723415675807,2.4354321613083734,4.502615509948737,3.0364642918306695,2.048315394619496,2.5555553115880434,1.380289868044172,-1.9639110689416315,1.3694256780968246,0.7107385648212494,-0.6491886314561577,-0.8107231530451386,-1.3119113750454847,1.250804716058334,1.8989575992159553,0.5012538085488174,0.37828554815389204,2.1610812010266143,-0.3238668144916783,-1.1158506729718995,-1.1158506729718995,-1.1158506729718995,-1.1158506729718995,-0.6901062799593785,-0.5815959109638125,-0.5815959109638125,-0.6901062799593785,-0.6901062799593785,-0.5815959109638125,-0.5815959109638125,-0.6901062799593785,-1.08110070575004,-1.08110070575004,-1.08110070575004,-1.08110070575004,-0.5205620048050079,-0.5044439515944683,-0.5044439515944683,-0.5205620048050079,-0.5205620048050079,-0.5044439515944683,-0.5044439515944683,-0.5205620048050079
-1.4954603921747216,-1.922695684613391,2.4445034562841403,-0.4304780122265881,2.426284092095922,-0.27205210214043074,2.36955712515475,-0.44623427365462387,-1.205091307559857,-1.9607031635352552,-1.2534365443057958,-2.011397450293363,-3.2337989183547204,-2.1655075615821087,-0.28335951597799713,-0.8769532542611773,-1.293434452787353,1.7004838128445527,-0.4889374412325589,-0.374720957187205,-2.243636887108873,-1.2222228623822735,-2.678654658483376,-1.7134563533726692,0.4140506143074072,-0.35421166910308033,1.8678387248321364,3.7787387091565154,2.864233191491353,4.30980763989063,2.4412732343145453,4.008023437327152,1.6075589190276602,0.361954952646693,0.7840760784639542,0.5925799778501384,-1.2247290470471484,0.036213381205700834,3.8051236005623235,4.8991757237258255,3.8268496634323554,4.601921191280008,4.079455890108722,4.921705578049526,-1.6958895444633724,0.521751750667951,-0.9261150267353102,0.21845465841468403,2.1199685330286044,-1.7571953590219995,1.63511535258454,-0.08150686178753297,2.1777573487518564,3.52124824080487,2.4303797395382034,4.479055514283523,3.013577927911827,2.020513979772259,2.560858520700351,1.3968888185587147,-1.9364517792152216,1.379770814728798,0.7066717529426967,-0.6369976442729497,-0.8043691992533577,-1.308796955040032,1.2680798515544014,1.911462682612986,0.5126122372811928,0.3977213642861006,2.1623488200701786,-0.3220150425357309,-1.1104377150095868,-1.1104377150095868,-1.1104377150095868,-1.1104377150095868,-0.6950150806633864,-0.5865041567643283,-0.5865041567643283,-0.6950150806633864,-0.6950150806633864,-0.5865041567643283,-0.5865041567643283,-0.6950150806633864,-1.085284592251723,-1.085284592251723,-1.085284592251723,-1.085284592251723,-0.5265575768041861,-0.5101329250000473,-0.5101329250000473,-0.5265575768041861,-0.5265575768041861,-0.5101329250000473,-0.5101329250000473,-0.5265575768041861
-1.3747765947169044,-2.0962413611546133,2.426428229547056,-0.4575694966950916,2.4069396180793468,-0.3237652334875216,2.346691122460086,-0.49129869490029865,-1.0573688567045783,-2.1448393862049944,-1.12459967542185,-2.186786579671038,-3.3297630527728246,-2.026233645082489,-0.1998871639774471,-0.8167324552427746,-1.4029688604462796,1.8201705514859063,-0.38668930126018664,-0.2093058814643336,-2.283055895574642,-0.8618109628323247,-2.8428290916582277,-1.498296130919893,0.4373942622341844,-0.36524605970009993,1.7060321705305426,3.8995122629116508,2.675445392148054,4.466629454216259,2.260597624586953,4.1669457552082765,1.5986979696167078,0.3310758492689785,0.8425527797391772,0.5952602852585946,-1.1690530709271156,-0.03397594106055868,3.7757685078872574,4.638106934982456,3.7957636867937032,4.329966440448484,4.073119982067368,4.63098932485677,-1.604314610225971,0.4595265998887972,-0.8559203193295541,0.08914966894459608,2.1617838834404117,-1.7468544900951057,1.3586738181653195,-0.08452394413748987,1.9682434334272432,3.667612792947908,2.248154995166552,4.540900262596322,2.9638957172829374,2.0240573281236203,2.6274000246135567,1.2502003893158204,-1.8772987991340484,1.3141590870097457,0.615545313091356,-0.8420017184828592,-0.5769893053214852,-1.272677418374732,1.1714727917621617,1.8477079661434526,0.3977217299317757,0.26873951345840386,2.012687186322649,-0.4561684720087924,-1.103567590000964,-1.103567590000964,-1.103567590000964,-1.103567590000964,-0.6720126797708414,-0.5808100051867915,-0.5808100051867915,-0.6720126797708414,-0.6720126797708414,-0.5808100051867915,-0.5808100051867915,-0.6720126797708414,-1.0633476311846466,-1.0633476311846466,-1.0633476311846466,-1.0633476311846466,-0.5014729123926416,-0.48326905754926797,-0.48326905754926797,-0.5014729123926416,-0.5014729123926416,-0.48326905754926797,-0.48326905754926797,-0.5014729123926416
-1.4305496310916732,-1.9765791527636374,2.5051664499680077,-0.4983018628500915,2.4895684262667777,-0.3369538975917674,2.4349242228564814,-0.5100354511547187,-1.1501476042387093,-2.024195654253399,-1.1927205169621677,-2.0695269415308504,-3.2723718454559942,-2.0859850688218615,-0.2620398793192158,-0.836250244490305,-1.3259489175700394,1.884072215562922,-0.4992074090092551,-0.36457252855938194,-2.301104512522638,-1.1689504734688123,-2.7295605965334375,-1.6072660309062368,0.39144813349384844,-0.2974798795431357,1.8475524112476256,3.86811053632527,2.8403332778144232,4.3674518167748,2.421089261686854,4.063644710755527,1.5852679942812777,0.38459441745529155,0.7620254149461756,0.6496418733341942,-1.148194233551668,0.08393710051903103,3.750243534234569,4.906875949239655,3.7812637375040943,4.6277422429859225,4.022107686688717,4.940594347703183,-1.6344278775671475,0.5926596057033393,-0.8528464492796384,0.2857784811681583,2.100793667741738,-1.7549676545084165,1.6554628830588607,-0.04567413207959348,2.2414200224348297,3.604478802989064,2.4851134035289215,4.525084497564183,3.0444394479094594,2.0703724660591387,2.583799169528514,1.414007684099337,-1.9336316632698543,1.326517242954199,0.7741137558063489,-0.7014345413332848,-0.7972587720437465,-1.2877551919241235,1.217154397195193,1.8546021187417603,0.539732658268572,0.42989579455495974,2.103139252672234,-0.39853956156219716,-1.1197712019078483,-1.1197712019078483,-1.1197712019078483,-1.1197712019078483,-0.6937145748219224,-0.5898799623424997,-0.5898799623424997,-0.6937145748219224,-0.6937145748219224,-0.5898799623424997,-0.5898799623424997,-0.6937145748219224,-1.0842658277263055,-1.0842658277263055,-1.0842658277263055,-1.0842658277263055,-0.5251385916565736,-0.5083854169660116,-0.5083854169660116,-0.5251385916565736,-0.5251385916565736,-0.5083854169660116,-0.5083854169660116,-0.5251385916565736
-1.3329880705427462,-2.011073434878427,2.5359684351142375,-0.5681587612923833,2.530688542667991,-0.4141736008725436,2.4886721050417773,-0.5729832155509857,-1.082514386283015,-2.0757905536226753,-1.0976598776682587,-2.094325189604256,-3.2596838807322426,-1.9889026341402496,-0.17204835039115096,-0.7101112985492994,-1.4486045097951266,2.0864771532037354,-0.45603302657787737,-0.332919555290883,-2.338953283574557,-1.142552761825013,-2.7755716339273553,-1.4991255681305997,0.280234610280397,-0.10281690770460727,1.9621948093701072,4.00433280435519,2.970562393554883,4.434907322626723,2.5547629949207513,4.126109318870302,1.525243515769727,0.4699984551255785,0.6454567746664885,0.8610276728578121,-1.0082621915591816,0.18126422218255467,3.742582427955515,5.102160520011294,3.7693942239454206,4.843774916414931,4.003946294503267,5.154855823854451,-1.4585901037947742,0.7338649317164858,-0.6873545209759957,0.42993060904112745,2.1274190602052805,-1.7766179526752506,1.7046069632662908,-0.013133544262156072,2.37016277387802,3.7065801776475915,2.5466881869356,4.53898778633409,3.1463547376089123,2.1132578896601393,2.6267095695349596,1.4002989048631722,-1.8951716912445251,1.195537026546977,0.8297056511800047,-0.7483323379474998,-0.7503781894453052,-1.2379409799552947,1.1250327084893925,1.7032509259293924,0.5740949623672744,0.4628180194208076,2.031271512076952,-0.47335786529746837,-1.15621230601048,-1.15621230601048,-1.15621230601048,-1.15621230601048,-0.694647213244366,-0.5970811929334943,-0.5970811929334943,-0.694647213244366,-0.694647213244366,-0.5970811929334943,-0.5970811929334943,-0.694647213244366,-1.101265451308164,-1.101265451308164,-1.101265451308164,-1.101265451308164,-0.5309151989062002,-0.5185386066588933,-0.5185386066588933,-0.5309151989062002,-0.5309151989062002,-0.5185386066588933,-0.5185386066588933,-0.5309151989062002
-1.40717150531295,-1.9883267689709152,2.479803627675123,-0.4830937100893675,2.467104497155373,-0.31909844576741886,2.4157964818330697,-0.49120679707552695,-1.1370906852143405,-2.0420763286821115,-1.170875654581768,-2.082790035261131,-3.2947728262881006,-2.0997841229183662,-0.2784124145000435,-0.8131227623597992,-1.335141285677039,1.954955424956526,-0.5173085539080247,-0.37341591480674463,-2.327601365673055,-1.1975525312964308,-2.746782503464984,-1.6205641293506186,0.38972553321928327,-0.2712244443812555,1.8594529492011036,3.8640401410381093,2.8732007904278047,4.34419310321528,2.4489031115676605,4.033001045708988,1.5774909855938004,0.35567069360874104,0.7578061021737765,0.6716298672011005,-1.1111168195061198,0.043070194770300496,3.6896337934529067,4.961913593888613,3.7359246490903137,4.681829004248587,3.9716034723850493,4.995048909699006,-1.577055141857039,0.5594343068507213,-0.7961239953710955,0.24240731677423977,2.0388617364220005,-1.7582012706380343,1.6143629938523079,-0.01289097157896446,2.237039767819252,3.671651024048777,2.4878216870420493,4.565902897431662,3.0237792608706844,2.1000080132992505,2.569296170613266,1.4307236380537303,-1.9644731025724051,1.3215811311212766,0.7750279853864184,-0.74876615880817,-0.8027151676769968,-1.2829721555156377,1.2083007548366336,1.8473577964890637,0.5255417292110396,0.4159718824256595,2.0742570135082774,-0.4403013920872687,-1.127218923085779,-1.127218923085779,-1.127218923085779,-1.127218923085779,-0.6944606134769806,-0.5903557091210607,-0.5903557091210607,-0.6944606134769806,-0.6944606134769806,-0.5903557091210607,-0.5903557091210607,-0.6944606134769806,-1.0820164927838252,-1.0820164927838252,-1.0820164927838252,-1.0820164927838252,-0.5170141024294228,-0.501637321847463,-0.501637321847463,-0.5170141024294228,-0.5170141024294228,-0.501637321847463,-0.501637321847463,-0.5170141024294228
-1.3816341328208241,-2.094073468486501,2.5764932627449904,-0.5214857384966622,2.552388771512889,-0.4133439380924733,2.4956264593631916,-0.5695476146310163,-1.1040125593808234,-2.1393945564851027,-1.1133925802148745,-2.1947647176585354,-3.4638499424306195,-1.819278298252398,-0.2388058052030324,-0.8716401805172538,-1.6625301726515045,1.1724269286178677,-0.48511386575171844,-0.3390385757410712,-2.3516852381867097,-0.9581844300045663,-2.876957566929132,-1.539907898741669,0.06991763511741311,0.05218621689202063,1.8734571731916319,3.9122877160437204,2.7335801454682223,4.426195110069355,2.2900887806261796,4.182761067400123,1.4859275302775474,0.5885236461138943,0.5020002175985523,0.9684034734863936,-1.4022970670497292,0.07493579767831449,3.897237701354986,5.373907945535906,3.8175842171481777,5.0536663458157856,4.116406824741055,5.4198157591097145,-1.9347975158130253,0.6488840702086494,-1.1400281802696322,0.2209841635848493,2.3366933491000728,-2.331348949918843,1.7679818165399865,-0.4208698396270458,2.200371642503435,3.4951718059694494,2.3547235391811014,4.442180689522021,3.1260928112282462,1.695593622729671,2.4172106593272398,1.048732766486462,-1.8459918294264104,1.131290816541001,0.5676340543755822,-0.5099786909410797,-0.6867108992648685,-1.399224429445777,1.2179481680291495,1.8229942950944462,0.3559571386923297,0.12416906306988551,2.4099218653682533,-0.14256341883213697,-1.125625149527421,-1.125625149527421,-1.125625149527421,-1.125625149527421,-0.6892449928100151,-0.6015393623787109,-0.6015393623787109,-0.6892449928100151,-0.6892449928100151,-0.6015393623787109,-0.6015393623787109,-0.6892449928100151,-1.0895513233106353,-1.0895513233106353,-1.0895513233106353,-1.0895513233106353,-0.5086291006087675,-0.5038227492231693,-0.5038227492231693,-0.5086291006087675,-0.5086291006087675,-0.5038227492231693,-0.5038227492231693,-0.5086291006087675
-1.4839614971105153,-1.9253383917697242,2.432127398206437,-0.43599127485273703,2.429679839211266,-0.2822651476919562,2.37421264275061,-0.4511679961480617,-1.1909170663485042,-1.9699149294192226,-1.2422121305309632,-2.0136228478565954,-3.2334506620067747,-2.1252852332465944,-0.20053975816263936,-0.925134627379073,-1.4510396467897535,1.8151706131943497,-0.4176495866947372,-0.43846344808146753,-2.2299014125362255,-1.1978612880761546,-2.668531425735054,-1.6376850208780827,0.35960364387598,-0.22692402097387365,1.9354900748896684,3.7875661297659224,2.906082147661624,4.299571223891383,2.483617792504739,4.008944505103618,1.6100693750533512,0.3894862950650726,0.7918556121614913,0.6693655428447949,-1.2378090345027628,0.03844428385173604,3.7689588134083083,5.026781216015547,3.76322956824308,4.7324991126004,4.023750811281883,5.053667130835465,-1.7503569724086834,0.5561066795178577,-0.9380072351347932,0.2704709162099439,2.218256522182087,-1.8376597681910338,1.6571452088249101,-0.16225887980068698,2.1809368160668825,3.419812093268992,2.3924161198624736,4.450164833613241,3.107149246980118,1.9789896178787654,2.5952885473993836,1.4533017659513128,-1.8248138163514551,1.2806762195345414,0.6446200784249259,-0.5741456897641659,-0.7552357980040671,-1.2708429950131483,1.2598513149057728,1.834969964788442,0.46325718806643224,0.3308741467327758,2.249009782014898,-0.26115783215785093,-1.1123652247137694,-1.1123652247137694,-1.1123652247137694,-1.1123652247137694,-0.676549645086626,-0.5726198821514283,-0.5726198821514283,-0.676549645086626,-0.676549645086626,-0.5726198821514283,-0.5726198821514283,-0.676549645086626,-1.08246118970301,-1.08246118970301,-1.08246118970301,-1.08246118970301,-0.5203087883198712,-0.5031011760189452,-0.5031011760189452,-0.5203087883198712,-0.5203087883198712,-0.5031011760189452,-0.5031011760189452,-0.5203087883198712
-1.4463775459239132,-1.879212915427095,2.41023938715466,-0.3514985805971804,2.4303311666708796,-0.22796787753750447,2.3739875359784017,-0.3732376730370168,-1.129479842144966,-1.9505437030957369,-1.2105390727524403,-1.9509759832838638,-2.8247363846408966,-2.3116285420766607,-0.033008692813783824,-1.2981758565482462,-1.5557399898586244,1.7553656155705122,-0.249394513582323,-0.7899872081168207,-2.021068481917733,-1.2822594674229935,-2.432457321421703,-1.7767023193360751,0.15507392649577678,0.4623529159933977,1.69171374041768,4.020752112766327,2.6521857004843126,4.564814275386849,2.2280834702839725,4.267723584091724,1.2659895647548192,0.6490115350583272,0.4421172409911165,1.1832410089114154,-0.8131806610190537,-0.08582567559704923,3.866903824967351,4.957713696984242,3.8263111935803744,4.647294458117972,4.10183562619411,4.994049174525888,-1.2041650477687975,0.4388127711089771,-0.5318724879748293,0.011911999528060768,2.4529038382329977,-1.8089825124013776,2.01681428950467,-0.21055619512788137,2.7278308219195155,3.3267867503957502,2.751536506632111,4.022218651298476,3.383852384192548,1.966287044230401,2.861957256567771,0.9262608456240979,-1.7215277590302493,1.2281977841738216,0.6755600676494646,-0.7164035690608985,-0.4987524155466918,-1.1786426717946084,1.1998115142776111,1.7374565256246592,0.5298333174693779,0.288141719410274,2.00506723313399,-0.3484487925088793,-1.1252253507034053,-1.1252253507034053,-1.1252253507034053,-1.1252253507034053,-0.6854567038861363,-0.5604625059986406,-0.5604625059986406,-0.6854567038861363,-0.6854567038861363,-0.5604625059986406,-0.5604625059986406,-0.6854567038861363,-1.085937840962747,-1.085937840962747,-1.085937840962747,-1.085937840962747,-0.5151029701243326,-0.5026872963269362,-0.5026872963269362,-0.5151029701243326,-0.5151029701243326,-0.5026872963269362,-0.5026872963269362,-0.5151029701243326
-1.4844877390742872,-1.9207027497597897,2.4138258986643173,-0.39442188170088954,2.397138036331862,-0.23831054530583984,2.34519716053764,-0.40945120841983673,-1.1938512203446594,-1.9623611011025996,-1.2388099896624194,-2.0030124900644863,-3.2091188112219946,-2.1717064611748373,-0.2854988448639828,-0.8292000453135846,-1.307742419791011,1.6745569919088537,-0.5028844547267042,-0.33733977659795933,-2.2450030922798776,-1.2247726260800418,-2.6935021984906884,-1.717975081235375,0.4142058869126988,-0.3813762107441159,1.8326343187269476,3.8242010335867196,2.849322875316293,4.349292008779642,2.4199710551323577,4.040226542811688,1.632634206952348,0.3344206301121755,0.7819233793739695,0.5776582551821674,-1.1332380652423248,0.05827975643281036,3.7574134713061937,4.896294418179572,3.791624080598668,4.59022736490061,4.045210340842827,4.912217663156934,-1.569089573931663,0.5423103186986467,-0.8132323480599064,0.20481611678847855,2.1359353606738587,-1.7161200454689007,1.5839587203344658,-0.037187927769493534,2.1814582005760883,3.641632989167924,2.4057718364090235,4.499583426386028,3.0529981384344076,2.1058364437188564,2.567434988087493,1.3751937246728518,-2.007228423926586,1.3729748512071653,0.6789647854789873,-0.7017657760685916,-0.8133628090349934,-1.3431062043824058,1.229656832163828,1.8874473998536558,0.4671309524537026,0.3446959712410864,2.1220620541907085,-0.34738021494441007,-1.1158026799455207,-1.1158026799455207,-1.1158026799455207,-1.1158026799455207,-0.6875679219099413,-0.5788042076212232,-0.5788042076212232,-0.6875679219099413,-0.6875679219099413,-0.5788042076212232,-0.5788042076212232,-0.6875679219099413,-1.0815576096187653,-1.0815576096187653,-1.0815576096187653,-1.0815576096187653,-0.5179120799181982,-0.5022924099952055,-0.5022924099952055,-0.5179120799181982,-0.5179120799181982,-0.5022924099952055,-0.5022924099952055,-0.5179120799181982
-1.4050726233986675,-2.0337010341755843,2.6640169748997726,-0.7231488717117447,2.649655063520063,-0.5394924802760559,2.586635692408213,-0.7236709835190984,-1.1333203593652317,-2.077340739592457,-1.1673838600466477,-2.127535873565925,-3.26277193932149,-2.1005477523306157,-0.30098571511790784,-0.8258073829703942,-1.289579459535617,2.0299224334670294,-0.5622884237381145,-0.3550420449092613,-2.3013217103398995,-1.1615257883011378,-2.723202489867532,-1.5507011748270005,0.4540437254722649,-0.1553598739357529,1.7511160611311674,4.075104719368011,2.757809608642309,4.547727520721877,2.353785701725898,4.245341661465331,1.529388798728843,0.6400914118699612,0.789769442096528,0.827052975455846,-1.375256320233356,0.21943076630887148,3.752510772808182,4.5860415919859205,3.842386304372469,4.378105091728016,4.054634057415334,4.680779769239673,-1.8800261340695976,0.7910764339575875,-1.112035710071237,0.5404251717617612,2.0673518336068932,-1.76730313831469,1.9080493410669535,-0.027742261472894825,2.5350688501317453,3.5180307068064183,2.833995824772445,4.452821417175767,3.0944372789710615,2.016839836266139,2.7286892961289313,1.3691600646333093,-1.8964304980770956,1.4547718678492183,1.0229069085555604,-0.7126415406540856,-0.7842225214108209,-1.2053685747498388,1.330039297678165,2.0242711689617865,0.8242215618965334,0.7202611808784454,2.07452415129279,-0.3902580761377106,-1.1103394497247185,-1.1103394497247185,-1.1103394497247185,-1.1103394497247185,-0.6729383013239367,-0.5671871977696918,-0.5671871977696918,-0.6729383013239367,-0.6729383013239367,-0.5671871977696918,-0.5671871977696918,-0.6729383013239367,-1.0737160535814483,-1.0737160535814483,-1.0737160535814483,-1.0737160535814483,-0.5168213850774102,-0.4964839355660873,-0.4964839355660873,-0.5168213850774102,-0.5168213850774102,-0.4964839355660873,-0.4964839355660873,-0.5168213850774102
-1.429464236036507,-1.958717838533092,2.550901094242186,-0.5835312558191905,2.5352516814914408,-0.39795678472184104,2.4777450035409725,-0.5794213600380855,-1.1507575458736565,-1.9796000777218055,-1.1941421634647327,-2.040250784824238,-3.342747768649652,-2.1894386704234376,-0.32088403287692824,-0.7959892451009614,-1.2864797703789432,2.0008118082442037,-0.5612123288414406,-0.32132878662896935,-2.390486324771447,-1.2821310867993017,-2.767046504440853,-1.6611835320486668,0.34519588893143816,-0.3025912650776723,1.7299158022698666,3.877646636181482,2.787394273630718,4.3781303043479864,2.35954071734775,4.053767301058683,1.5670547146956428,0.4841438462674317,0.6706405531200863,0.691484170301794,-1.2046538305934695,0.09614117811992795,3.67372579125296,4.7289995060233645,3.7671714664554345,4.47045997731071,3.9808789003477196,4.78429341052762,-1.6630807059651969,0.6319315600333679,-0.9167306377664044,0.3281504671298183,2.1216447586535603,-1.6815465073510705,1.6398078074429474,0.0242729941623141,2.3214403305482003,3.6567116383366534,2.5253214079712807,4.470638449612662,3.1626536910710215,2.131894917339295,2.6586120265019195,1.4158793562583911,-1.9874890861955556,1.3566286986570875,0.9086358336326699,-0.8390232357409966,-0.7778545497350837,-1.28063364329941,1.1964181960030276,1.8303841872920446,0.6904650961726402,0.6045206695941934,1.9823058782194813,-0.4866781854722797,-1.1152036267757328,-1.1152036267757328,-1.1152036267757328,-1.1152036267757328,-0.685373455333325,-0.5746894048258779,-0.5746894048258779,-0.685373455333325,-0.685373455333325,-0.5746894048258779,-0.5746894048258779,-0.685373455333325,-1.0799922692353956,-1.0799922692353956,-1.0799922692353956,-1.0799922692353956,-0.5156381510765096,-0.49772810029232684,-0.49772810029232684,-0.5156381510765096,-0.5156381510765096,-0.49772810029232684,-0.49772810029232684,-0.5156381510765096
-1.5346556137100302,-1.8862307404161038,2.3573302102954674,-0.3226261352036066,2.3495575242882163,-0.17037954700543612,2.2943047423379452,-0.34093729976898146,-1.2476728454077426,-1.938372511040357,-1.2863599640644274,-1.976378328270072,-3.1299976469768533,-2.260191147934111,-0.3022144337714763,-0.8980547816560831,-1.2839923346452213,1.7819604166737584,-0.4989128959185454,-0.41367216458322176,-2.1339161824194437,-1.3094677396229577,-2.5709821567889426,-1.855039647921827,0.5414061779014494,-0.420234511568256,1.8597394527562656,3.645311075751013,2.856526771280701,4.1908291889540275,2.4254779937209854,3.8795646931726155,1.6482263052031696,0.2946230981024689,0.9417063196466895,0.5175512090823187,-1.2039336267535798,-0.02445405273751433,3.810381953548311,4.9313880204025216,3.825943032208877,4.643886150083792,4.094086898474626,4.956939534293949,-1.6540574306450377,0.45772615067451206,-0.8709590073216193,0.1308731089100208,2.1107757886755314,-1.7626460678984568,1.716247891363313,-0.1582070957938937,2.196264459042416,3.5346755004320505,2.5268327117835785,4.384259721530149,2.9489483978424085,2.1367364239617066,2.6140325395586608,1.3672089243751868,-1.8561121326811811,1.484415876309078,0.7298471777190594,-0.5553277981475859,-0.7589273494226565,-1.2580259557383813,1.3563644121697598,2.0817215748277107,0.5474999724380227,0.40699916580805606,2.2127736255590564,-0.2540519906227625,-1.1126915905503094,-1.1126915905503094,-1.1126915905503094,-1.1126915905503094,-0.7013124573833132,-0.5881785182082426,-0.5881785182082426,-0.7013124573833132,-0.7013124573833132,-0.5881785182082426,-0.5881785182082426,-0.7013124573833132,-1.0788881369536751,-1.0788881369536751,-1.0788881369536751,-1.0788881369536751,-0.5136174262049829,-0.4992402073350162,-0.4992402073350162,-0.5136174262049829,-0.5136174262049829,-0.4992402073350162,-0.4992402073350162,-0.5136174262049829
-1.4745622737067636,-1.9412977713498103,2.4526410971662918,-0.4524889236273877,2.436336139359531,-0.2918438865196977,2.3832809865246993,-0.4650822741111318,-1.1892921514898847,-1.9863901728345614,-1.2308926925161687,-2.028060321792962,-3.23443504634691,-2.1412692731660883,-0.27954073056795714,-0.8412975580002691,-1.3280837353140589,1.7403254935017838,-0.5020711401252704,-0.3575617312805903,-2.260846503872038,-1.2064869741597093,-2.6979886632896464,-1.6790438019309342,0.42637237080867774,-0.33168774603488504,1.8617387112549233,3.8233642871877374,2.8684201000218854,4.336645063075795,2.4418645652281663,4.030015977441891,1.6059406945056827,0.3762730362451885,0.7868736312634583,0.6210208493397902,-1.178206435346366,0.07008387832271801,3.7793224367035725,4.940084483366642,3.807505876405915,4.639690063474737,4.057201583561128,4.959802801234585,-1.639329001374985,0.5648984646769621,-0.869753590612492,0.25879186928892484,2.0999562415449855,-1.7531000284735194,1.619654577022473,-0.04951545613070163,2.1999313867595083,3.584545672370724,2.439757290801821,4.499684550881683,3.032841721361896,2.054223504562887,2.5583437751845706,1.383126086848267,-1.9717204749866806,1.3706626569484328,0.7108179591765653,-0.6593501945374576,-0.8167787915913967,-1.315401939522744,1.2482109686265606,1.8973466476261622,0.49933848906446165,0.380342624619483,2.149656553240897,-0.3355389379217595,-1.1159435441944803,-1.1159435441944803,-1.1159435441944803,-1.1159435441944803,-0.691433192577422,-0.5826715726456779,-0.5826715726456779,-0.691433192577422,-0.691433192577422,-0.5826715726456779,-0.5826715726456779,-0.691433192577422,-1.0809657675530335,-1.0809657675530335,-1.0809657675530335,-1.0809657675530335,-0.5212454970343368,-0.5048357880636312,-0.5048357880636312,-0.5212454970343368,-0.5212454970343368,-0.5048357880636312,-0.5048357880636312,-0.5212454970343368
-1.4760817201199243,-1.8634402229358251,2.485884591776103,-0.4427444884176417,2.466229604954566,-0.2846577851781422,2.40316733196378,-0.46222570695658227,-1.187161393873796,-1.9042207057850176,-1.257567721024147,-1.969121689141902,-3.216494669016224,-2.2740976752965003,-0.23288417891956392,-0.893123204259751,-1.1928621280095828,2.0600416377547743,-0.4473082260804495,-0.4231317156441845,-2.2823549581370024,-1.3529552095732251,-2.6394457185662814,-1.780146224506002,0.37386905180859875,-0.4396530375976706,1.8494001767309438,3.7993247947219366,2.8462086615260525,4.287057938452414,2.453025149571671,3.9847779460033355,1.5803492844929314,0.27250715146586835,0.7547914404135176,0.49521714208640244,-1.0862160140118897,0.016975500802145493,3.7249941061240746,4.69267166040711,3.782021204946507,4.443540868945804,4.006472591065877,4.735876186323686,-1.6055400362353907,0.5003353055289663,-0.7952220159115093,0.20089080151669236,2.0642655611646514,-1.640524933213542,1.7239919047200702,-0.07796026540661671,2.2539651851427385,3.4507293423828083,2.590165249526235,4.433766996893255,2.9435999334696623,2.0960721384405767,2.6640197688442298,1.507062905712207,-1.8733573096785734,1.3992447784372395,0.8412750958766235,-0.7186971714152222,-0.8402806600406656,-1.229612139833616,1.26586608479575,1.884122088259157,0.6059982134856501,0.5491361174655087,2.047860800761165,-0.46704752880884604,-1.1149311015256846,-1.1149311015256846,-1.1149311015256846,-1.1149311015256846,-0.7208232115772644,-0.6058578594539852,-0.6058578594539852,-0.7208232115772644,-0.7208232115772644,-0.6058578594539852,-0.6058578594539852,-0.7208232115772644,-1.0965043548738351,-1.0965043548738351,-1.0965043548738351,-1.0965043548738351,-0.5506489299285326,-0.5320513262776054,-0.5320513262776054,-0.5506489299285326,-0.5506489299285326,-0.5320513262776054,-0.5320513262776054,-0.5506489299285326
-1.33578468007205,-2.034540255643572,2.592663507994832,-0.6550937431437518,2.583421677258052,-0.495192888609707,2.53085246050391,-0.6612529117151453,-1.0671020166894696,-2.0826889504410975,-1.0918136552906148,-2.1199713509727367,-3.423683926920051,-1.9867728490298662,-0.23066011759091332,-0.7738447505766581,-1.4772424064132723,1.9574879781891896,-0.5100313134524326,-0.2958818803111223,-2.4339675451215808,-1.1157328768722143,-2.8709681971840233,-1.5481614304702331,0.24758163572077319,-0.1145480071952143,1.723037140884136,3.8940064058632835,2.6786850084373395,4.407892138066597,2.2503773836136256,4.1103309789161315,1.534654318962846,0.5099054094390123,0.6436394184770187,0.8131647190819242,-1.1826246977461512,0.11544672484309171,3.7293859929383633,5.0002586318659805,3.730110535806176,4.696179938868649,3.977708632653547,5.027979876610209,-1.7173061140642534,0.6591328625194492,-0.9219776427990873,0.34116149725839584,2.2451024212415005,-1.9316532349427966,1.6290790509344344,-0.19022352318156877,2.2134474743348287,3.5898664178024156,2.3614365285379595,4.449832028129869,3.196297910443925,2.0141175045773547,2.570634616824899,1.2928887117805274,-1.829301805794656,1.210363944208705,0.7894499625192424,-0.6850765534428653,-0.6701731036113507,-1.2457932763456814,1.188570131015462,1.771846494749326,0.5276403793977469,0.3858413682438613,2.1597603499778897,-0.35153112054363866,-1.1211819490790553,-1.1211819490790553,-1.1211819490790553,-1.1211819490790553,-0.6929504287287997,-0.5920084961185577,-0.5920084961185577,-0.6929504287287997,-0.6929504287287997,-0.5920084961185577,-0.5920084961185577,-0.6929504287287997,-1.0804958152317146,-1.0804958152317146,-1.0804958152317146,-1.0804958152317146,-0.5211676202428981,-0.5055964395217174,-0.5055964395217174,-0.5211676202428981,-0.5211676202428981,-0.5055964395217174,-0.5055964395217174,-0.5211676202428981
-1.5342688083752245,-1.7901101073002152,1.9068188685504168,-0.1432656378494137,1.9439974694606033,0.06095735799636781,1.861054443285175,-0.11790603281887968,-1.1307427132511432,-1.8481461037385998,-1.2794026943549666,-1.861374562415591,-3.4389176074236927,-2.6763630582528055,-0.24003337075894837,-1.4866199359405634,-1.3479634676679302,2.759348355369122,-0.5938148126429796,-0.9222298992900999,-2.5481236743968214,-1.6851549016414946,-2.6785820870397226,-1.9206229661786391,0.4892847427796019,-0.5100762095018974,1.6210130224575945,3.214571320623893,2.4969987051583384,3.748525891607562,2.019823561291661,3.4660029466745126,1.658435701438167,0.26928052603441355,0.9972137712317011,0.3476318038076611,-0.6445449967938046,-0.4441298820145878,3.893943550472761,4.7651607068265545,3.8441194003422314,4.640158948123405,4.061482970925544,4.905675406149456,-1.0409250489066944,0.04639652973490982,-0.2647323107635158,-0.6200571643570516,2.3164008485514866,-2.373574425096317,2.022723874726779,-0.5939192876575392,2.474789960753384,3.5380798857130333,2.787920170941458,3.98022726238017,3.0254369599572275,2.110704139415329,3.0941008227161397,0.8472951175492787,-1.6275972330343293,1.2696576060471987,0.8783458547308047,-1.0670370947427923,-0.44553278305758504,-1.1252463210888823,1.0796897493594795,1.7625239060547546,0.8038037143318437,0.7365645429772965,1.632368963876429,-0.7845222488734862,-1.0956108894819048,-1.0956108894819048,-1.0956108894819048,-1.0956108894819048,-0.682653644640066,-0.5853827967170213,-0.5853827967170213,-0.682653644640066,-0.682653644640066,-0.5853827967170213,-0.5853827967170213,-0.682653644640066,-1.0690238807884578,-1.0690238807884578,-1.0690238807884578,-1.0690238807884578,-0.48872898743377124,-0.4837950612019126,-0.4837950612019126,-0.48872898743377124,-0.48872898743377124,-0.4837950612019126,-0.4837950612019126,-0.48872898743377124
-0.492014256049746,-2.760431532070858,2.4877119072796736,-1.0070209066000357,2.6579681631548864,-0.9325081942660249,2.57361320528178,-1.0960623804417393,-0.249794043884787,-2.691509468199989,-0.32296632951961524,-2.776425509328145,-4.502041833331139,-1.6636807602146249,-1.3724787220486716,-0.26120281008994617,-1.684773474909706,3.2345799328807425,-1.3795610008213197,0.056357770246065364,-3.273658165474638,-0.8762886530414562,-3.714260329927514,-1.0347539978261793,0.3105465435521193,0.26600141006838296,0.782934274665755,3.9279691191253727,1.949808824493112,4.577845194014011,1.6027031040892021,4.101199993142282,1.1109152788330166,0.841667988195776,0.3423412860806083,1.0785419026042238,-2.011797058179373,0.40091208199191364,2.5803566163548135,4.577713500249893,2.495980054055196,4.529624494152148,2.84569642757753,4.867865558713935,-2.015460217509503,0.7478081983629883,-1.5170456262585175,0.3814298290642908,2.0993125936146724,-2.0716281404770314,2.096470139576181,-0.9431341403455207,2.808382684452657,2.700832226320343,2.798870365082462,3.3093502123714638,3.2880331930781006,1.6760955332306127,2.4483711877476546,1.045302617618181,-1.7466858416054363,0.7756319904560653,0.7686110669471224,-1.198051680212326,-0.4155439322978012,-1.2231871817230129,0.9284869922827523,1.5762032232612695,0.6319223575714625,0.7013935716892492,1.5086428455218153,-0.5550028183859066,-1.1042296830877367,-1.1042296830877367,-1.1042296830877367,-1.1042296830877367,-0.7033681494079138,-0.6497950371537984,-0.6497950371537984,-0.7033681494079138,-0.7033681494079138,-0.6497950371537984,-0.6497950371537984,-0.7033681494079138,-1.0869623978340144,-1.0869623978340144,-1.0869623978340144,-1.0869623978340144,-0.4950396406523341,-0.4938680139563427,-0.4938680139563427,-0.4950396406523341,-0.4950396406523341,-0.4938680139563427,-0.4938680139563427,-0.4950396406523341
-1.2553406227373802,-1.8648010649914113,2.225747744739885,-0.5015666863741037,2.2409879091320866,-0.3781504958342161,2.2010013610212935,-0.5238046082020311,-0.9815851666850559,-1.8814657633814882,-1.0421263683818962,-1.9012041865995037,-4.275111670916595,-2.325819523905967,-0.6043206580280911,-0.7184733333900244,-1.5702118418572564,1.9587700608748904,-0.8711899904795013,-0.0965391009170844,-3.0272691690442226,-1.5680973644096214,-3.4407756114423442,-1.9789089347084747,0.1254401091236108,-0.36697623473549257,2.110896052298611,3.140439273607716,3.1818067620795345,3.682008160854406,2.6393837833329394,3.3866037126853348,1.6101801652860628,-0.13500522474992493,0.5210573859378211,0.27316499804691396,-1.4328990796179788,-0.3622746933851255,3.852805612608301,5.5993063983437805,3.6768411289504472,5.285308107100582,4.0333467553307445,5.67044635477771,-1.922814939640829,0.04262286798832182,-1.1006347155700391,-0.329870826648734,2.4981962755943403,-2.4777605641745293,1.678158485275433,-0.6194885333680498,2.1182451660760524,2.9860486974733123,1.9160328554073862,3.89232384876681,3.405478872518306,1.5058928342766338,2.428637088527622,0.8226685640769231,-1.8148032195761146,0.7965387292044523,0.6191453637949733,-0.4945003876355276,-0.49600469258920743,-1.3205049428732867,1.0077762606251026,1.375840930998149,0.47123023342215475,0.41816989893599565,2.4103531319742215,-0.01942419781329985,-1.0858708427421995,-1.0858708427421995,-1.0858708427421995,-1.0858708427421995,-0.7391574617768724,-0.6188911542503552,-0.6188911542503552,-0.7391574617768724,-0.7391574617768724,-0.6188911542503552,-0.6188911542503552,-0.7391574617768724,-1.0789253646665378,-1.0789253646665378,-1.0789253646665378,-1.0789253646665378,-0.4438994303499486,-0.4531987249478764,-0.4531987249478764,-0.4438994303499486,-0.4438994303499486,-0.4531987249478764,-0.4531987249478764,-0.4438994303499486
-1.4881023825672388,-1.8960861132971685,2.4289092460455732,-0.4039737201703053,2.4184320056542736,-0.24649424438094947,2.3687422787795454,-0.4145243930401725,-1.195959774061206,-1.9405069711357958,-1.2422786550990956,-1.9787239201151645,-3.122142021834235,-2.126546100290532,-0.20306706710811095,-0.9267888507966768,-1.2740792525503672,1.7514197300224597,-0.4301649217109702,-0.45576318927039283,-2.1552313737562145,-1.189162506536385,-2.6011896711853346,-1.6606011807385053,0.45425567734043604,-0.35305237122787325,1.8447033749455972,3.8326272356702153,2.7621708263172744,4.330503585893324,2.348174524154307,4.031481584048625,1.6446572115996494,0.4021202467224043,0.829613139867976,0.6277674668363193,-1.1641198268179656,0.07063207538218563,3.7381715555079795,4.943748662177723,3.7449019162010817,4.648036267391741,4.005586087349299,4.969936470774559,-1.6565725752614533,0.5554401888853695,-0.8611913437686369,0.24238110453259676,2.135101660038017,-1.741048239578249,1.7292415353557553,-0.0703595573972402,2.274098666204581,3.5316713000312996,2.5475036375813067,4.478120325705455,3.00193710001112,2.0180563637724935,2.5651014308023985,1.3469268141216313,-2.0843580764829146,1.3933396534976472,0.6263220259788529,-0.7371025052969875,-0.9573005473596718,-1.4540944458530163,1.2430178427799534,1.9136136953227671,0.4102028735153569,0.29812842070790335,2.1121786427794884,-0.3828142171164086,-1.109707212595623,-1.109707212595623,-1.109707212595623,-1.109707212595623,-0.6698404799292188,-0.5671962307997709,-0.5671962307997709,-0.6698404799292188,-0.6698404799292188,-0.5671962307997709,-0.5671962307997709,-0.6698404799292188,-1.0814659970516045,-1.0814659970516045,-1.0814659970516045,-1.0814659970516045,-0.5266205576468996,-0.507612831104336,-0.507612831104336,-0.5266205576468996,-0.5266205576468996,-0.507612831104336,-0.507612831104336,-0.5266205576468996
-1.1089201120943386,-2.2489052558541074,2.506118457122011,-0.5756495859187862,2.4883473127950717,-0.39491674356150197,2.419187937604822,-0.5795508098806756,-0.865479869342276,-2.2750924349874504,-0.8504946451706599,-2.3299965946793435,-3.5076894172009614,-1.957173205643954,-0.5577019552846356,-0.5685008844351587,-1.3547516149453034,2.6412374302045265,-0.8314840151401142,-0.14675615324983982,-2.4086657528848487,-1.0235193230993804,-2.9899130489967254,-1.3530391721360422,-0.09586714505142524,0.25145701255463493,1.7087893788675776,3.7484461782073852,2.6822314824643074,4.35791592125492,2.2416488405339425,4.08608651977419,0.9660060171193345,0.8608503563835308,0.22339387996297955,1.0430172924399796,-1.3131555762167975,0.486527820082987,3.6227462018442385,5.286677947683268,3.621564903580486,4.968771975993068,3.851608567755104,5.299907287103538,-1.860774695496056,1.046808586780509,-1.0985855405827611,0.6098579105306206,3.010543772233123,-2.553737894092758,1.9288337434139136,-0.10856408083355085,2.1885148681005715,3.9133079564568813,2.6573314559340435,4.711185545170043,3.5661689531685052,1.6895912191848357,3.4273627903393287,0.9453662084772212,-1.5212987267930265,1.38974148563448,1.0018744114891902,-0.48280004485206307,-0.43854069817868746,-1.1309505406780689,1.5791823165304066,1.9097868120871375,0.862646323244098,0.6866846712497132,2.1168942826052177,-0.4108721845483423,-1.0905910122254174,-1.0905910122254174,-1.0905910122254174,-1.0905910122254174,-0.6638768732965086,-0.5922996107581504,-0.5922996107581504,-0.6638768732965086,-0.6638768732965086,-0.5922996107581504,-0.5922996107581504,-0.6638768732965086,-1.061843019687407,-1.061843019687407,-1.061843019687407,-1.061843019687407,-0.5085424398085396,-0.5005884206983606,-0.5005884206983606,-0.5085424398085396,-0.5085424398085396,-0.5005884206983606,-0.5005884206983606,-0.5085424398085396
-1.4453067891106808,-1.9026762515369318,2.2994191160421016,-0.3669610798978731,2.310347853143493,-0.16839160454229596,2.2377804522630544,-0.3353652749998397,-1.119056456379735,-1.9942692944765175,-1.1708178085422776,-2.005917775150736,-3.118243708063323,-2.338729590003389,-0.10164147071638041,-0.9953220389985944,-1.329682817378099,2.5053295135598903,-0.43817713304162487,-0.5247323791601315,-2.198656436253869,-1.3421556012814784,-2.493219865611286,-1.7119262603666918,0.4761167242065554,-0.24293909919214673,1.8919759315381306,3.8726156647582535,2.7669071109773586,4.453494439529569,2.347254556216507,4.1774231904690815,1.6176461318161506,0.3764948210796524,0.9867285813286024,0.5806858887110442,-1.4694837476974851,0.3374743550012216,4.233503601749547,4.708257016183712,4.185807334329722,4.580564169078114,4.422611482831188,4.845519440250957,-1.7694327849246414,0.8432976547165705,-1.1374433384145446,0.4036357740433756,2.2675805922851,-1.9178369284753072,2.299058257871428,-0.37322932845239665,2.779300571566547,3.680655334386296,3.0823922859669723,4.378134460937028,2.9963469690908893,2.2824536483871967,2.757814047555194,1.5204550088202078,-1.5097131112658362,1.167536039004446,1.2168560959493178,-1.016819630121803,-0.3523800842905396,-0.9310548682332365,1.0648605779470754,1.762698757203939,1.0297477108647595,0.8850126934744447,1.7198721863088036,-0.7669028223119034,-1.117692837571615,-1.117692837571615,-1.117692837571615,-1.117692837571615,-0.6524582539415018,-0.5574359698440334,-0.5574359698440334,-0.6524582539415018,-0.6524582539415018,-0.5574359698440334,-0.5574359698440334,-0.6524582539415018,-1.0868552305638834,-1.0868552305638834,-1.0868552305638834,-1.0868552305638834,-0.5185449193829705,-0.5049054855559922,-0.5049054855559922,-0.5185449193829705,-0.5185449193829705,-0.5049054855559922,-0.5049054855559922,-0.5185449193829705
-1.4707463235846125,-1.8617189552652782,2.4805758343084205,-0.3883587536677906,2.4734769999987387,-0.21791127288121004,2.4200844848779814,-0.38781101636310655,-1.181590994148328,-1.9232586304204604,-1.2315048836987863,-1.956120613148613,-3.205341638336251,-2.25351602225522,-0.19468093339385595,-0.8829482448768005,-1.1993462145353582,1.7965436398680001,-0.4373341711620746,-0.41266299250968386,-2.25961394435155,-1.3261047039451928,-2.6389834849899403,-1.7921171713262671,0.41289332592365025,-0.4170708881067231,1.9775767962442625,3.7606580488377768,2.9088339349168653,4.3014174514265395,2.487034022814864,3.994732730792892,1.6030227829225607,0.24403704478768962,0.8410920215373663,0.4808313731983658,-1.0247002842995663,0.0003191076852582242,3.8289756942795456,4.968657793882386,3.819558260622638,4.72213099827497,4.076645493565014,5.034909310407658,-1.4718117270575224,0.47987943944094,-0.7080222480235152,0.17228810264577898,2.006041370575092,-1.8297352527580433,1.764448625005274,-0.10082358843913575,2.3291113895109206,3.630568335794143,2.5667147284448237,4.4948854076175895,2.9086524732466144,2.0881046232788147,2.4539739561737743,1.3286275826593474,-2.036490374359154,1.28199648855251,0.7458668566752316,-0.6064748871743317,-0.8981368521453219,-1.4045877581711137,1.1950652851146577,1.842652772274807,0.4933818435243307,0.39763086223157096,2.209668155066672,-0.3177480990471606,-1.109166587273851,-1.109166587273851,-1.109166587273851,-1.109166587273851,-0.7192226576746936,-0.6051612208832302,-0.6051612208832302,-0.7192226576746936,-0.7192226576746936,-0.6051612208832302,-0.6051612208832302,-0.7192226576746936,-1.075979101674974,-1.075979101674974,-1.075979101674974,-1.075979101674974,-0.5293966878346374,-0.5090263761702989,-0.5090263761702989,-0.5293966878346374,-0.5293966878346374,-0.5090263761702989,-0.5090263761702989,-0.5293966878346374
-1.244276793029611,-2.0066557513411505,2.5200726517025034,-0.44514004801860896,2.500208415240354,-0.3165052017586065,2.441272678776005,-0.471982917546395,-0.970694843679822,-2.059354912275544,-1.030541415321066,-2.1112360846913134,-3.577679377833321,-1.8509031877030893,-0.2599502535065481,-0.8923390388701149,-1.483088021128805,1.8185877246568056,-0.5610106233480776,-0.4159486224719755,-2.6854778667989083,-1.1551068786963699,-3.010543181511066,-1.5131081373547373,-0.1269863294311513,0.005836043131380642,1.589940493042901,3.8344101566416144,2.4721295524506894,4.3199068360587995,2.0448773575568877,4.089726642097641,1.4550115387882157,0.48726394375559234,0.312316812957504,0.7890251723994464,-1.003881158330926,0.18257260552842158,3.736748855952624,5.259994308183463,3.7126099133306285,5.055282872635913,3.8885172905553747,5.340247524545256,-1.427371331401491,0.6488234223357479,-0.7822075677676121,0.19094200845516518,2.6421732462891727,-2.058564441698821,2.092751894665464,-0.45168327438004763,2.5149330303136983,3.472622561857242,2.520243828470254,4.121002899704124,3.39046848027711,2.0588776571167395,2.6977776747250664,1.2649275124630526,-1.423129180076507,1.1939403783698372,0.980639824999038,-0.301927787039193,-0.4661333534985994,-0.9927256002510108,1.2236699827303799,1.639366526829904,0.6855696507530515,0.5416969146079138,2.2598600339582413,-0.16309271707171646,-1.1300501412594235,-1.1300501412594235,-1.1300501412594235,-1.1300501412594235,-0.7427493975431183,-0.6502381958075807,-0.6502381958075807,-0.7427493975431183,-0.7427493975431183,-0.6502381958075807,-0.6502381958075807,-0.7427493975431183,-1.113956941356073,-1.113956941356073,-1.113956941356073,-1.113956941356073,-0.5786086488157149,-0.5696747324391094,-0.5696747324391094,-0.5786086488157149,-0.5786086488157149,-0.5696747324391094,-0.5696747324391094,-0.5786086488157149
-1.4570345652021568,-1.9620852591029894,2.362939594605513,-0.3805553770103254,2.3546707202464425,-0.21633240747844784,2.3043305703669645,-0.3884837697438508,-1.1645164334658284,-2.0392374817079393,-1.2147254103519378,-2.0565038208658595,-3.164224428905099,-2.054430334598371,-0.20773817268583006,-0.8664270064580935,-1.3104210561996839,1.851061372976405,-0.4490543552226556,-0.38455642059232176,-2.2157525395288182,-1.1050370549141064,-2.6624984790086414,-1.5640908559589435,0.5092857163123226,-0.3290629544635033,1.7942629065113502,3.8393551651556326,2.749110395416695,4.358440575916687,2.3231667699068232,4.058125930117344,1.6402907134287705,0.3237429855740075,0.9162927170139827,0.5822511972350517,-1.062501190029932,0.09838856929223017,3.735542083077668,5.030097442592847,3.7437862748870145,4.7117332110902375,3.983154274028477,5.015021994834358,-1.5081629103441228,0.5499909359687258,-0.7553530143112401,0.2510024845195815,2.0938298516855696,-1.7385860228257664,1.583025651076536,-0.03135272946235368,2.138705301917371,3.6318533049763904,2.407684530522898,4.555156744166823,2.990166205135459,2.099198225431362,2.5332781456825577,1.416787875510499,-1.9005444993213683,1.390963309088887,0.6204993478824132,-0.5496696332678308,-0.8094678473805215,-1.262605607454744,1.2715225397414454,1.928444774885028,0.3733239168663687,0.240415961791828,2.219290472337283,-0.26927828428984846,-1.1164810982928652,-1.1164810982928652,-1.1164810982928652,-1.1164810982928652,-0.6954028743441762,-0.5882807836218289,-0.5882807836218289,-0.6954028743441762,-0.6954028743441762,-0.5882807836218289,-0.5882807836218289,-0.6954028743441762,-1.077397066301157,-1.077397066301157,-1.077397066301157,-1.077397066301157,-0.5367920727732702,-0.5153919684253436,-0.5153919684253436,-0.5367920727732702,-0.5367920727732702,-0.5153919684253436,-0.5153919684253436,-0.5367920727732702
-1.2875142342355295,-2.087633744520626,2.3460556163535786,-0.5460442250329591,2.344960169530058,-0.40866233835737686,2.2818050353218347,-0.5791307819233689,-0.966946249930948,-2.1375009700495546,-1.049974001745516,-2.1944037542534263,-3.2766937783907424,-2.0119792246798673,-0.2523186769712078,-0.8988399014779356,-1.5393580446649278,2.4307133346761782,-0.4315164162489138,-0.2794400781116706,-2.155507740587019,-0.8271760967296946,-2.715959950374672,-1.4431257517944538,0.41722323415003126,-0.15953454498050057,2.099295187412112,3.7065036907450706,3.03674395586778,4.292031421752863,2.5930216873456615,3.971794163496531,1.4376914772197127,0.2843809640629056,0.7648919104741729,0.655484565685807,-1.5673459835728036,-0.04376889720671162,3.820668153577887,4.547769681459096,3.7370292053687173,4.342927379963703,4.041825404817953,4.666557488568907,-1.913317359677238,0.430208399923496,-1.235879006565085,0.017699047163365567,2.2110856237387697,-1.7585508431657975,1.6021848540066426,-0.2691047071411967,2.225696393835195,3.4742781747751454,2.435799991987273,4.363589102982967,2.9877135434098205,2.0591768626194726,2.5931465827973383,1.3437435159213784,-2.0492805962987783,1.0077933709462812,0.6789587480240531,-0.9148324375409351,-0.735655209527966,-1.472506092653115,0.9943106483118616,1.6168991440558678,0.5332994396369193,0.41907499233904,1.874031587255601,-0.6775163371084463,-1.1301530778413964,-1.1301530778413964,-1.1301530778413964,-1.1301530778413964,-0.6902291461777121,-0.61551391193015,-0.61551391193015,-0.6902291461777121,-0.6902291461777121,-0.61551391193015,-0.61551391193015,-0.6902291461777121,-1.0610537415425005,-1.0610537415425005,-1.0610537415425005,-1.0610537415425005,-0.5077970825521079,-0.4934250437943142,-0.4934250437943142,-0.5077970825521079,-0.5077970825521079,-0.4934250437943142,-0.4934250437943142,-0.5077970825521079
-2.1468891243395762,-1.5406593191595963,1.9921889585114556,-0.520202457503089,2.0768079279321086,-0.3972588154800665,2.0214910084259365,-0.5320572472587441,-1.821436552536034,-1.5550387224204663,-1.8367331852556426,-1.4920757180321278,-2.2331309575920284,-3.421063832438291,-0.05761509491350569,-1.0423998129489274,-1.1474939103291888,1.6124419765142575,-0.04943659018101343,-0.6194650202421164,-1.1724817885889598,-2.1914026917893024,-1.6918595436493469,-2.838971474170089,0.39766060912510515,0.3049128504504415,2.301762075416736,3.452255251156526,3.1544346950256035,3.882264911582954,2.792730948223584,3.5833921831528173,1.3416449754818371,0.6919239661974981,0.9357311335941771,1.5010739244590674,-1.6832140183258186,-0.28885415353002486,4.225845610586056,5.308603196597504,4.087162384029751,5.055199693437242,4.522675114241588,5.414067963977255,-2.1147395556116346,0.26386146953501033,-1.2461381893038705,0.04233368913347668,2.272126546228339,-2.312290994878338,2.236313499054509,-0.8150708007056977,2.7684275051482317,2.1858344222448327,3.3097495637416294,3.313406094961591,2.9861838771938327,1.0536242583610864,3.278128714226881,0.3601915208944586,-2.437252337321594,1.536925301698215,0.48712026249340834,-0.7706109450356786,-0.9508709513260536,-1.9470304363312572,1.3752516878107315,2.56695964958587,0.6338714356704855,0.32230473099809487,1.9164046556516228,-0.3258221627104074,-1.0987680086997313,-1.0987680086997313,-1.0987680086997313,-1.0987680086997313,-0.5987595962858601,-0.4421509474129781,-0.4421509474129781,-0.5987595962858601,-0.5987595962858601,-0.4421509474129781,-0.4421509474129781,-0.5987595962858601,-1.1396213568222269,-1.1396213568222269,-1.1396213568222269,-1.1396213568222269,-0.49203411591120183,-0.49167298662189385,-0.49167298662189385,-0.49203411591120183,-0.49203411591120183,-0.49167298662189385,-0.49167298662189385,-0.49203411591120183
-1.4366483523577642,-1.9104943435329242,2.486342630378801,-0.3852778606529874,2.4635335972357746,-0.26313511426391667,2.4136645777532415,-0.4228623530695952,-1.1529634846908259,-1.9299669460701296,-1.1952581927309263,-1.9849234012429964,-3.3191257298800947,-2.1110220871338137,-0.2928780827160722,-0.7932977843650661,-1.4174387131709398,1.3448168787961725,-0.44953469792119805,-0.28990877472401877,-2.2877322630043344,-1.1971609659473645,-2.7800783674733225,-1.7921107206383686,0.21028169786504147,-0.34586796211307913,1.835766661623964,3.613604754557855,2.7998730029372556,4.1567509924347465,2.361700768937263,3.862042702280032,1.541648773481736,0.25230769947104204,0.5939652729990197,0.5882396429809997,-1.228246146064044,0.016374307069771277,3.6602508748460387,5.122938383411139,3.6167925208091916,4.782693086022867,3.9039980552678983,5.125096303211635,-1.7077882874713564,0.5000573583074708,-0.9097365900867818,0.18218889617567857,2.266612299237117,-1.8743734770148874,1.6030237398485019,-0.25849652131870027,2.075900641930853,3.424539331613671,2.2210897477326217,4.328029190076135,3.098332062602829,1.9792931973220123,2.4974145554076532,1.2595799520073276,-1.9791397077743933,1.239037660011281,0.5056701534173405,-0.53318335557488,-0.8495284358393524,-1.4417879835064502,1.2046402354492027,1.8040474759438005,0.28664350726819876,0.13358341936693208,2.3254756019742855,-0.18725763894531866,-1.1118404129288377,-1.1118404129288377,-1.1118404129288377,-1.1118404129288377,-0.697049620431212,-0.5822529624865727,-0.5822529624865727,-0.697049620431212,-0.697049620431212,-0.5822529624865727,-0.5822529624865727,-0.697049620431212,-1.080297613945279,-1.080297613945279,-1.080297613945279,-1.080297613945279,-0.510662374178664,-0.49934787261474245,-0.49934787261474245,-0.510662374178664,-0.510662374178664,-0.49934787261474245,-0.49934787261474245,-0.510662374178664
-1.6442550740643518,-1.8742396967297719,2.2830466287285853,-0.2742102157629178,2.27571202816642,-0.12198102652161058,2.2187265670840395,-0.29407883702260396,-1.3234566649447346,-1.8929449930287188,-1.393371943959628,-1.9345648274008345,-3.151001033792661,-2.379331259539395,-0.37324761241574667,-1.02635743103628,-1.2384139616523022,1.6877313162124867,-0.5249555764907621,-0.48029384007192366,-2.1611377085421255,-1.3472319802131247,-2.6550982844890365,-1.8372289061510374,0.3663309316717349,-0.4271065851022824,1.8054469757325613,3.722370490750177,2.840320296663074,4.284830462621108,2.402615555510655,3.9746733604883078,1.5952605849052057,0.36617902667984215,0.7011752771167155,0.55021824917345,-1.2150758960949681,0.03847136906947224,3.811241178093513,4.8807786458241535,3.8412922789524577,4.558452428077801,4.106481220047317,4.886678537060839,-1.6058920509833778,0.5105862222331572,-0.8882728088478151,0.17782810406027227,2.2967180274051477,-1.6355647655167767,1.6942738351940063,-0.0018322668376340445,2.1981573472153135,3.3784571424791805,2.456484445214368,4.4206025036873084,3.1187936121445476,1.9108500240103492,2.708923216574534,1.3541647265104393,-1.9345047187088058,1.463255857741209,0.5197067060616822,-0.5942022994697327,-0.8022390880028483,-1.3311988603865377,1.2978207629914458,1.8992301446705984,0.4314633211702912,0.3329308696796831,2.1884224776391026,-0.21646675005528593,-1.1136950935011898,-1.1136950935011898,-1.1136950935011898,-1.1136950935011898,-0.6683328282246253,-0.5599410754177399,-0.5599410754177399,-0.6683328282246253,-0.6683328282246253,-0.5599410754177399,-0.5599410754177399,-0.6683328282246253,-1.0755309056778222,-1.0755309056778222,-1.0755309056778222,-1.0755309056778222,-0.515410867714734,-0.5003900426209364,-0.5003900426209364,-0.515410867714734,-0.515410867714734,-0.5003900426209364,-0.5003900426209364,-0.515410867714734
-1.2870365474074146,-2.0896760728233277,2.6048708577392823,-0.6639886328830462,2.607240767202155,-0.5039390558249122,2.552481914440171,-0.6743224900055882,-1.0201381861002399,-2.134882311470712,-1.0452025723872476,-2.1707013363987615,-3.358517637769007,-2.152009155354359,-0.18060051258605547,-0.775582144517116,-1.4371784858639622,2.1433874977671667,-0.42680909325726146,-0.30026505125285974,-2.410196770445618,-1.1714132572855238,-2.8257335267309074,-1.590852592363448,0.3863531587105369,-0.30469397350713745,1.6379600089762834,4.062237807667625,2.6598089421517956,4.54419296093997,2.255337286767448,4.222602490559869,1.3602092063677835,0.4418518470403452,0.6658949417729678,0.5914602049405424,-1.0687079137248698,0.16416350773771615,3.5744481744472996,4.749549323001212,3.6121547325968404,4.452669902412996,3.8693059347054044,4.794478112963429,-1.6186141400747878,0.6971237287178669,-0.7939631461162202,0.42992329215861336,1.9952971457826063,-1.7828159240129406,1.5850152837658733,-0.03046398295979058,2.1720956461782643,3.3808632084365327,2.405228075617414,4.404520143047542,2.9528220881962595,1.8152028311501436,2.493399246081081,1.2309446858077875,-2.0292270560597596,1.249243738644787,0.8438263785981546,-0.7109798691895572,-0.8964296464352035,-1.3522586193646529,1.1669605659829152,1.7096908759552072,0.5869794430006774,0.5159577677550393,2.087299880393136,-0.40730631601258427,-1.1222540971617492,-1.1222540971617492,-1.1222540971617492,-1.1222540971617492,-0.7033394903340326,-0.5990657592005784,-0.5990657592005784,-0.7033394903340326,-0.7033394903340326,-0.5990657592005784,-0.5990657592005784,-0.7033394903340326,-1.0871184953558295,-1.0871184953558295,-1.0871184953558295,-1.0871184953558295,-0.527471086110542,-0.5093598440370597,-0.5093598440370597,-0.527471086110542,-0.527471086110542,-0.5093598440370597,-0.5093598440370597,-0.527471086110542
-1.6569173895015616,-1.6199421226296797,2.2683322125810905,-0.37431611061486514,2.302915840520602,-0.23650615212370685,2.237673097320065,-0.37782432064491545,-1.4125289484509187,-1.6413690074052516,-1.4136554771915426,-1.684235065534578,-2.5886608644509668,-2.230139226430422,-0.18296120618502076,-0.5656339386343427,-1.1862096800070399,1.8622007646222132,-0.3793263582365869,-0.2304327954425771,-1.5684609425742622,-1.322849168413705,-2.012312455133493,-2.0325305030620555,0.7575939215034397,-0.35915202104619404,2.1817229430422787,3.364847682166478,2.965660461559904,4.016498636388669,2.5644187434623804,3.7080063376327344,1.3520748177480106,0.25754060127851464,0.9965697801950624,0.5528740540120696,-1.03729115505607,0.22237095509279747,3.5765073441413096,4.378820204289926,3.49257495912011,4.240419861485187,3.8381512572112326,4.57048763695849,-1.4663188924641632,0.6996749677714709,-0.6307270748800082,0.47971193649223576,2.0247668641935057,-1.7941411680653294,2.0391144954637337,-0.34686578904545495,2.5784669455508125,3.139387483413546,2.8938181944617964,3.6779151906760825,2.793466348624329,1.7814101313703192,2.578097482977644,0.6196158872020083,-2.3840400206502386,1.6598738309260623,0.5284749696307918,-0.29442415389336407,-1.404344931328601,-1.7825853931476185,1.421373218501354,2.4248157447534284,0.3893883330096779,0.1772509493598804,2.261097308108785,-0.016005932564592484,-1.127902126600632,-1.127902126600632,-1.127902126600632,-1.127902126600632,-0.7284441252082701,-0.5832733528869429,-0.5832733528869429,-0.7284441252082701,-0.7284441252082701,-0.5832733528869429,-0.5832733528869429,-0.7284441252082701,-1.0952942096208576,-1.0952942096208576,-1.0952942096208576,-1.0952942096208576,-0.5624132025682194,-0.5425169248964847,-0.5425169248964847,-0.5624132025682194,-0.5624132025682194,-0.5425169248964847,-0.5425169248964847,-0.5624132025682194
-1.3448285238301771,-1.9823379478491399,2.1114520306026323,-0.10778490188074841,2.1578345505353917,-0.006958157722890768,2.089146905182763,-0.1531300461952565,-1.0588869453954945,-2.0092415585773074,-1.1213277231375063,-2.054876800719847,-3.0225493615450043,-1.9374719368612032,-0.3825540619480652,-0.7604946582740348,-1.195874290042421,1.3388136677794984,-0.5615870188438201,-0.23711575583842048,-1.9025057051510972,-0.9737867881333164,-2.395094867663377,-1.5068814223354234,0.7658466660120018,-0.0725886999548111,2.687141287805427,3.349557971634689,3.3109930436048893,4.142453706381404,2.9163744389484956,3.8268646807247437,1.8820796430092495,0.463323536075948,1.065252918030196,0.7903003809279019,-1.4215297825480624,0.41445601518242103,4.207316156691335,5.40995366027562,3.9518977595277205,5.257176126062384,4.2543630753741075,5.577880211113459,-1.6102452940431125,0.6787338150402649,-0.9533808233614733,0.2901671602457325,2.310101951274725,-1.3705057438685717,2.0022261316757453,-0.14981011565733748,2.346969376343055,3.5999549031982765,2.6031792732945833,4.302398814023108,2.9543674090150924,2.266222981752283,2.549004408637024,1.4448304068804552,-1.5152132673824514,1.4520530685909856,0.5423508957940397,0.014297386914416066,-0.5519958456864549,-1.224324083408466,1.5360504286275019,2.140417045247319,0.505399242869423,0.40056987111709486,2.413075112246852,0.07841009218683848,-1.1020246660559012,-1.1020246660559012,-1.1020246660559012,-1.1020246660559012,-0.7123470170597415,-0.6198026653932134,-0.6198026653932134,-0.7123470170597415,-0.7123470170597415,-0.6198026653932134,-0.6198026653932134,-0.7123470170597415,-1.061332467639403,-1.061332467639403,-1.061332467639403,-1.061332467639403,-0.5597029704546896,-0.5434232832680674,-0.5434232832680674,-0.5597029704546896,-0.5597029704546896,-0.5434232832680674,-0.5434232832680674,-0.5597029704546896
-1.5068467787152842,-1.7252991091727066,1.8661718352227643,-0.04287834045299643,1.9170488454771446,0.10196277784058783,1.856515842763132,-0.05508902142854666,-1.2309930827009161,-1.7910261262154736,-1.2998743513543394,-1.8116889017777833,-3.2075969171023666,-2.5104239795121064,-0.3676394395431464,-0.7705763919183806,-1.2095128403444435,1.5954304790481109,-0.5230401189022418,-0.40557053048522107,-2.299853303565315,-1.7933365936311993,-2.484617344909868,-2.135663155304411,0.4235380086385456,-0.2986854902063367,2.540523869255016,2.9025707109123626,3.4494426852766047,3.5800613433122717,3.0394710688907516,3.2689530733736607,1.7113669114646886,-0.06459432290573908,0.8627363860889607,0.37263049715113983,-0.9429798583692288,-0.05950677852351838,3.5052470296057523,5.239761341287167,3.3701564050998893,5.040906837202671,3.6012358055736886,5.317874258769402,-1.2326982688146,0.26125813349066185,-0.49372043797262277,0.05749507820278943,1.7922819674482842,-1.8209032774044358,1.7581764045722332,-0.4015707074330983,2.1656621147057065,3.4238378397198463,2.3721269468928377,4.028031578496169,2.704066584850402,2.219262399249672,2.2708866543473185,1.3575855211235908,-1.3303369584079885,0.9520971297746925,0.21811743811241513,-0.05931024082292957,-0.6513710876518917,-0.9413490402111644,1.219201728101794,1.7392139403630154,0.22431015701697188,0.12388317250928438,2.3980325938155067,-0.06863296647703976,-1.1115397310301,-1.1115397310301,-1.1115397310301,-1.1115397310301,-0.7747701171120047,-0.6379844824618894,-0.6379844824618894,-0.7747701171120047,-0.7747701171120047,-0.6379844824618894,-0.6379844824618894,-0.7747701171120047,-1.0877622667550506,-1.0877622667550506,-1.0877622667550506,-1.0877622667550506,-0.5478208689031661,-0.5360450185736276,-0.5360450185736276,-0.5478208689031661,-0.5478208689031661,-0.5360450185736276,-0.5360450185736276,-0.5478208689031661
-1.3105351574404356,-1.4121080907106363,2.0808492612835554,-0.23432827848822058,2.14650140951686,-0.02447636476564874,2.0556719508480157,-0.20771489720161007,-1.015541207734592,-1.4593954426708393,-1.1643624411985245,-1.5306468461516207,-3.399189561592844,-1.9718584881073449,-0.24474801356803866,-1.0511167830618495,-1.4225549362786696,-0.01321674076697299,-0.632577964164958,-0.29304158397544633,-1.9650607990054212,-1.161595743723912,-2.645737362801839,-1.4048262336868476,0.4460059636604399,0.46828746388774256,1.1980329939006449,3.137440975416716,1.6667839328878955,3.488451993694273,1.0999633163012579,3.3633299210790053,2.1461342025005283,0.12670357059123738,1.3241802564817675,0.7328145767784768,-0.9224175227323741,-0.5115161028249036,2.8211904910822607,4.435150471256959,2.9222356715521958,4.484221105953791,2.9940872302588133,4.708658544617466,-1.277402703158887,0.16268961323062392,-0.6285581851374831,-0.6038752301623225,2.6298706409006805,-2.1349011475419717,1.6349501218330484,-0.8215944055399973,2.248031567534932,4.488153836443185,1.9879334577299517,3.9088617813482056,3.5618806611386287,3.1711796542396513,2.8310697253247135,1.3611008558977424,-1.5642329220812607,0.8607539863721261,1.1607931233245061,-1.0104377186849547,-0.10066815586394995,-1.3561507106782331,1.2497089972435305,1.671964868682469,0.7467284151618578,0.36837072714937413,1.833524639618938,-0.22299668329888966,-1.1433404056798366,-1.1433404056798366,-1.1433404056798366,-1.1433404056798366,-0.7229973996595618,-0.6500597039919986,-0.6500597039919986,-0.7229973996595618,-0.7229973996595618,-0.6500597039919986,-0.6500597039919986,-0.7229973996595618,-1.0453635873498675,-1.0453635873498675,-1.0453635873498675,-1.0453635873498675,-0.5117328161682426,-0.5060163103656325,-0.5060163103656325,-0.5117328161682426,-0.5117328161682426,-0.5060163103656325,-0.5060163103656325,-0.5117328161682426
-1.5744321930056753,-1.8365850074156351,2.3820049852343095,-0.2945690706915185,2.361063853698564,-0.1621173492473975,2.3034224064774707,-0.3333511416453332,-1.3088036022191174,-1.855820772585096,-1.3761982575058611,-1.9434091222982222,-3.194175455003613,-2.2807335771308717,-0.3458365137537518,-0.9813268119306917,-1.4887169694510227,1.7733179719460583,-0.6210965212488428,-0.5933151420846103,-2.266424411884383,-1.6090181797835545,-2.5477099122775524,-1.8845816309496115,0.16456255369900052,-0.25112951308726394,2.022980765753384,3.493348991426621,3.0306994485714727,4.039056994710797,2.5561536663978,3.7084703248490767,1.4577125692308224,0.5028192610226947,0.5387852694851896,0.6918258664595189,-1.174996747854932,-0.07832102774008654,3.673037595825952,5.008476228848845,3.7053369909959395,4.7241795928219,3.942363511189831,5.083926974470766,-1.7967567343552462,0.4424608144362878,-0.9171991668985289,0.02792634822133877,2.3970072493148047,-2.104180378245333,1.8755767774400445,-0.4040288724585439,2.214617626044193,3.222693283850819,2.3938140334628812,4.2439591445047276,3.188475068101302,1.8286744955529635,2.644827976797683,1.2628705411337444,-1.9341692217480553,1.1153259449668251,0.5700437743511868,-0.8710505612572135,-0.9143048273125958,-1.5302668499297702,1.069353928521644,1.7276279287305867,0.3848734729086303,0.2874022323482217,2.012587727982458,-0.5641945107788162,-1.1159322441046955,-1.1159322441046955,-1.1159322441046955,-1.1159322441046955,-0.7048287819835162,-0.5925485580314023,-0.5925485580314023,-0.7048287819835162,-0.7048287819835162,-0.5925485580314023,-0.5925485580314023,-0.7048287819835162,-1.0656491720577819,-1.0656491720577819,-1.0656491720577819,-1.0656491720577819,-0.5113652370249078,-0.5047045868470699,-0.5047045868470699,-0.5113652370249078,-0.5113652370249078,-0.5047045868470699,-0.5047045868470699,-0.5113652370249078
-1.0569675183548766,-2.1657230583243807,2.6599859455487964,-0.7702416929825331,2.6393445795826915,-0.6062045910908136,2.5850227990367793,-0.7788043665357236,-0.8149673887310875,-2.1917635652314416,-0.8472871385671192,-2.2669641936186524,-3.779459046065089,-1.6579113391665468,-0.3662076919807893,-0.5587112140820931,-1.7112615914848601,2.1190474673624555,-0.5939214201037393,-0.16796329736725202,-2.7322978686993693,-0.936132512470615,-3.0720521282643833,-1.3144141956259556,0.35126433636776255,-0.05870069550983903,1.8159557652024167,3.8838216209426344,2.8672266342882695,4.313513746278743,2.394934024175858,4.044021211388647,1.4665275180999897,0.24587147607432147,0.6175846817987614,0.6628684046054873,-0.9705837303794347,0.3150611879171059,3.3878885335105826,5.091504679873824,3.381461794776528,4.842001173384818,3.6042649931267308,5.1688774687065004,-1.551543098975769,0.8651821340211567,-0.6982094878697627,0.6227930403849182,2.1089773548026116,-2.019620796466755,1.6582441931940872,-0.34060238955556965,2.2399388902283794,3.167034102758108,2.2825413975731736,4.173841051663428,3.121902613681619,1.7300196340909073,2.401897842156262,1.273889667780593,-1.7165436467121897,1.1387713838376126,0.8182240391086246,-0.4803172143804124,-0.5884869603973266,-1.0708785933065341,1.2049762493274105,1.683251260787026,0.539609997906112,0.43782093019013146,2.172358726370173,-0.37842191461259844,-1.1129315288961843,-1.1129315288961843,-1.1129315288961843,-1.1129315288961843,-0.7250261627096322,-0.6320795631813647,-0.6320795631813647,-0.7250261627096322,-0.7250261627096322,-0.6320795631813647,-0.6320795631813647,-0.7250261627096322,-1.0797079853133296,-1.0797079853133296,-1.0797079853133296,-1.0797079853133296,-0.5229935885146437,-0.5154653609610795,-0.5154653609610795,-0.5229935885146437,-0.5229935885146437,-0.5154653609610795,-0.5154653609610795,-0.5229935885146437
-1.5024176090629906,-1.9215657633402277,2.310457514484505,-0.32823324219835737,2.303448037970722,-0.20804917983701987,2.2490846447337836,-0.37211986342422243,-1.193776336343964,-1.9883954924002172,-1.267152931630057,-2.019326302728659,-2.9438736678075204,-2.303663220309826,-0.07675185021829023,-0.9348861184271229,-1.4169218292937327,1.6998759918335091,-0.34013636154216,-0.4061626610706872,-2.0953290735760817,-1.2485144863556048,-2.505931381690772,-1.7267275754504734,0.47670602260435135,-0.27985923058314643,1.9619396690925104,3.7906141881883615,2.9441136429186816,4.314664502022471,2.5363343043705093,3.9942415435552396,1.615762737647949,0.5044834737431474,0.8291124431075279,0.6616874393726082,-1.197584995954676,0.08867037509519893,3.985496313721458,4.758103884996289,4.011741502037014,4.493905955950686,4.256882262513538,4.792285153527659,-1.5517342666775447,0.5673686008900294,-0.8466451020190142,0.2148882764380433,2.113351785492603,-1.7237046321901097,1.652194330121409,-0.07840775287149615,2.2744175515555947,3.4824556595428886,2.5292068366395357,4.338217576341129,3.007624352477557,2.0323416259422276,2.6526082759283494,1.2526917860668965,-1.8072471214050356,1.3830132414332965,0.6935541426693819,-0.569336553721743,-0.7105701449600481,-1.213217323744943,1.276260491106572,1.9319630170058062,0.5221242765543535,0.40499431687295573,2.1786700261594607,-0.24547712344154693,-1.124823992889906,-1.124823992889906,-1.124823992889906,-1.124823992889906,-0.6984858386676391,-0.5887285177622132,-0.5887285177622132,-0.6984858386676391,-0.6984858386676391,-0.5887285177622132,-0.5887285177622132,-0.6984858386676391,-1.0756162283310156,-1.0756162283310156,-1.0756162283310156,-1.0756162283310156,-0.5324676346507493,-0.5132707626253463,-0.5132707626253463,-0.5324676346507493,-0.5324676346507493,-0.5132707626253463,-0.5132707626253463,-0.5324676346507493
-1.6562925946940563,-2.0538747231912833,2.75379059942407,-0.744250213083526,2.7360191572501673,-0.5598656588423054,2.679150859844963,-0.7211069217993256,-1.4060320210698922,-1.9922617781864123,-1.3779987797743898,-2.073909694663782,-3.3547562330504874,-1.8965700476942784,-0.5140874698802751,-0.9014945999634207,-1.7270926895565797,1.2705902246665683,-0.5159246992334392,-0.18612873955022202,-2.1498409409760564,-1.066209094761982,-2.7414188931749166,-1.5925816370910901,-0.006290380542532503,0.1403882902453244,2.3419874406789916,4.284763277816257,3.4252099536840195,4.914969156175072,2.975354468697807,4.670574612855662,1.7342563268449371,1.0089187105299136,0.29897186503973394,1.1513952708190747,-1.0512131021899283,0.9157179308746262,4.047030265577355,5.180321104775526,3.9662902552228676,4.989910042264279,4.258738035187305,5.353823846236121,-1.6547714844475765,1.409770814787132,-0.8684897412584185,1.2660261538784763,3.196684682079683,-1.736420009608329,2.2312682697463995,0.07700244691625091,2.612562958041451,3.3432433524742873,2.631426753831766,4.573457166686305,3.7017247725766804,1.4814938830955011,2.976575959271498,1.3403889423767748,-1.5885852370937208,1.5563067670639832,0.7145546215777738,-0.560619069972736,-0.6242574732798634,-1.3260198060697554,1.5851847440466038,1.9062802164938422,0.8230422050349357,0.6409333163208419,2.3533024402107916,-0.11107487582235542,-1.0839642633055053,-1.0839642633055053,-1.0839642633055053,-1.0839642633055053,-0.6282418977698825,-0.5326648585039555,-0.5326648585039555,-0.6282418977698825,-0.6282418977698825,-0.5326648585039555,-0.5326648585039555,-0.6282418977698825,-1.061332338574342,-1.061332338574342,-1.061332338574342,-1.061332338574342,-0.513338215075068,-0.504692121724581,-0.504692121724581,-0.513338215075068,-0.513338215075068,-0.504692121724581,-0.504692121724581,-0.513338215075068
-1.4683874507503476,-1.9540421635041438,2.464531084515353,-0.46545417816291046,2.447148384181382,-0.30392566966179846,2.394185342611932,-0.4764514827245918,-1.1856874899801273,-1.9975318936619244,-1.2233826041395726,-2.039331668688044,-3.2492576681889918,-2.1165535389371573,-0.283684291065768,-0.835169794703543,-1.328068675904341,1.7058071950663916,-0.510364833086026,-0.3484463857440039,-2.270313040631581,-1.189227368264171,-2.7130723045922966,-1.6636256630834474,0.40728013255189843,-0.3045435422768481,1.8591459646517166,3.8275131377766716,2.860932986458037,4.345467047153091,2.431559622941429,4.041602218232184,1.6027038342817441,0.40255582989340244,0.7682674553244349,0.6544118197212203,-1.196340568952162,0.08200996908466784,3.799648217924302,4.953863190977247,3.8245392570805556,4.654523332341368,4.072284012715729,4.976442648277839,-1.6539080566815816,0.5800707967106824,-0.8944197648076733,0.273655544234801,2.1219855976211903,-1.772701156801137,1.634653864593341,-0.052731771982958975,2.211755932963225,3.594274215123166,2.436839053152461,4.506014905162623,3.0550224651886717,2.0430165297324,2.5578732344075226,1.3681878123257398,-1.9521771728310795,1.3641617321141037,0.7283231945017157,-0.6489714201929022,-0.7941538786925602,-1.306874820367482,1.24881879922693,1.8935485597216228,0.5197812929501531,0.3928496033739304,2.1560947496506913,-0.3249412550447639,-1.1161878901292996,-1.1161878901292996,-1.1161878901292996,-1.1161878901292996,-0.6882761744771382,-0.5809373439001746,-0.5809373439001746,-0.6882761744771382,-0.6882761744771382,-0.5809373439001746,-0.5809373439001746,-0.6882761744771382,-1.081367001587318,-1.081367001587318,-1.081367001587318,-1.081367001587318,-0.5203072175273746,-0.5045677068672791,-0.5045677068672791,-0.5203072175273746,-0.5203072175273746,-0.5045677068672791,-0.5045677068672791,-0.5203072175273746
-1.3516053825624854,-2.1700615370993455,2.760125516456873,-0.6650512631801817,2.736894678880458,-0.502969796741108,2.689409928049261,-0.6692953871032294,-1.0645335427563758,-2.18986691457944,-1.102051412075788,-2.237658636936392,-3.4915452682440473,-1.8739367136353442,-0.290943449445181,-0.750754945183866,-1.3804760503282534,1.7058982844238182,-0.5397152381304604,-0.26981179993884563,-2.490370953518017,-0.9771323072403528,-2.9781090222221804,-1.4526564628427048,0.3248765998625114,-0.3073791975319784,1.7763303786684945,4.006933627982568,2.748314463051389,4.502098730870155,2.311236035611251,4.190668081357317,1.5676835624200498,0.4134704545409198,0.707928808298731,0.7625663452292581,-1.159300266567803,0.2013975158750947,3.7464154091936974,4.877780529960302,3.757748242610746,4.643029652132532,4.020814665133012,4.975619102994233,-1.6296835837034234,0.7506007520674025,-0.8570276596129913,0.5158502672479521,2.085351233210763,-1.8216072322457535,1.7007605387907185,-0.05234366941057189,2.3861873704375904,3.7395561865129414,2.5131803493541094,4.524116047306392,3.1437542580761333,2.1181386097146477,2.549405292697256,1.2413018372301847,-2.12532035978371,1.3154746235857582,0.923917027839094,-0.8882306693257407,-0.8329885051936463,-1.427311425397349,1.1130704959360225,1.8286169518578435,0.6800653649648263,0.5496727289011138,1.9368418541375805,-0.5575853681078549,-1.0942222287837113,-1.0942222287837113,-1.0942222287837113,-1.0942222287837113,-0.6526801452777464,-0.5582064505317197,-0.5582064505317197,-0.6526801452777464,-0.6526801452777464,-0.5582064505317197,-0.5582064505317197,-0.6526801452777464,-1.0878137510490413,-1.0878137510490413,-1.0878137510490413,-1.0878137510490413,-0.5217661285597286,-0.5078682188731802,-0.5078682188731802,-0.5217661285597286,-0.5217661285597286,-0.5078682188731802,-0.5078682188731802,-0.5217661285597286
-1.3557692322875576,-2.075368162754894,2.4982535883531893,-0.418718486240091,2.470528977231483,-0.31764680791762423,2.423659018181966,-0.47018473114385007,-1.0791190590560413,-2.116222320274954,-1.109525388263819,-2.156518603202857,-3.4158177127768257,-1.8706569249028622,-0.3274737659278619,-0.8284940638655982,-1.5558820312258832,1.6057085769312787,-0.5363643703696237,-0.2906131531412406,-2.3654287761489856,-1.0057493341601491,-2.8646823990017722,-1.5194967468526723,0.26121496891234575,-0.12453510781215282,2.016231771840034,3.7761600519109235,2.927382621205896,4.26347095722337,2.4976550458915048,4.016388552879671,1.5480473657056226,0.41120927756384074,0.6890128606815136,0.7535130166728097,-1.2972190201895444,0.139415794762213,3.874787717558294,5.544489722068321,3.7655582278194943,5.20503925343552,4.0636188605936985,5.561724940636256,-1.814802131722014,0.6196301553402144,-0.9911608786804083,0.2449737289792191,2.3709305702322263,-2.0593843496385054,1.7236934895534297,-0.24995404224195195,2.15546397644652,3.4406909804659724,2.2862641392718936,4.434681240039313,3.15338214231192,1.8081768408690655,2.5173574777993313,1.23453540385428,-1.8278579767796623,1.2004104654535963,0.4956372924270829,-0.47114705183054717,-0.6992824166194991,-1.3623668451455635,1.2102296691178491,1.7870420050339897,0.27462910353911685,0.09574135305589682,2.3743106921076516,-0.14043102758646242,-1.1074750080617823,-1.1074750080617823,-1.1074750080617823,-1.1074750080617823,-0.6929918425345312,-0.5959295390097683,-0.5959295390097683,-0.6929918425345312,-0.6929918425345312,-0.5959295390097683,-0.5959295390097683,-0.6929918425345312,-1.0763883021912521,-1.0763883021912521,-1.0763883021912521,-1.0763883021912521,-0.5183699567918838,-0.506819051962899,-0.506819051962899,-0.5183699567918838,-0.5183699567918838,-0.506819051962899,-0.506819051962899,-0.5183699567918838
-1.2755994244217614,-2.0274376319424126,2.801885424653208,-0.7378922660125928,2.7830994112681067,-0.5773944374331839,2.7426063701577537,-0.7438766290514476,-1.0318708895702384,-2.1073947962351394,-1.0412928576187808,-2.1274772993342292,-3.285144970787873,-2.049149389706447,-0.10377564665067496,-0.6658198323021836,-1.4547950895442225,2.0261016295318477,-0.45968926196073845,-0.2607923073797904,-2.426574602351116,-1.210858221294826,-2.828173099450537,-1.595822444741192,0.3129064104587638,-0.2459943739744732,1.645443985386609,4.101412522626199,2.604035138566097,4.455438152821659,2.2020413208272123,4.1445950730340035,1.4658452120463314,0.48394670645175264,0.6409033811626772,0.781268422636308,-1.0712814273199713,0.3509525247090588,3.5906935619225573,4.796304787806245,3.6683054826529373,4.574919094660536,3.8778609626349683,4.869205291568522,-1.5684330493174143,0.9553065281277018,-0.7866404263815703,0.6248433891394436,1.9743996595467923,-1.7839119093290048,1.8813755053186343,-0.10084839595647921,2.578345065476949,3.718680578772285,2.876792804833811,4.322926019827274,3.063663750686173,2.2772161615092097,2.605975934540597,1.2300628826824491,-2.059166424312068,1.3697542510175973,1.0670178921106288,-0.7787146287895865,-0.960019438103286,-1.3023219466058866,1.21319949518909,1.9632627469851789,0.6808384158771501,0.587521625151779,2.0731884982741144,-0.4557462199872475,-1.1502390270733178,-1.1502390270733178,-1.1502390270733178,-1.1502390270733178,-0.7176152067619688,-0.6051015036332652,-0.6051015036332652,-0.7176152067619688,-0.7176152067619688,-0.6051015036332652,-0.6051015036332652,-0.7176152067619688,-1.0769565173106872,-1.0769565173106872,-1.0769565173106872,-1.0769565173106872,-0.5208459193693153,-0.5012112726277094,-0.5012112726277094,-0.5208459193693153,-0.5208459193693153,-0.5012112726277094,-0.5012112726277094,-0.5208459193693153
